
> oi-site@0.1.0 build:public
> npm run build:library && npm run build:essay-quartz && tsc -p tsconfig.public.json && vite build --config vite.public.config.ts && node write-vercel-deploy-config.mjs


> oi-site@0.1.0 build:library
> node build-library.mjs && node build-publications.mjs && node build-essay-browser.mjs && node prepare-public-assets.mjs

Library: 10 native site editions, 55 exact Scenes; sha256:f68a9fe565705a2de1c83b4b40144649d7f1bcb3cb0c76cf225de95dc6aca3d4
Native Library: 0 public subjects; 0 revisioned publications. No live subscription.
Essay browser: 874 pages from b2b5b7061058 → public/essay-shell
{
  Rooms: 239,
  Symbolon: 14,
  Matheme: 93,
  Mytheme: 148,
  Episteme: 378,
  Manuscript: 1
}
Public assets: 14 declared edition files; approved editorial media. Development demo datasets excluded.

> oi-site@0.1.0 build:essay-quartz
> node build-essay-quartz.mjs


 Quartz v4.5.2  

Cleaned output directory `/Users/admin/Central/Work/O-I/site/.publication-verification/site/.public-edition/essay` in 29ms
Found 874 input files from `content` in 302ms
Parsing input files using 4 threads

Warning: content/section-rooms/arguments/concepts/C23-Severance.md isn't yet tracked by git, dates will be inaccurate

Warning: content/symbolon/episteme/maps/navigation/intents/episteme-sources--process-systems-theory.md isn't yet tracked by git, dates will be inaccurate

Warning: content/symbolon/episteme/aphorisms/site-a6-portal-doorway-close.md isn't yet tracked by git, dates will be inaccurate

Warning: content/symbolon/episteme/aphorisms/site-b1-intro-station.md isn't yet tracked by git, dates will be inaccurate

Warning: content/section-rooms/arguments/concepts/C24-Fusion.md isn't yet tracked by git, dates will be inaccurate

Warning: content/section-rooms/arguments/concepts/C25-Counterfeit-Gathering.md isn't yet tracked by git, dates will be inaccurate

Warning: content/symbolon/episteme/maps/navigation/intents/episteme-sources--psychology.md isn't yet tracked by git, dates will be inaccurate

Warning: content/symbolon/episteme/aphorisms/site-b2-m5-0-cosmology-gnostic-library.md isn't yet tracked by git, dates will be inaccurate

Warning: content/THE-RETURN-OF-ZERO.md isn't yet tracked by git, dates will be inaccurate

Warning: content/section-rooms/arguments/concepts/C26-Monoisation-Counter-Generation.md isn't yet tracked by git, dates will be inaccurate

Warning: content/symbolon/episteme/aphorisms/site-b3-m5-1-thesis-canon-studio.md isn't yet tracked by git, dates will be inaccurate

Warning: content/symbolon/episteme/maps/navigation/intents/episteme-sources--religion-theology.md isn't yet tracked by git, dates will be inaccurate

Warning: content/section-rooms/arguments/concepts/C27-Protected-Account-Occupied-Zero-Source-Claim.md isn't yet tracked by git, dates will be inaccurate

Warning: content/symbolon/episteme/aphorisms/site-b4-m5-2-stack-backend-studio.md isn't yet tracked by git, dates will be inaccurate

Warning: content/symbolon/episteme/maps/navigation/intents/episteme-sources--root.md isn't yet tracked by git, dates will be inaccurate

Warning: content/section-rooms/arguments/concepts/C28-Covenant-Primary-Arbitration.md isn't yet tracked by git, dates will be inaccurate

Warning: content/symbolon/episteme/aphorisms/site-b5-m5-3-instrument-theia-workshop.md isn't yet tracked by git, dates will be inaccurate

Warning: content/symbolon/episteme/maps/navigation/intents/episteme-sources.md isn't yet tracked by git, dates will be inaccurate

Warning: content/symbolon/episteme/aphorisms/site-b6-m5-4-agents-agentic-control-room.md isn't yet tracked by git, dates will be inaccurate

Warning: content/section-rooms/arguments/concepts/C29-Mediating-Office-Derivative-Sovereignty.md isn't yet tracked by git, dates will be inaccurate

Warning: content/symbolon/episteme/maps/navigation/intents/essay.md isn't yet tracked by git, dates will be inaccurate

Warning: content/symbolon/episteme/aphorisms/site-b7-m5-5-cycle-logos-atelier.md isn't yet tracked by git, dates will be inaccurate

Warning: content/section-rooms/arguments/concepts/C30-Psychoid-Number.md isn't yet tracked by git, dates will be inaccurate

Warning: content/symbolon/episteme/maps/navigation/intents/matheme--computation.md isn't yet tracked by git, dates will be inaccurate

Warning: content/symbolon/episteme/aphorisms/site-b8-self-across-traditions.md isn't yet tracked by git, dates will be inaccurate

Warning: content/section-rooms/arguments/concepts/C31-Complex.md isn't yet tracked by git, dates will be inaccurate

Warning: content/symbolon/episteme/aphorisms/site-b9-blank-station-return.md isn't yet tracked by git, dates will be inaccurate

Warning: content/symbolon/episteme/maps/navigation/intents/matheme--definition.md isn't yet tracked by git, dates will be inaccurate

Warning: content/section-rooms/arguments/concepts/C32-Archetype.md isn't yet tracked by git, dates will be inaccurate

Warning: content/symbolon/episteme/aphorisms/site-c1-grammar-page-intro.md isn't yet tracked by git, dates will be inaccurate

Warning: content/symbolon/episteme/maps/navigation/intents/matheme--dia-syn.md isn't yet tracked by git, dates will be inaccurate

Warning: content/section-rooms/arguments/concepts/C33-Image-Valuation.md isn't yet tracked by git, dates will be inaccurate

Warning: content/symbolon/episteme/aphorisms/site-c2-what-ql-is.md isn't yet tracked by git, dates will be inaccurate

Warning: content/index.md isn't yet tracked by git, dates will be inaccurate

Warning: content/symbolon/episteme/maps/navigation/intents/matheme--diagrams.md isn't yet tracked by git, dates will be inaccurate

Warning: content/section-rooms/arguments/concepts/C34-Individuation.md isn't yet tracked by git, dates will be inaccurate

Warning: content/symbolon/episteme/aphorisms/site-c3-the-giving.md isn't yet tracked by git, dates will be inaccurate

Warning: content/section-rooms/00-integral-threshold/P1-CANONICAL-ALIGNMENT.md isn't yet tracked by git, dates will be inaccurate

Warning: content/symbolon/episteme/maps/navigation/intents/matheme--formal-neighbours.md isn't yet tracked by git, dates will be inaccurate

Warning: content/section-rooms/arguments/concepts/C35-Selfing-Self-Subjectivity-Self-Thing.md isn't yet tracked by git, dates will be inaccurate

Warning: content/symbolon/episteme/aphorisms/site-c4-positions-in-depth.md isn't yet tracked by git, dates will be inaccurate

Warning: content/section-rooms/00-integral-threshold/READING-00-integral-threshold.md isn't yet tracked by git, dates will be inaccurate

Warning: content/symbolon/episteme/maps/navigation/intents/matheme--harmonics.md isn't yet tracked by git, dates will be inaccurate

Warning: content/section-rooms/arguments/concepts/C36-Complexio-Oppositorum.md isn't yet tracked by git, dates will be inaccurate

Warning: content/symbolon/episteme/aphorisms/site-c5-the-lenses.md isn't yet tracked by git, dates will be inaccurate

Warning: content/section-rooms/00-integral-threshold/ROOM-00-integral-threshold.md isn't yet tracked by git, dates will be inaccurate

Warning: content/symbolon/episteme/maps/navigation/intents/matheme--mono-poly.md isn't yet tracked by git, dates will be inaccurate

Warning: content/section-rooms/arguments/concepts/C37-World-Picture-to-World-Atlas.md isn't yet tracked by git, dates will be inaccurate

Warning: content/symbolon/episteme/aphorisms/site-c6-the-harmonics.md isn't yet tracked by git, dates will be inaccurate

Warning: content/section-rooms/00-integral-threshold/movements/01-s01-p0-question-before-mechanism.md isn't yet tracked by git, dates will be inaccurate

Warning: content/symbolon/episteme/aphorisms/site-c7-orchestration-note.md isn't yet tracked by git, dates will be inaccurate

Warning: content/section-rooms/arguments/concepts/C38-Bimba-Pratibimba-Bimba-Map.md isn't yet tracked by git, dates will be inaccurate

Warning: content/symbolon/episteme/maps/navigation/intents/matheme--music.md isn't yet tracked by git, dates will be inaccurate

Warning: content/section-rooms/00-integral-threshold/movements/02-s01-p1-define-subject.md isn't yet tracked by git, dates will be inaccurate

Warning: content/symbolon/episteme/aphorisms/site-c8-closing.md isn't yet tracked by git, dates will be inaccurate

Warning: content/section-rooms/arguments/concepts/C39-Meta-Epistemic-Framework.md isn't yet tracked by git, dates will be inaccurate

Warning: content/section-rooms/00-integral-threshold/movements/03-s01-p2-definition-cut-gift-danger.md isn't yet tracked by git, dates will be inaccurate

Warning: content/symbolon/episteme/maps/navigation/intents/matheme--process.md isn't yet tracked by git, dates will be inaccurate

Warning: content/section-rooms/00-integral-threshold/movements/04-s01-p3-formal-limit-genealogy.md isn't yet tracked by git, dates will be inaccurate

Warning: content/section-rooms/arguments/concepts/C40-Model-Internality-Judgment-Field.md isn't yet tracked by git, dates will be inaccurate

Warning: content/symbolon/episteme/aphorisms/site-content-passages-june-15-21.md isn't yet tracked by git, dates will be inaccurate

Warning: content/symbolon/episteme/maps/navigation/intents/matheme--ql.md isn't yet tracked by git, dates will be inaccurate

Warning: content/symbolon/episteme/atlas/README.md isn't yet tracked by git, dates will be inaccurate

Warning: content/section-rooms/arguments/concepts/C41-Objective-Internality.md isn't yet tracked by git, dates will be inaccurate

Warning: content/section-rooms/00-integral-threshold/movements/05-s01-p4-gebser-diaphaneity.md isn't yet tracked by git, dates will be inaccurate

Warning: content/section-rooms/00-integral-threshold/movements/06-s01-p5-return-zero.md isn't yet tracked by git, dates will be inaccurate

Warning: content/symbolon/episteme/dossiers/README.md isn't yet tracked by git, dates will be inaccurate

Warning: content/symbolon/episteme/maps/navigation/intents/matheme--quilt.md isn't yet tracked by git, dates will be inaccurate

Warning: content/section-rooms/arguments/concepts/C42-Objective-Co-Internality.md isn't yet tracked by git, dates will be inaccurate

Warning: content/section-rooms/01-differentiating-mind/P1-CANONICAL-ALIGNMENT.md isn't yet tracked by git, dates will be inaccurate

Warning: content/symbolon/episteme/dossiers/bohm.md isn't yet tracked by git, dates will be inaccurate

Warning: content/section-rooms/arguments/concepts/C43-Computational-Vimarsa.md isn't yet tracked by git, dates will be inaccurate

Warning: content/symbolon/episteme/maps/navigation/intents/matheme--root.md isn't yet tracked by git, dates will be inaccurate

Warning: content/section-rooms/01-differentiating-mind/ROOM-01-differentiating-mind.md isn't yet tracked by git, dates will be inaccurate

Warning: content/section-rooms/arguments/concepts/C44-Prompt-Thrownness.md isn't yet tracked by git, dates will be inaccurate

Warning: content/symbolon/episteme/maps/navigation/intents/matheme--spanda.md isn't yet tracked by git, dates will be inaccurate

Warning: content/symbolon/episteme/dossiers/formal-limit.md isn't yet tracked by git, dates will be inaccurate

Warning: content/section-rooms/arguments/concepts/C45-Operational-Parity.md isn't yet tracked by git, dates will be inaccurate

Warning: content/symbolon/episteme/maps/navigation/intents/matheme--topology.md isn't yet tracked by git, dates will be inaccurate

Warning: content/section-rooms/01-differentiating-mind/movements/07-s0-p0-awareness-bends-display.md isn't yet tracked by git, dates will be inaccurate

Warning: content/symbolon/episteme/maps/navigation/intents/matheme.md isn't yet tracked by git, dates will be inaccurate

Warning: content/symbolon/episteme/dossiers/indian-philosophy.md isn't yet tracked by git, dates will be inaccurate

Warning: content/section-rooms/arguments/concepts/C46-Epistemic-Cultivation.md isn't yet tracked by git, dates will be inaccurate

Warning: content/section-rooms/01-differentiating-mind/movements/08-s0-p1-inner-instrument.md isn't yet tracked by git, dates will be inaccurate

Warning: content/section-rooms/arguments/concepts/C47-Deferential-Intelligence.md isn't yet tracked by git, dates will be inaccurate

Warning: content/section-rooms/01-differentiating-mind/movements/09-s0-p2-vikalpa-samkalpa.md isn't yet tracked by git, dates will be inaccurate

Warning: content/symbolon/episteme/dossiers/jung-pauli-psychoid.md isn't yet tracked by git, dates will be inaccurate

Warning: content/section-rooms/arguments/concepts/C48-Trust-Faith-under-Formal-Limit.md isn't yet tracked by git, dates will be inaccurate

Warning: content/section-rooms/01-differentiating-mind/movements/10-s0-p3-apoha.md isn't yet tracked by git, dates will be inaccurate

Warning: content/symbolon/episteme/maps/navigation/intents/movements.md isn't yet tracked by git, dates will be inaccurate

Warning: content/symbolon/episteme/dossiers/oi-technical-responsibility.md isn't yet tracked by git, dates will be inaccurate

Warning: content/section-rooms/arguments/concepts/C49-The-Two-Ones-0-One-1-All.md isn't yet tracked by git, dates will be inaccurate

Warning: content/section-rooms/01-differentiating-mind/movements/11-s0-p4-tattvic-compression.md isn't yet tracked by git, dates will be inaccurate

Warning: content/section-rooms/arguments/concepts/C50-Dia-Syn.md isn't yet tracked by git, dates will be inaccurate

Warning: content/section-rooms/01-differentiating-mind/movements/12-s0-p5-objective-internality.md isn't yet tracked by git, dates will be inaccurate

Warning: content/symbolon/episteme/dossiers/process.md isn't yet tracked by git, dates will be inaccurate

Warning: content/section-rooms/arguments/concepts/C51-Logos-Epi-Logos.md isn't yet tracked by git, dates will be inaccurate

Warning: content/section-rooms/02-return-of-zero/P1-CANONICAL-ALIGNMENT.md isn't yet tracked by git, dates will be inaccurate

Warning: content/symbolon/episteme/dossiers/zero-reception.md isn't yet tracked by git, dates will be inaccurate

Warning: content/symbolon/episteme/maps/navigation/intents/mytheme.md isn't yet tracked by git, dates will be inaccurate

Warning: content/section-rooms/arguments/concepts/C52-Dimensional-Reframing-at-Zero-and-Infinity.md isn't yet tracked by git, dates will be inaccurate

Warning: content/section-rooms/02-return-of-zero/READING-02-return-of-zero.md isn't yet tracked by git, dates will be inaccurate

Warning: content/symbolon/episteme/etymologies/README.md isn't yet tracked by git, dates will be inaccurate

Warning: content/section-rooms/arguments/concepts/C53-Power-Delegated-Labour.md isn't yet tracked by git, dates will be inaccurate

Warning: content/section-rooms/02-return-of-zero/ROOM-02-return-of-zero.md isn't yet tracked by git, dates will be inaccurate

Warning: content/symbolon/episteme/etymologies/RELATIONAL-FORM-GROWTH.md isn't yet tracked by git, dates will be inaccurate

Warning: content/section-rooms/arguments/concepts/C54-Commons-Non-Monopoly.md isn't yet tracked by git, dates will be inaccurate

Warning: content/section-rooms/02-return-of-zero/movements/13-s1-p0-sign-migrates.md isn't yet tracked by git, dates will be inaccurate

Warning: content/symbolon/episteme/etymologies/T09-A-C-E-RECIPROCITY-INDEX.md isn't yet tracked by git, dates will be inaccurate

Warning: content/symbolon/episteme/maps/navigation/intents/quilt.md isn't yet tracked by git, dates will be inaccurate

Warning: content/section-rooms/arguments/concepts/C55-Reflective-Field-Mirror-That-Moves-First.md isn't yet tracked by git, dates will be inaccurate

Warning: content/section-rooms/02-return-of-zero/movements/14-s1-p1-sunya-operational.md isn't yet tracked by git, dates will be inaccurate

Warning: content/symbolon/episteme/etymologies/apportionment-and-economy/HISTORICAL-BRANCHES-apportionment-and-economy.md isn't yet tracked by git, dates will be inaccurate

Warning: content/section-rooms/arguments/concepts/C56-Compassion-Sensitivity-to-Origins.md isn't yet tracked by git, dates will be inaccurate

Warning: content/section-rooms/02-return-of-zero/movements/15-s1-p2-empty-set-generates-one.md isn't yet tracked by git, dates will be inaccurate

Warning: content/symbolon/episteme/etymologies/apportionment-and-economy/HISTORY-apportionment-and-economy.md isn't yet tracked by git, dates will be inaccurate

Warning: content/symbolon/episteme/maps/navigation/intents/rooms.md isn't yet tracked by git, dates will be inaccurate

Warning: content/section-rooms/arguments/concepts/C57-Agentworld.md isn't yet tracked by git, dates will be inaccurate

Warning: content/section-rooms/02-return-of-zero/movements/16-s1-p3-crossed-zero.md isn't yet tracked by git, dates will be inaccurate

Warning: content/symbolon/episteme/etymologies/apportionment-and-economy/WHOLE-FIELD-apportionment-and-economy.md isn't yet tracked by git, dates will be inaccurate

Warning: content/section-rooms/02-return-of-zero/movements/17-s1-p4-zero-outside-math.md isn't yet tracked by git, dates will be inaccurate

Warning: content/section-rooms/arguments/concepts/C58-Anthropomorphization.md isn't yet tracked by git, dates will be inaccurate

Warning: content/symbolon/episteme/maps/navigation/intents/symbolon-root.md isn't yet tracked by git, dates will be inaccurate

Warning: content/section-rooms/02-return-of-zero/movements/18-s1-p5-loan-returns.md isn't yet tracked by git, dates will be inaccurate

Warning: content/symbolon/episteme/etymologies/arbitration-hybris-regard-anamnesis/HISTORICAL-BRANCHES-arbitration-hybris-regard-anamnesis.md isn't yet tracked by git, dates will be inaccurate

Warning: content/section-rooms/arguments/concepts/C59-Cultural-Individuation-Epi-Logos-as-Culture.md isn't yet tracked by git, dates will be inaccurate

Warning: content/symbolon/episteme/maps/return-of-zero-braided-traversal.md isn't yet tracked by git, dates will be inaccurate

Warning: content/section-rooms/03-two-logics/P1-CANONICAL-ALIGNMENT.md isn't yet tracked by git, dates will be inaccurate

Warning: content/symbolon/episteme/etymologies/arbitration-hybris-regard-anamnesis/HISTORY-arbitration-hybris-regard-anamnesis.md isn't yet tracked by git, dates will be inaccurate

Warning: content/section-rooms/arguments/concepts/C60-Idealism-Order-of-Dependence.md isn't yet tracked by git, dates will be inaccurate

Warning: content/symbolon/episteme/maps/trust-faith-formal-limit.md isn't yet tracked by git, dates will be inaccurate

Warning: content/section-rooms/03-two-logics/ROOM-03-two-logics.md isn't yet tracked by git, dates will be inaccurate

Warning: content/symbolon/episteme/etymologies/arbitration-hybris-regard-anamnesis/WHOLE-FIELD-arbitration-hybris-regard-anamnesis.md isn't yet tracked by git, dates will be inaccurate

Warning: content/section-rooms/arguments/concepts/C61-Symbolon-Disclosure-Architecture.md isn't yet tracked by git, dates will be inaccurate

Warning: content/symbolon/episteme/maps/zero-subject-advent.md isn't yet tracked by git, dates will be inaccurate

Warning: content/section-rooms/03-two-logics/movements/19-s2-p0-difference-cannot-be-escaped.md isn't yet tracked by git, dates will be inaccurate

Warning: content/section-rooms/arguments/concepts/C62-Planetary-Computation.md isn't yet tracked by git, dates will be inaccurate

Warning: content/symbolon/episteme/etymologies/earth-taste-wisdom/HISTORY-earth-taste-wisdom.md isn't yet tracked by git, dates will be inaccurate

Warning: content/section-rooms/03-two-logics/movements/20-s2-p1-dia-ballein.md isn't yet tracked by git, dates will be inaccurate

Warning: content/symbolon/episteme/sources/MAIN-SOURCES.md isn't yet tracked by git, dates will be inaccurate

Warning: content/section-rooms/03-two-logics/movements/21-s2-p2-sym-ballein.md isn't yet tracked by git, dates will be inaccurate

Warning: content/section-rooms/arguments/concepts/C63-Pros-Hen-In-Quantum-Focal-Return-Qualified-Predication.md isn't yet tracked by git, dates will be inaccurate

Warning: content/symbolon/episteme/etymologies/encounter-region-name-count/HISTORICAL-BRANCHES-encounter-region-name-count.md isn't yet tracked by git, dates will be inaccurate

Warning: content/section-rooms/03-two-logics/movements/22-s2-p3-ares-aphrodite-harmonia.md isn't yet tracked by git, dates will be inaccurate

Warning: content/section-rooms/arguments/concepts/C64-Paradox-Transforming-the-Containing-Field.md isn't yet tracked by git, dates will be inaccurate

Warning: content/symbolon/episteme/etymologies/encounter-region-name-count/HISTORY-encounter-region-name-count.md isn't yet tracked by git, dates will be inaccurate

Warning: content/section-rooms/arguments/concepts/CANONICAL-INDEX.md isn't yet tracked by git, dates will be inaccurate

Warning: content/section-rooms/03-two-logics/movements/23-s2-p4-complex-dynamism.md isn't yet tracked by git, dates will be inaccurate

Warning: content/section-rooms/arguments/concepts/README.md isn't yet tracked by git, dates will be inaccurate

Warning: content/section-rooms/03-two-logics/movements/24-s2-p5-zero-changes-role.md isn't yet tracked by git, dates will be inaccurate

Warning: content/symbolon/episteme/etymologies/encounter-region-name-count/WHOLE-FIELD-encounter-region-name-count.md isn't yet tracked by git, dates will be inaccurate

Warning: content/section-rooms/arguments/concepts/agentworld.md isn't yet tracked by git, dates will be inaccurate

Warning: content/section-rooms/04-mathematical-substrate/P1-CANONICAL-ALIGNMENT.md isn't yet tracked by git, dates will be inaccurate

Warning: content/symbolon/episteme/sources/PASSAGE-LEDGER.md isn't yet tracked by git, dates will be inaccurate

Warning: content/section-rooms/arguments/concepts/anthropomorphization.md isn't yet tracked by git, dates will be inaccurate

Warning: content/symbolon/episteme/etymologies/genesis-paradigm-project-epilogos/HISTORY-genesis-paradigm-project-epilogos.md isn't yet tracked by git, dates will be inaccurate

Warning: content/section-rooms/04-mathematical-substrate/ROOM-04-mathematical-substrate.md isn't yet tracked by git, dates will be inaccurate

Warning: content/section-rooms/arguments/concepts/apoha.md isn't yet tracked by git, dates will be inaccurate

Warning: content/symbolon/episteme/etymologies/genesis-paradigm-project-epilogos/SOURCE-ROUTES.md isn't yet tracked by git, dates will be inaccurate

Warning: content/section-rooms/04-mathematical-substrate/movements/25-s3-p0-eight-determinations.md isn't yet tracked by git, dates will be inaccurate

Warning: content/section-rooms/arguments/concepts/bimba-pratibimba.md isn't yet tracked by git, dates will be inaccurate

Warning: content/section-rooms/arguments/concepts/centaur-societies.md isn't yet tracked by git, dates will be inaccurate

Warning: content/section-rooms/04-mathematical-substrate/movements/26-s3-p1-spanda-4-2.md isn't yet tracked by git, dates will be inaccurate

Warning: content/symbolon/episteme/etymologies/genesis-paradigm-project-epilogos/WHOLE-FIELD-genesis-paradigm-project-epilogos.md isn't yet tracked by git, dates will be inaccurate

Warning: content/section-rooms/arguments/concepts/compassion-as-sensitivity-to-origins.md isn't yet tracked by git, dates will be inaccurate

Warning: content/section-rooms/04-mathematical-substrate/movements/27-s3-p2-mark-reentry-complex.md isn't yet tracked by git, dates will be inaccurate

Warning: content/section-rooms/arguments/concepts/counterfeit-gathering.md isn't yet tracked by git, dates will be inaccurate

Warning: content/symbolon/episteme/etymologies/homology-and-analogy/HISTORICAL-BRANCHES-homology-and-analogy.md isn't yet tracked by git, dates will be inaccurate

Warning: content/symbolon/episteme/sources/README.md isn't yet tracked by git, dates will be inaccurate

Warning: content/section-rooms/04-mathematical-substrate/movements/28-s3-p3-projective-dimensional-reframing.md isn't yet tracked by git, dates will be inaccurate

Warning: content/section-rooms/arguments/concepts/diaphaneity.md isn't yet tracked by git, dates will be inaccurate

Warning: content/symbolon/episteme/etymologies/homology-and-analogy/HISTORY-homology-and-analogy.md isn't yet tracked by git, dates will be inaccurate

Warning: content/symbolon/episteme/sources/SOURCE-INDEX.md isn't yet tracked by git, dates will be inaccurate

Warning: content/section-rooms/04-mathematical-substrate/movements/29-s3-p4-topology-music-resolution.md isn't yet tracked by git, dates will be inaccurate

Warning: content/section-rooms/arguments/concepts/dimensional-reframing-at-zero-and-infinity.md isn't yet tracked by git, dates will be inaccurate

Warning: content/symbolon/episteme/etymologies/homology-and-analogy/WHOLE-FIELD-homology-and-analogy.md isn't yet tracked by git, dates will be inaccurate

Warning: content/section-rooms/04-mathematical-substrate/movements/30-s3-p5-arche-topos.md isn't yet tracked by git, dates will be inaccurate

Warning: content/section-rooms/arguments/concepts/fusion-as-syns-shadow.md isn't yet tracked by git, dates will be inaccurate

Warning: content/symbolon/episteme/sources/SOURCE-TEMPLATE.md isn't yet tracked by git, dates will be inaccurate

Warning: content/section-rooms/05-psychoid-flowering/P1-CANONICAL-ALIGNMENT.md isn't yet tracked by git, dates will be inaccurate

Warning: content/section-rooms/arguments/concepts/index.md isn't yet tracked by git, dates will be inaccurate

Warning: content/symbolon/episteme/sources/analytic-philosophy/chalmers/chalmers-1995-facing-up-consciousness/chalmers-1995-facing-up-consciousness.md isn't yet tracked by git, dates will be inaccurate

Warning: content/symbolon/episteme/etymologies/symbol-account-and-trust/HISTORICAL-BRANCHES-symbol-account-and-trust.md isn't yet tracked by git, dates will be inaccurate

Warning: content/section-rooms/05-psychoid-flowering/ROOM-05-psychoid-flowering.md isn't yet tracked by git, dates will be inaccurate

Warning: content/section-rooms/arguments/concepts/j-space.md isn't yet tracked by git, dates will be inaccurate

Warning: content/symbolon/episteme/sources/analytic-philosophy/kripke/kripke-1981-naming-and-necessity/kripke-1981-naming-and-necessity.md isn't yet tracked by git, dates will be inaccurate

Warning: content/section-rooms/05-psychoid-flowering/movements/31-s4-p0-psychoid-problem.md isn't yet tracked by git, dates will be inaccurate

Warning: content/symbolon/episteme/etymologies/symbol-account-and-trust/HISTORY-symbol-account-and-trust.md isn't yet tracked by git, dates will be inaccurate

Warning: content/section-rooms/arguments/concepts/mathematical-artistic-image-register.md isn't yet tracked by git, dates will be inaccurate

Warning: content/section-rooms/05-psychoid-flowering/movements/32-s4-p1-jung-individuation.md isn't yet tracked by git, dates will be inaccurate

Warning: content/symbolon/episteme/sources/analytic-philosophy/tye/tye-2024-qualia-sep/tye-2024-qualia-sep.md isn't yet tracked by git, dates will be inaccurate

Warning: content/symbolon/episteme/etymologies/symbol-account-and-trust/WHOLE-FIELD-symbol-account-and-trust.md isn't yet tracked by git, dates will be inaccurate

Warning: content/section-rooms/arguments/concepts/parasociety.md isn't yet tracked by git, dates will be inaccurate

Warning: content/section-rooms/05-psychoid-flowering/movements/33-s4-p2-complexio-quaternity-senarius.md isn't yet tracked by git, dates will be inaccurate

Warning: content/symbolon/episteme/sources/analytic-philosophy/wilson/wilson-et-al-2020-embodied-cognition-sep/wilson-et-al-2020-embodied-cognition-sep.md isn't yet tracked by git, dates will be inaccurate

Warning: content/section-rooms/05-psychoid-flowering/movements/34-s4-p3-lacan-matheme-mytheme.md isn't yet tracked by git, dates will be inaccurate

Warning: content/section-rooms/arguments/concepts/planetary-computation.md isn't yet tracked by git, dates will be inaccurate

Warning: content/symbolon/episteme/etymologies/trust-place-logos-nomos-natio-credere/HISTORICAL-BRANCHES-trust-place-logos-nomos-natio-credere.md isn't yet tracked by git, dates will be inaccurate

Warning: content/symbolon/episteme/sources/analytic-philosophy/wittgenstein/wittgenstein-1922-tractatus/wittgenstein-1922-tractatus.md isn't yet tracked by git, dates will be inaccurate

Warning: content/section-rooms/05-psychoid-flowering/movements/35-s4-p4-gebser-apollo-dionysus.md isn't yet tracked by git, dates will be inaccurate

Warning: content/section-rooms/arguments/concepts/prompt-thrownness.md isn't yet tracked by git, dates will be inaccurate

Warning: content/symbolon/episteme/etymologies/trust-place-logos-nomos-natio-credere/HISTORY-trust-place-logos-nomos-natio-credere.md isn't yet tracked by git, dates will be inaccurate

Warning: content/symbolon/episteme/sources/analytic-philosophy/wittgenstein/wittgenstein-1953-philosophical-investigations/wittgenstein-1953-philosophical-investigations.md isn't yet tracked by git, dates will be inaccurate

Warning: content/section-rooms/05-psychoid-flowering/movements/36-s4-p5-mef-prompt-thrownness.md isn't yet tracked by git, dates will be inaccurate

Warning: content/section-rooms/arguments/concepts/psychoid-number.md isn't yet tracked by git, dates will be inaccurate

Warning: content/symbolon/episteme/etymologies/trust-place-logos-nomos-natio-credere/WHOLE-FIELD-trust-place-logos-nomos-natio-credere.md isn't yet tracked by git, dates will be inaccurate

Warning: content/symbolon/episteme/sources/biblical-studies/anonymous/biblical-job-kjv-ebible-eng-kjv2006/biblical-job-kjv-ebible-eng-kjv2006.md isn't yet tracked by git, dates will be inaccurate

Warning: content/section-rooms/06-objective-internality/P1-CANONICAL-ALIGNMENT.md isn't yet tracked by git, dates will be inaccurate

Warning: content/section-rooms/arguments/concepts/register-grammar.md isn't yet tracked by git, dates will be inaccurate

Warning: content/symbolon/episteme/figures/README.md isn't yet tracked by git, dates will be inaccurate

Warning: content/section-rooms/arguments/concepts/simulation.md isn't yet tracked by git, dates will be inaccurate

Warning: content/section-rooms/06-objective-internality/ROOM-06-objective-internality.md isn't yet tracked by git, dates will be inaccurate

Warning: content/symbolon/episteme/sources/biblical-studies/anonymous/hebrew-bible-mechon-mamre-jps1917/hebrew-bible-mechon-mamre-jps1917.md isn't yet tracked by git, dates will be inaccurate

Warning: content/section-rooms/06-objective-internality/movements/37-s5-p0-math-moves-meaning.md isn't yet tracked by git, dates will be inaccurate

Warning: content/section-rooms/arguments/concepts/the-slash.md isn't yet tracked by git, dates will be inaccurate

Warning: content/symbolon/episteme/sources/biblical-studies/brown-driver-briggs/bdb-hebrew-english-lexicon-online/bdb-hebrew-english-lexicon-online.md isn't yet tracked by git, dates will be inaccurate

Warning: content/symbolon/episteme/histories/README.md isn't yet tracked by git, dates will be inaccurate

Warning: content/section-rooms/06-objective-internality/movements/38-s5-p1-apoha-softmax.md isn't yet tracked by git, dates will be inaccurate

Warning: content/section-rooms/arguments/concepts/vikalpa-samkalpa.md isn't yet tracked by git, dates will be inaccurate

Warning: content/symbolon/episteme/sources/biblical-studies/nag-hammadi/hypostasis-archons-layton/hypostasis-archons-layton.md isn't yet tracked by git, dates will be inaccurate

Warning: content/symbolon/episteme/histories/encounters-and-transmissions/myth/DEVELOPMENT-myth.md isn't yet tracked by git, dates will be inaccurate

Warning: content/section-rooms/06-objective-internality/movements/39-s5-p2-j-space.md isn't yet tracked by git, dates will be inaccurate

Warning: content/section-rooms/arguments/concepts/world-picture-to-world-atlas.md isn't yet tracked by git, dates will be inaccurate

Warning: content/symbolon/episteme/sources/biblical-studies/pauline-corpus/ephesians-sbl-reverse-interlinear/ephesians-sbl-reverse-interlinear.md isn't yet tracked by git, dates will be inaccurate

Warning: content/section-rooms/06-objective-internality/movements/40-s5-p3-preference-hidden-zero.md isn't yet tracked by git, dates will be inaccurate

Warning: content/symbolon/episteme/histories/encounters-and-transmissions/myth/HISTORY-myth.md isn't yet tracked by git, dates will be inaccurate

Warning: content/section-rooms/arguments/concepts/zero.md isn't yet tracked by git, dates will be inaccurate

Warning: content/symbolon/episteme/sources/chinese-philosophy/chung-yuan-chang/chung-yuan-chang-tao-a-new-way-of-thinking-2014/chung-yuan-chang-tao-a-new-way-of-thinking-2014.md isn't yet tracked by git, dates will be inaccurate

Warning: content/section-rooms/06-objective-internality/movements/41-s5-p4-bimba-energy-fields.md isn't yet tracked by git, dates will be inaccurate

Warning: content/section-rooms/arguments/conjugate/A01-prime-Faithful-Definition-of-the-Agent.md isn't yet tracked by git, dates will be inaccurate

Warning: content/symbolon/episteme/histories/places-and-peoples/language-law-nation-centralisation/DEVELOPMENT-language-law-nation-centralisation.md isn't yet tracked by git, dates will be inaccurate

Warning: content/symbolon/episteme/sources/chinese-philosophy/confucius/analects-ctext-legge/analects-ctext-legge.md isn't yet tracked by git, dates will be inaccurate

Warning: content/section-rooms/06-objective-internality/movements/42-s5-p5-research-vectors.md isn't yet tracked by git, dates will be inaccurate

Warning: content/symbolon/episteme/sources/chinese-philosophy/laozi/laozi-legge-tao-teh-king/laozi-legge-tao-teh-king.md isn't yet tracked by git, dates will be inaccurate

Warning: content/section-rooms/arguments/conjugate/A02-prime-Continuity-as-Maintained-Identification.md isn't yet tracked by git, dates will be inaccurate

Warning: content/symbolon/episteme/histories/places-and-peoples/language-law-nation-centralisation/HISTORY-language-law-nation-centralisation.md isn't yet tracked by git, dates will be inaccurate

Warning: content/section-rooms/07-instrument-returns/P1-CANONICAL-ALIGNMENT.md isn't yet tracked by git, dates will be inaccurate

Warning: content/symbolon/episteme/sources/classical-philology/acropolis-museum/acropolis-museum-erechtheion/acropolis-museum-erechtheion.md isn't yet tracked by git, dates will be inaccurate

Warning: content/section-rooms/07-instrument-returns/ROOM-07-instrument-returns.md isn't yet tracked by git, dates will be inaccurate

Warning: content/symbolon/episteme/histories/traditions-and-disciplines/ancient-philosophy/DEVELOPMENT-ancient-philosophy.md isn't yet tracked by git, dates will be inaccurate

Warning: content/section-rooms/arguments/conjugate/A03-prime-The-Limit-of-Self-Surfacing.md isn't yet tracked by git, dates will be inaccurate

Warning: content/symbolon/episteme/sources/classical-philology/acropolis-museum/acropolis-museum-west-pediment-poseidon/acropolis-museum-west-pediment-poseidon.md isn't yet tracked by git, dates will be inaccurate

Warning: content/section-rooms/07-instrument-returns/movements/43-s50-p0-theory-vocation-compassion.md isn't yet tracked by git, dates will be inaccurate

Warning: content/section-rooms/arguments/conjugate/A04-prime-The-Mask-as-Document.md isn't yet tracked by git, dates will be inaccurate

Warning: content/symbolon/episteme/histories/traditions-and-disciplines/ancient-philosophy/HISTORY-ancient-philosophy.md isn't yet tracked by git, dates will be inaccurate

Warning: content/symbolon/episteme/sources/classical-philology/apuleius/apuleius-1913-psyche-cupido-purser/apuleius-1913-psyche-cupido-purser.md isn't yet tracked by git, dates will be inaccurate

Warning: content/section-rooms/07-instrument-returns/movements/44-s50-p1-ql-mef-bimba-harness.md isn't yet tracked by git, dates will be inaccurate

Warning: content/section-rooms/arguments/conjugate/A05-prime-Lights-Camera-Action.md isn't yet tracked by git, dates will be inaccurate

Warning: content/symbolon/episteme/histories/traditions-and-disciplines/indian-philosophy/DEVELOPMENT-indian-philosophy.md isn't yet tracked by git, dates will be inaccurate

Warning: content/symbolon/episteme/sources/classical-philology/brown/brown-1989-ares-aphrodite-laughter/brown-1989-ares-aphrodite-laughter.md isn't yet tracked by git, dates will be inaccurate

Warning: content/section-rooms/07-instrument-returns/movements/45-s50-p2-antikythera-attunement.md isn't yet tracked by git, dates will be inaccurate

Warning: content/section-rooms/arguments/conjugate/A06-prime-Articulation-as-Ontological-Descent.md isn't yet tracked by git, dates will be inaccurate

Warning: content/symbolon/episteme/histories/traditions-and-disciplines/indian-philosophy/HISTORY-indian-philosophy.md isn't yet tracked by git, dates will be inaccurate

Warning: content/symbolon/episteme/sources/classical-philology/burkert/burkert-1960-lied-ares-aphrodite/burkert-1960-lied-ares-aphrodite.md isn't yet tracked by git, dates will be inaccurate

Warning: content/section-rooms/07-instrument-returns/movements/46-s50-p3-4-2-mono-poly.md isn't yet tracked by git, dates will be inaccurate

Warning: content/section-rooms/arguments/conjugate/A07-prime-Purpose-That-Survives-the-Metric.md isn't yet tracked by git, dates will be inaccurate

Warning: content/symbolon/episteme/histories/traditions-and-disciplines/language-symbol-dialogue/DEVELOPMENT-language-symbol-dialogue.md isn't yet tracked by git, dates will be inaccurate

Warning: content/symbolon/episteme/sources/classical-philology/chinese-university-hong-kong/cuhk-multifunction-chinese-character-database/cuhk-multifunction-chinese-character-database.md isn't yet tracked by git, dates will be inaccurate

Warning: content/section-rooms/07-instrument-returns/movements/47-s50-p4-idealism-horizon.md isn't yet tracked by git, dates will be inaccurate

Warning: content/section-rooms/arguments/conjugate/A08-prime-Exclusion-That-Remembers.md isn't yet tracked by git, dates will be inaccurate

Warning: content/symbolon/episteme/sources/classical-philology/detienne/detienne-vernant-1978-cunning-intelligence/detienne-vernant-1978-cunning-intelligence.md isn't yet tracked by git, dates will be inaccurate

Warning: content/symbolon/episteme/histories/traditions-and-disciplines/language-symbol-dialogue/HISTORY-language-symbol-dialogue.md isn't yet tracked by git, dates will be inaccurate

Warning: content/section-rooms/arguments/conjugate/A09-prime-The-Stack-as-Descent.md isn't yet tracked by git, dates will be inaccurate

Warning: content/section-rooms/07-instrument-returns/movements/48-s50-p5-ahi-planetary-return.md isn't yet tracked by git, dates will be inaccurate

Warning: content/section-rooms/arguments/conjugate/A10-prime-Uncounted-Enters-the-Account.md isn't yet tracked by git, dates will be inaccurate

Warning: content/symbolon/episteme/histories/traditions-and-disciplines/mathematics/DEVELOPMENT-mathematics.md isn't yet tracked by git, dates will be inaccurate

Warning: content/symbolon/episteme/sources/classical-philology/herodotus/herodotus-histories-macaulay/herodotus-histories-macaulay.md isn't yet tracked by git, dates will be inaccurate

Warning: content/section-rooms/README.md isn't yet tracked by git, dates will be inaccurate

Warning: content/section-rooms/arguments/conjugate/A11-prime-One-Field-Two-Faces.md isn't yet tracked by git, dates will be inaccurate

Warning: content/symbolon/episteme/sources/classical-philology/hesiod/hesiod-1920-theogony-evelyn-white/hesiod-1920-theogony-evelyn-white.md isn't yet tracked by git, dates will be inaccurate

Warning: content/symbolon/episteme/histories/traditions-and-disciplines/mathematics/HISTORY-mathematics.md isn't yet tracked by git, dates will be inaccurate

Warning: content/section-rooms/arguments/A01-Subject-God-and-Faithful-Definition.md isn't yet tracked by git, dates will be inaccurate

Warning: content/section-rooms/arguments/conjugate/A12-prime-Against-Monoculture.md isn't yet tracked by git, dates will be inaccurate

Warning: content/symbolon/episteme/sources/classical-philology/homer/homer-1919-odyssey-murray/homer-1919-odyssey-murray.md isn't yet tracked by git, dates will be inaccurate

Warning: content/symbolon/episteme/histories/traditions-and-disciplines/process-systems-science/DEVELOPMENT-process-systems-science.md isn't yet tracked by git, dates will be inaccurate

Warning: content/section-rooms/arguments/A02-Copula-Self-Identity-through-Difference.md isn't yet tracked by git, dates will be inaccurate

Warning: content/section-rooms/arguments/conjugate/A13-prime-The-Cut-and-the-Gathering.md isn't yet tracked by git, dates will be inaccurate

Warning: content/symbolon/episteme/sources/classical-philology/hyginus/hyginus-fabulae-macfarlane-digital/hyginus-fabulae-macfarlane-digital.md isn't yet tracked by git, dates will be inaccurate

Warning: content/symbolon/episteme/histories/traditions-and-disciplines/process-systems-science/HISTORY-process-systems-science.md isn't yet tracked by git, dates will be inaccurate

Warning: content/section-rooms/arguments/A03-Immutable-Gap-Formal-Limit.md isn't yet tracked by git, dates will be inaccurate

Warning: content/section-rooms/arguments/conjugate/A14-prime-Code-as-the-Ages-Logos.md isn't yet tracked by git, dates will be inaccurate

Warning: content/symbolon/episteme/sources/classical-philology/lane/lane-arabic-english-lexicon-online/lane-arabic-english-lexicon-online.md isn't yet tracked by git, dates will be inaccurate

Warning: content/symbolon/episteme/histories/traditions-and-disciplines/psychology/DEVELOPMENT-psychology.md isn't yet tracked by git, dates will be inaccurate

Warning: content/section-rooms/arguments/A04-Diaphaneity-Contextual-Transparency.md isn't yet tracked by git, dates will be inaccurate

Warning: content/section-rooms/arguments/conjugate/A15-prime-The-Measure-Constitutes.md isn't yet tracked by git, dates will be inaccurate

Warning: content/symbolon/episteme/sources/classical-philology/lewis-short/lewis-short-1879-latin-dictionary/lewis-short-1879-latin-dictionary.md isn't yet tracked by git, dates will be inaccurate

Warning: content/symbolon/episteme/histories/traditions-and-disciplines/psychology/HISTORY-psychology.md isn't yet tracked by git, dates will be inaccurate

Warning: content/section-rooms/arguments/A05-Prakasa-Vimarsa.md isn't yet tracked by git, dates will be inaccurate

Warning: content/section-rooms/arguments/conjugate/A16-prime-No-View-from-Nowhere.md isn't yet tracked by git, dates will be inaccurate

Warning: content/symbolon/episteme/sources/classical-philology/liddell-scott-jones/lsj-1940-greek-english-lexicon/lsj-1940-greek-english-lexicon.md isn't yet tracked by git, dates will be inaccurate

Warning: content/symbolon/episteme/histories/traditions-and-disciplines/technology-politics/DEVELOPMENT-technology-politics.md isn't yet tracked by git, dates will be inaccurate

Warning: content/section-rooms/arguments/A06-Vak.md isn't yet tracked by git, dates will be inaccurate

Warning: content/section-rooms/arguments/conjugate/A17-prime-Traversal-with-Return.md isn't yet tracked by git, dates will be inaccurate

Warning: content/symbolon/episteme/sources/classical-philology/mackenzie/mackenzie-2021-heraclitean-allusion-odyssey/mackenzie-2021-heraclitean-allusion-odyssey.md isn't yet tracked by git, dates will be inaccurate

Warning: content/section-rooms/arguments/A07-Vikalpa-Samkalpa-Script-Frozen-Conditioned-Will.md isn't yet tracked by git, dates will be inaccurate

Warning: content/symbolon/episteme/histories/traditions-and-disciplines/technology-politics/HISTORY-technology-politics.md isn't yet tracked by git, dates will be inaccurate

Warning: content/section-rooms/arguments/conjugate/A18-prime-Traversal-Run-in-Code.md isn't yet tracked by git, dates will be inaccurate

Warning: content/symbolon/episteme/sources/classical-philology/ministry-of-education-taiwan/moe-2021-revised-mandarin-dictionary/moe-2021-revised-mandarin-dictionary.md isn't yet tracked by git, dates will be inaccurate

Warning: content/section-rooms/arguments/A08-Apoha-Constitutive-Exclusion.md isn't yet tracked by git, dates will be inaccurate

Warning: content/symbolon/episteme/histories/traditions-and-disciplines/zero-subject-advent/DEVELOPMENT-zero-subject-advent.md isn't yet tracked by git, dates will be inaccurate

Warning: content/symbolon/episteme/sources/classical-philology/monier-williams/monier-williams-1899-sanskrit-english-dictionary/monier-williams-1899-sanskrit-english-dictionary.md isn't yet tracked by git, dates will be inaccurate

Warning: content/section-rooms/arguments/conjugate/A19-prime-The-Local-Regime.md isn't yet tracked by git, dates will be inaccurate

Warning: content/section-rooms/arguments/A09-Tattvic-Differential-Field.md isn't yet tracked by git, dates will be inaccurate

Warning: content/symbolon/episteme/histories/traditions-and-disciplines/zero-subject-advent/HISTORY-zero-subject-advent.md isn't yet tracked by git, dates will be inaccurate

Warning: content/section-rooms/arguments/conjugate/A20-prime-The-Image-That-Closes-the-Loop.md isn't yet tracked by git, dates will be inaccurate

Warning: content/symbolon/episteme/sources/classical-philology/ovid/ovid-1921-metamorphoses-miller/ovid-1921-metamorphoses-miller.md isn't yet tracked by git, dates will be inaccurate

Warning: content/symbolon/episteme/lenses/L0-prime-archetypal-numerical.md isn't yet tracked by git, dates will be inaccurate

Warning: content/section-rooms/arguments/A10-Advent-of-Zero.md isn't yet tracked by git, dates will be inaccurate

Warning: content/section-rooms/arguments/conjugate/A21-prime-Individuation-with-Recognition.md isn't yet tracked by git, dates will be inaccurate

Warning: content/symbolon/episteme/sources/classical-philology/pausanias/pausanias-description-greece-jones-1918/pausanias-description-greece-jones-1918.md isn't yet tracked by git, dates will be inaccurate

Warning: content/symbolon/episteme/lenses/L0-quaternal.md isn't yet tracked by git, dates will be inaccurate

Warning: content/section-rooms/arguments/A11-The-Two-Ones-0-One-1-All.md isn't yet tracked by git, dates will be inaccurate

Warning: content/section-rooms/arguments/conjugate/A22-prime-The-Atlas-Not-the-Camera.md isn't yet tracked by git, dates will be inaccurate

Warning: content/symbolon/episteme/sources/classical-philology/phillips/phillips-moicheia-unity-greek-law/phillips-moicheia-unity-greek-law.md isn't yet tracked by git, dates will be inaccurate

Warning: content/symbolon/episteme/lenses/L1-causal.md isn't yet tracked by git, dates will be inaccurate

Warning: content/section-rooms/arguments/A12-Mono-Poly-One-All-Whole-Many.md isn't yet tracked by git, dates will be inaccurate

Warning: content/section-rooms/arguments/conjugate/A23-prime-Trust-under-Unpossessable-Interiors.md isn't yet tracked by git, dates will be inaccurate

Warning: content/symbolon/episteme/sources/classical-philology/pseudo-apollodorus/pseudo-apollodorus-library-frazer/pseudo-apollodorus-library-frazer.md isn't yet tracked by git, dates will be inaccurate

Warning: content/symbolon/episteme/lenses/L1-prime-phenomenal.md isn't yet tracked by git, dates will be inaccurate

Warning: content/section-rooms/arguments/conjugate/A24-prime-The-Usurping-Criterion.md isn't yet tracked by git, dates will be inaccurate

Warning: content/symbolon/episteme/sources/classical-philology/tla/tla-hieroglyphic-hieratic-lexicon/tla-hieroglyphic-hieratic-lexicon.md isn't yet tracked by git, dates will be inaccurate

Warning: content/symbolon/episteme/lenses/L2-logical.md isn't yet tracked by git, dates will be inaccurate

Warning: content/section-rooms/arguments/A13-Two-Logics-of-Two-Dia-Syn.md isn't yet tracked by git, dates will be inaccurate

Warning: content/section-rooms/arguments/conjugate/A25-prime-Covenant-Architecture.md isn't yet tracked by git, dates will be inaccurate

Warning: content/section-rooms/arguments/A14-Computational-Process-Ontology.md isn't yet tracked by git, dates will be inaccurate

Warning: content/symbolon/episteme/lenses/L2-prime-alchemical-elemental.md isn't yet tracked by git, dates will be inaccurate

Warning: content/symbolon/episteme/sources/classical-premodern-philosophy/aristotle/aristotle-metaphysics-ross/aristotle-metaphysics-ross.md isn't yet tracked by git, dates will be inaccurate

Warning: content/section-rooms/arguments/conjugate/A26-prime-The-Essay-Inside-the-Film.md isn't yet tracked by git, dates will be inaccurate

Warning: content/symbolon/episteme/lenses/L3-prime-chronological.md isn't yet tracked by git, dates will be inaccurate

Warning: content/symbolon/episteme/sources/classical-premodern-philosophy/aristotle/aristotle-nicomachean-ethics-ross/aristotle-nicomachean-ethics-ross.md isn't yet tracked by git, dates will be inaccurate

Warning: content/section-rooms/arguments/A15-Ratio-Rationality-Measure-Reckoning-Harmony-Account.md isn't yet tracked by git, dates will be inaccurate

Warning: content/section-rooms/arguments/conjugate/A27-prime-Encounter-over-Sovereignty.md isn't yet tracked by git, dates will be inaccurate

Warning: content/symbolon/episteme/lenses/L3-processual.md isn't yet tracked by git, dates will be inaccurate

Warning: content/symbolon/episteme/sources/classical-premodern-philosophy/aristotle/aristotle-politics-jowett/aristotle-politics-jowett.md isn't yet tracked by git, dates will be inaccurate

Warning: content/section-rooms/arguments/A16-Arche-Topos-as-Differential-Field.md isn't yet tracked by git, dates will be inaccurate

Warning: content/section-rooms/arguments/conjugate/A28-prime-The-Authored-Session.md isn't yet tracked by git, dates will be inaccurate

Warning: content/symbolon/episteme/lenses/L4-phenomenological.md isn't yet tracked by git, dates will be inaccurate

Warning: content/symbolon/episteme/sources/classical-premodern-philosophy/berkeley/berkeley-1734-three-dialogues-wilkins-2002/berkeley-1734-three-dialogues-wilkins-2002.md isn't yet tracked by git, dates will be inaccurate

Warning: content/section-rooms/arguments/A17-Toroidal-Circulation-and-the-Arche-Topos.md isn't yet tracked by git, dates will be inaccurate

Warning: content/section-rooms/arguments/conjugate/A29-prime-Return-or-Extraction.md isn't yet tracked by git, dates will be inaccurate

Warning: content/symbolon/episteme/lenses/L4-prime-scientific.md isn't yet tracked by git, dates will be inaccurate

Warning: content/symbolon/episteme/sources/classical-premodern-philosophy/cusa/cusa-on-learned-ignorance/cusa-on-learned-ignorance.md isn't yet tracked by git, dates will be inaccurate

Warning: content/section-rooms/arguments/A18-Primordial-Symbolon-and-Its-Eight-Determinations.md isn't yet tracked by git, dates will be inaccurate

Warning: content/section-rooms/arguments/conjugate/A30-prime-Shared-Worlds-Unmerged.md isn't yet tracked by git, dates will be inaccurate

Warning: content/symbolon/episteme/sources/classical-premodern-philosophy/descartes/descartes-1641-meditations/descartes-1641-meditations.md isn't yet tracked by git, dates will be inaccurate

Warning: content/symbolon/episteme/lenses/L5-para-vak.md isn't yet tracked by git, dates will be inaccurate

Warning: content/section-rooms/arguments/conjugate/A31-prime-Deference-as-Co-Evolutionary-Alignment.md isn't yet tracked by git, dates will be inaccurate

Warning: content/symbolon/episteme/lenses/L5-prime-divine-logos.md isn't yet tracked by git, dates will be inaccurate

Warning: content/symbolon/episteme/sources/classical-premodern-philosophy/flasch/flasch-2015-meister-eckhart/flasch-2015-meister-eckhart.md isn't yet tracked by git, dates will be inaccurate

Warning: content/section-rooms/arguments/A19-Complex-as-Local-Arbitration-Regime.md isn't yet tracked by git, dates will be inaccurate

Warning: content/section-rooms/arguments/conjugate/A32-prime-The-Mirror-Is-a-Film.md isn't yet tracked by git, dates will be inaccurate

Warning: content/symbolon/episteme/lenses/README.md isn't yet tracked by git, dates will be inaccurate

Warning: content/section-rooms/arguments/A20-Image-Valuation-Possession.md isn't yet tracked by git, dates will be inaccurate

Warning: content/section-rooms/arguments/conjugate/A33-prime-Parity.md isn't yet tracked by git, dates will be inaccurate

Warning: content/symbolon/episteme/maps/README.md isn't yet tracked by git, dates will be inaccurate

Warning: content/section-rooms/arguments/A21-Individuation-Recognition.md isn't yet tracked by git, dates will be inaccurate

Warning: content/symbolon/episteme/maps/mono-poly-two-ones.md isn't yet tracked by git, dates will be inaccurate

Warning: content/section-rooms/arguments/conjugate/A34-prime-Direction-of-Dependence.md isn't yet tracked by git, dates will be inaccurate

Warning: content/section-rooms/arguments/A22-World-Picture-to-World-Atlas.md isn't yet tracked by git, dates will be inaccurate

Warning: content/section-rooms/arguments/conjugate/A35-prime-Commons-Behind-the-System.md isn't yet tracked by git, dates will be inaccurate

Warning: content/symbolon/episteme/sources/classical-premodern-philosophy/irenaeus/irenaeus-1885-against-heresies-book-1/irenaeus-1885-against-heresies-book-1.md isn't yet tracked by git, dates will be inaccurate

Warning: content/section-rooms/arguments/A23-Trust-Faith-and-the-Formal-Limit.md isn't yet tracked by git, dates will be inaccurate

Warning: content/symbolon/episteme/maps/navigation/AUDIT.md isn't yet tracked by git, dates will be inaccurate

Warning: content/section-rooms/arguments/conjugate/A36-prime-Integral-Zero-of-the-Hybrid-Society.md isn't yet tracked by git, dates will be inaccurate

Warning: content/section-rooms/arguments/A24-Arbitration-and-the-Usurpation-of-Measure.md isn't yet tracked by git, dates will be inaccurate

Warning: content/section-rooms/arguments/conjugate/AC.md isn't yet tracked by git, dates will be inaccurate

Warning: content/symbolon/episteme/maps/navigation/MOC.md isn't yet tracked by git, dates will be inaccurate

Warning: content/section-rooms/arguments/A25-Covenant-Mediating-Office-Source-Authority.md isn't yet tracked by git, dates will be inaccurate

Warning: content/symbolon/episteme/maps/navigation/intents/episteme-aphorisms.md isn't yet tracked by git, dates will be inaccurate

Warning: content/section-rooms/arguments/conjugate/README.md isn't yet tracked by git, dates will be inaccurate

Warning: content/section-rooms/arguments/A26-Objective-Internality-Mind-as-Worldhood.md isn't yet tracked by git, dates will be inaccurate

Warning: content/section-rooms/arguments/products/README.md isn't yet tracked by git, dates will be inaccurate

Warning: content/section-rooms/arguments/A27-Self-and-Other-Unity-without-Possession.md isn't yet tracked by git, dates will be inaccurate

Warning: content/symbolon/episteme/sources/classical-premodern-philosophy/plato/plato-jowett-phaedrus/plato-jowett-phaedrus.md isn't yet tracked by git, dates will be inaccurate

Warning: content/section-rooms/arguments/products/S-World-and-Life.md isn't yet tracked by git, dates will be inaccurate

Warning: content/symbolon/episteme/maps/navigation/intents/episteme-arguments.md isn't yet tracked by git, dates will be inaccurate

Warning: content/section-rooms/arguments/A28-Authored-Ground-Positional-Delegation.md isn't yet tracked by git, dates will be inaccurate

Warning: content/symbolon/episteme/sources/classical-premodern-philosophy/spinoza/spinoza-1674-letter-50-jelles/spinoza-1674-letter-50-jelles.md isn't yet tracked by git, dates will be inaccurate

Warning: content/symbolon/episteme/sources/computer-science-ml/bai/bai-2022-constitutional-ai/bai-2022-constitutional-ai.md isn't yet tracked by git, dates will be inaccurate

Warning: content/section-rooms/arguments/products/S0-Central.md isn't yet tracked by git, dates will be inaccurate

Warning: content/section-rooms/arguments/A29-Power-Delegated-Labour-Return.md isn't yet tracked by git, dates will be inaccurate

Warning: content/symbolon/episteme/sources/computer-science-ml/bengio/bengio-2003-neural-probabilistic-language-model/bengio-2003-neural-probabilistic-language-model.md isn't yet tracked by git, dates will be inaccurate

Warning: content/section-rooms/arguments/A30-Objective-Co-Internality.md isn't yet tracked by git, dates will be inaccurate

Warning: content/symbolon/episteme/maps/navigation/intents/episteme-atlas.md isn't yet tracked by git, dates will be inaccurate

Warning: content/section-rooms/arguments/products/S1-Actuation.md isn't yet tracked by git, dates will be inaccurate

Warning: content/symbolon/episteme/sources/computer-science-ml/lecun/lecun-et-al-2006-energy-based-learning/lecun-et-al-2006-energy-based-learning.md isn't yet tracked by git, dates will be inaccurate

Warning: content/section-rooms/arguments/A31-Deferential-Intelligence.md isn't yet tracked by git, dates will be inaccurate

Warning: content/symbolon/episteme/sources/computer-science-ml/oi/oi-2026-responsibility-source-projection/oi-2026-responsibility-source-projection.md isn't yet tracked by git, dates will be inaccurate

Warning: content/section-rooms/arguments/products/S2-AIKit.md isn't yet tracked by git, dates will be inaccurate

Warning: content/section-rooms/arguments/A32-Reflective-Field-The-Mirror-That-Moves-First.md isn't yet tracked by git, dates will be inaccurate

Warning: content/symbolon/episteme/sources/computer-science-ml/ouyang/ouyang-et-al-2022-instructgpt/ouyang-et-al-2022-instructgpt.md isn't yet tracked by git, dates will be inaccurate

Warning: content/section-rooms/arguments/products/S3-Software-Factory.md isn't yet tracked by git, dates will be inaccurate

Warning: content/symbolon/episteme/maps/navigation/intents/episteme-concepts--developed-provenance.md isn't yet tracked by git, dates will be inaccurate

Warning: content/section-rooms/arguments/A33-Epistemic-Cultivation-Operational-Parity.md isn't yet tracked by git, dates will be inaccurate

Warning: content/symbolon/episteme/sources/computer-science-ml/perdomo/perdomo-et-al-2020-performative-prediction/perdomo-et-al-2020-performative-prediction.md isn't yet tracked by git, dates will be inaccurate

Warning: content/section-rooms/arguments/products/S4-Workcell.md isn't yet tracked by git, dates will be inaccurate

Warning: content/symbolon/episteme/sources/computer-science-ml/pytorch/pytorch-2-9-softmax-argmax-api/pytorch-2-9-softmax-argmax-api.md isn't yet tracked by git, dates will be inaccurate

Warning: content/section-rooms/arguments/A34-Idealism-Order-of-Dependence.md isn't yet tracked by git, dates will be inaccurate

Warning: content/section-rooms/arguments/products/S5-Quaternal-Logic.md isn't yet tracked by git, dates will be inaccurate

Warning: content/symbolon/episteme/sources/computer-science-ml/rafailov/rafailov-et-al-2023-dpo/rafailov-et-al-2023-dpo.md isn't yet tracked by git, dates will be inaccurate

Warning: content/section-rooms/arguments/A35-Compassion-Sensitivity-to-Origins-Epi-Logos-as-Vocation.md isn't yet tracked by git, dates will be inaccurate

Warning: content/symbolon/0-1.md isn't yet tracked by git, dates will be inaccurate

Warning: content/symbolon/episteme/sources/computer-science-ml/vaswani/vaswani-et-al-2017-attention/vaswani-et-al-2017-attention.md isn't yet tracked by git, dates will be inaccurate

Warning: content/section-rooms/arguments/A36-Advent-of-Integral-Zero.md isn't yet tracked by git, dates will be inaccurate

Warning: content/symbolon/episteme/maps/navigation/intents/episteme-concepts--reference-notes.md isn't yet tracked by git, dates will be inaccurate

Warning: content/symbolon/1-0.md isn't yet tracked by git, dates will be inaccurate

Warning: content/section-rooms/arguments/README.md isn't yet tracked by git, dates will be inaccurate

Warning: content/symbolon/AM-IS.md isn't yet tracked by git, dates will be inaccurate

Warning: content/symbolon/episteme/maps/navigation/intents/episteme-concepts.md isn't yet tracked by git, dates will be inaccurate

Warning: content/symbolon/episteme/sources/history-philosophy-of-science/frank/frank-gleiser-thompson-2024-blind-spot/frank-gleiser-thompson-2024-blind-spot.md isn't yet tracked by git, dates will be inaccurate

Warning: content/section-rooms/arguments/concepts/C01-Subject-Defined-Indefinability.md isn't yet tracked by git, dates will be inaccurate

Warning: content/symbolon/README.md isn't yet tracked by git, dates will be inaccurate

Warning: content/symbolon/episteme/sources/history-philosophy-of-science/freeth/freeth-et-al-2006-antikythera/freeth-et-al-2006-antikythera.md isn't yet tracked by git, dates will be inaccurate

Warning: content/section-rooms/arguments/concepts/C02-Faithful-Definition.md isn't yet tracked by git, dates will be inaccurate

Warning: content/symbolon/episteme/maps/navigation/intents/episteme-conjugate.md isn't yet tracked by git, dates will be inaccurate

Warning: content/symbolon/X-x.md isn't yet tracked by git, dates will be inaccurate

Warning: content/symbolon/episteme/sources/history-philosophy-of-science/freeth/freeth-et-al-2021-model-cosmos/freeth-et-al-2021-model-cosmos.md isn't yet tracked by git, dates will be inaccurate

Warning: content/section-rooms/arguments/concepts/C03-Determination.md isn't yet tracked by git, dates will be inaccurate

Warning: content/symbolon/complexio-oppositorum.md isn't yet tracked by git, dates will be inaccurate

Warning: content/symbolon/episteme/sources/history-philosophy-of-science/nothaft/nothaft-2020-satanic-ciphers/nothaft-2020-satanic-ciphers.md isn't yet tracked by git, dates will be inaccurate

Warning: content/section-rooms/arguments/concepts/C04-Formal-Limit.md isn't yet tracked by git, dates will be inaccurate

Warning: content/symbolon/episteme/sources/history-philosophy-of-science/owen/owen-1843-comparative-anatomy/owen-1843-comparative-anatomy.md isn't yet tracked by git, dates will be inaccurate

Warning: content/symbolon/eight-determinations.md isn't yet tracked by git, dates will be inaccurate

Warning: content/symbolon/episteme/maps/navigation/intents/episteme-dossiers.md isn't yet tracked by git, dates will be inaccurate

Warning: content/section-rooms/arguments/concepts/C05-Immutable-Gap.md isn't yet tracked by git, dates will be inaccurate

Warning: content/symbolon/episteme/sources/indian-philosophy/abhinavagupta/abhinavagupta-singh-1988-paratrisika-vivarana/abhinavagupta-singh-1988-paratrisika-vivarana.md isn't yet tracked by git, dates will be inaccurate

Warning: content/symbolon/episteme/README.md isn't yet tracked by git, dates will be inaccurate

Warning: content/symbolon/episteme/maps/navigation/intents/episteme-etymologies.md isn't yet tracked by git, dates will be inaccurate

Warning: content/symbolon/episteme/sources/indian-philosophy/das/das-2022-sriharsa-sep/das-2022-sriharsa-sep.md isn't yet tracked by git, dates will be inaccurate

Warning: content/symbolon/episteme/aphorisms/README.md isn't yet tracked by git, dates will be inaccurate

Warning: content/section-rooms/arguments/concepts/C06-Copula-Identification-with-Difference.md isn't yet tracked by git, dates will be inaccurate

Warning: content/symbolon/episteme/sources/indian-philosophy/dushun/dushun-cleary-2000-jewel-net-indra/dushun-cleary-2000-jewel-net-indra.md isn't yet tracked by git, dates will be inaccurate

Warning: content/symbolon/episteme/aphorisms/investigation-and-faith.md isn't yet tracked by git, dates will be inaccurate

Warning: content/section-rooms/arguments/concepts/C07-Conditions-of-Worldhood.md isn't yet tracked by git, dates will be inaccurate

Warning: content/symbolon/episteme/maps/navigation/intents/episteme-figures.md isn't yet tracked by git, dates will be inaccurate

Warning: content/symbolon/episteme/aphorisms/site-a1-hero.md isn't yet tracked by git, dates will be inaccurate

Warning: content/symbolon/episteme/sources/indian-philosophy/dyczkowski/dyczkowski-2000-doctrine-vibration/dyczkowski-2000-doctrine-vibration.md isn't yet tracked by git, dates will be inaccurate

Warning: content/section-rooms/arguments/concepts/C08-Context-Context-Frame.md isn't yet tracked by git, dates will be inaccurate

Warning: content/symbolon/episteme/maps/navigation/intents/episteme-histories.md isn't yet tracked by git, dates will be inaccurate

Warning: content/symbolon/episteme/aphorisms/site-a2-the-heart.md isn't yet tracked by git, dates will be inaccurate

Warning: content/section-rooms/arguments/concepts/C09-Diaphaneity.md isn't yet tracked by git, dates will be inaccurate

Warning: content/symbolon/episteme/aphorisms/site-a3-what-is-epi-logos-for.md isn't yet tracked by git, dates will be inaccurate

Warning: content/symbolon/episteme/sources/indian-philosophy/isvarakrishna/isvarakrishna-colebrooke-wilson-1837-sankhya-karika/isvarakrishna-colebrooke-wilson-1837-sankhya-karika.md isn't yet tracked by git, dates will be inaccurate

Warning: content/section-rooms/arguments/concepts/C10-Mediation-Pramana.md isn't yet tracked by git, dates will be inaccurate

Warning: content/symbolon/episteme/maps/navigation/intents/episteme-lenses.md isn't yet tracked by git, dates will be inaccurate

Warning: content/symbolon/episteme/aphorisms/site-a4-the-question.md isn't yet tracked by git, dates will be inaccurate

Warning: content/section-rooms/arguments/concepts/C11-Quaternal-Logic.md isn't yet tracked by git, dates will be inaccurate

Warning: content/symbolon/episteme/sources/indian-philosophy/isvarakrishna/isvarakrishna-ruzsa-1998-samkhyakarika/isvarakrishna-ruzsa-1998-samkhyakarika.md isn't yet tracked by git, dates will be inaccurate

Warning: content/symbolon/episteme/maps/navigation/intents/episteme-maps.md isn't yet tracked by git, dates will be inaccurate

Warning: content/symbolon/episteme/aphorisms/site-a5-install.md isn't yet tracked by git, dates will be inaccurate

Warning: content/symbolon/episteme/sources/indian-philosophy/kallata/spandakarika-dyczkowski-1992-stanzas-vibration/spandakarika-dyczkowski-1992-stanzas-vibration.md isn't yet tracked by git, dates will be inaccurate

Warning: content/section-rooms/arguments/concepts/C12-Script-Frozen-Conditioned-Will.md isn't yet tracked by git, dates will be inaccurate

Warning: content/symbolon/episteme/maps/navigation/intents/episteme-products.md isn't yet tracked by git, dates will be inaccurate

Warning: content/symbolon/episteme/sources/indian-philosophy/maccracken/maccracken-2017-recognizing-recognition/maccracken-2017-recognizing-recognition.md isn't yet tracked by git, dates will be inaccurate

Warning: content/section-rooms/arguments/concepts/C13-Prakasa-Vimarsa.md isn't yet tracked by git, dates will be inaccurate

Warning: content/symbolon/episteme/maps/navigation/intents/episteme-root.md isn't yet tracked by git, dates will be inaccurate

Warning: content/symbolon/episteme/sources/internal-corpus/taylor/taylor-2026-sym-dia-ballein-views/taylor-2026-sym-dia-ballein-views.md isn't yet tracked by git, dates will be inaccurate

Warning: content/symbolon/episteme/sources/indian-philosophy/muller-ortega/muller-ortega-1998-abhinavagupta/muller-ortega-1998-abhinavagupta.md isn't yet tracked by git, dates will be inaccurate

Warning: content/section-rooms/arguments/concepts/C14-Maya-Operative-Measure.md isn't yet tracked by git, dates will be inaccurate

Warning: content/symbolon/episteme/maps/navigation/intents/episteme-sources--analytic-philosophy.md isn't yet tracked by git, dates will be inaccurate

Warning: content/symbolon/episteme/sources/internal-corpus/taylor/taylor-2026-symbolon-dynamics/taylor-2026-symbolon-dynamics.md isn't yet tracked by git, dates will be inaccurate

Warning: content/section-rooms/arguments/concepts/C15-Pasu-Bounded-Subject-Position.md isn't yet tracked by git, dates will be inaccurate

Warning: content/symbolon/episteme/sources/indian-philosophy/nagarjuna/nagarjuna-garfield-1995-fundamental-wisdom/nagarjuna-garfield-1995-fundamental-wisdom.md isn't yet tracked by git, dates will be inaccurate

Warning: content/symbolon/episteme/maps/navigation/intents/episteme-sources--biblical-studies.md isn't yet tracked by git, dates will be inaccurate

Warning: content/symbolon/episteme/sources/language-literary-studies/atilf/atilf-tlfi-regard/atilf-tlfi-regard.md isn't yet tracked by git, dates will be inaccurate

Warning: content/symbolon/episteme/sources/indian-philosophy/pind/pind-2009-dignaga-anyapoha-dissertation/pind-2009-dignaga-anyapoha-dissertation.md isn't yet tracked by git, dates will be inaccurate

Warning: content/symbolon/episteme/maps/navigation/intents/episteme-sources--chinese-philosophy.md isn't yet tracked by git, dates will be inaccurate

Warning: content/section-rooms/arguments/concepts/C16-Antahkarana-Inner-Instrument.md isn't yet tracked by git, dates will be inaccurate

Warning: content/symbolon/episteme/sources/language-literary-studies/merriam-webster/merriam-webster-online-dictionary/merriam-webster-online-dictionary.md isn't yet tracked by git, dates will be inaccurate

Warning: content/symbolon/episteme/sources/indian-philosophy/siderits/siderits-tillemans-chakrabarti-2011-apoha/siderits-tillemans-chakrabarti-2011-apoha.md isn't yet tracked by git, dates will be inaccurate

Warning: content/symbolon/episteme/maps/navigation/intents/episteme-sources--classical-philology.md isn't yet tracked by git, dates will be inaccurate

Warning: content/section-rooms/arguments/concepts/C17-Vikalpa-Samkalpa.md isn't yet tracked by git, dates will be inaccurate

Warning: content/symbolon/episteme/sources/language-philology/lewis-short/lewis-short-proicio/lewis-short-proicio.md isn't yet tracked by git, dates will be inaccurate

Warning: content/symbolon/episteme/sources/indian-philosophy/van-norden/van-norden-jones-2024-huayan-sep/van-norden-jones-2024-huayan-sep.md isn't yet tracked by git, dates will be inaccurate

Warning: content/section-rooms/arguments/concepts/C18-Apoha.md isn't yet tracked by git, dates will be inaccurate

Warning: content/symbolon/episteme/maps/navigation/intents/episteme-sources--classical-premodern-philosophy.md isn't yet tracked by git, dates will be inaccurate

Warning: content/symbolon/episteme/sources/language-philology/liddell-scott-jones/lsj-genesis/lsj-genesis.md isn't yet tracked by git, dates will be inaccurate

Warning: content/symbolon/episteme/sources/internal-corpus/taylor/chat-logs/taylor-2026-oi-product-field-commission/taylor-2026-oi-product-field-commission.md isn't yet tracked by git, dates will be inaccurate

Warning: content/section-rooms/arguments/concepts/C19-Pratyabhijna-Recognition.md isn't yet tracked by git, dates will be inaccurate

Warning: content/symbolon/episteme/sources/language-philology/liddell-scott-jones/lsj-paradeigma-paradeiknumi/lsj-paradeigma-paradeiknumi.md isn't yet tracked by git, dates will be inaccurate

Warning: content/symbolon/episteme/maps/navigation/intents/episteme-sources--computer-science-ml.md isn't yet tracked by git, dates will be inaccurate

Warning: content/symbolon/episteme/sources/internal-corpus/taylor/chat-logs/taylor-2026-skenfrith-cope-jung-ql/taylor-2026-skenfrith-cope-jung-ql.md isn't yet tracked by git, dates will be inaccurate

Warning: content/section-rooms/arguments/concepts/C20-Arche-Topos.md isn't yet tracked by git, dates will be inaccurate

Warning: content/symbolon/episteme/sources/literature/goethe/goethe-1983-selected-poems-nims/goethe-1983-selected-poems-nims.md isn't yet tracked by git, dates will be inaccurate

Warning: content/symbolon/episteme/sources/internal-corpus/taylor/chat-logs/taylor-2026-spirit-nature-man-humanity/taylor-2026-spirit-nature-man-humanity.md isn't yet tracked by git, dates will be inaccurate

Warning: content/symbolon/episteme/maps/navigation/intents/episteme-sources--history-philosophy-of-science.md isn't yet tracked by git, dates will be inaccurate

Warning: content/section-rooms/arguments/concepts/C21-Living-Symbol-Idol.md isn't yet tracked by git, dates will be inaccurate

Warning: content/symbolon/episteme/sources/mathematics-logic/bhaskara/scharf-2010-bijaganita-digital/scharf-2010-bijaganita-digital.md isn't yet tracked by git, dates will be inaccurate

Warning: content/symbolon/episteme/sources/internal-corpus/taylor/chat-logs/taylor-chatgpt-2026-symbolon-in-media/taylor-chatgpt-2026-symbolon-in-media.md isn't yet tracked by git, dates will be inaccurate

Warning: content/symbolon/episteme/maps/navigation/intents/episteme-sources--indian-philosophy.md isn't yet tracked by git, dates will be inaccurate

Warning: content/section-rooms/arguments/concepts/C22-Counterfeit-Symbolon.md isn't yet tracked by git, dates will be inaccurate

Warning: content/symbolon/episteme/sources/mathematics-logic/bradley/bradley-terry-1952-paired-comparisons/bradley-terry-1952-paired-comparisons.md isn't yet tracked by git, dates will be inaccurate

Warning: content/symbolon/episteme/sources/internal-corpus/taylor/chat-logs/taylor-claude-2026-derivational-chat/taylor-claude-2026-derivational-chat.md isn't yet tracked by git, dates will be inaccurate

Warning: content/symbolon/episteme/sources/mathematics-logic/brahmagupta/colebrooke-1817-brahmagupta-bhaskara/colebrooke-1817-brahmagupta-bhaskara.md isn't yet tracked by git, dates will be inaccurate

Warning: content/symbolon/episteme/maps/navigation/intents/episteme-sources--internal-corpus.md isn't yet tracked by git, dates will be inaccurate

Warning: content/symbolon/episteme/sources/internal-corpus/taylor/chat-logs/taylor-gemini-2026-pax-machina-body-without-organs/taylor-gemini-2026-pax-machina-body-without-organs.md isn't yet tracked by git, dates will be inaccurate

Warning: content/symbolon/episteme/sources/internal-corpus/taylor/chat-logs/taylor-gemini-2026-skenfrith-castle-power-history/taylor-gemini-2026-skenfrith-castle-power-history.md isn't yet tracked by git, dates will be inaccurate

Warning: content/symbolon/episteme/sources/mathematics-logic/daza/daza-et-al-2016-basin-entropy/daza-et-al-2016-basin-entropy.md isn't yet tracked by git, dates will be inaccurate

Warning: content/symbolon/episteme/maps/navigation/intents/episteme-sources--language-literary-studies.md isn't yet tracked by git, dates will be inaccurate

Warning: content/symbolon/matheme/definition/six-determinations.md isn't yet tracked by git, dates will be inaccurate

Warning: content/symbolon/episteme/sources/internal-corpus/taylor/taylor-2026-6174-ql-complete-mapping/taylor-2026-6174-ql-complete-mapping.md isn't yet tracked by git, dates will be inaccurate

Warning: content/symbolon/episteme/sources/mathematics-logic/dutta/dutta-2023-zero-divided-numbers-india/dutta-2023-zero-divided-numbers-india.md isn't yet tracked by git, dates will be inaccurate

Warning: content/symbolon/episteme/maps/navigation/intents/episteme-sources--language-philology.md isn't yet tracked by git, dates will be inaccurate

Warning: content/symbolon/matheme/definition/the-matheme.md isn't yet tracked by git, dates will be inaccurate

Warning: content/symbolon/episteme/sources/internal-corpus/taylor/taylor-2026-advent-zero-subject/taylor-2026-advent-zero-subject.md isn't yet tracked by git, dates will be inaccurate

Warning: content/symbolon/episteme/sources/mathematics-logic/garfield/garfield-priest-2003-limits-of-thought/garfield-priest-2003-limits-of-thought.md isn't yet tracked by git, dates will be inaccurate

Warning: content/symbolon/episteme/maps/navigation/intents/episteme-sources--literature.md isn't yet tracked by git, dates will be inaccurate

Warning: content/symbolon/matheme/dia-syn/README.md isn't yet tracked by git, dates will be inaccurate

Warning: content/symbolon/episteme/sources/internal-corpus/taylor/taylor-2026-antykathera-csm-lecture-notes/taylor-2026-antykathera-csm-lecture-notes.md isn't yet tracked by git, dates will be inaccurate

Warning: content/symbolon/episteme/sources/mathematics-logic/godel/godel-1931-undecidable-propositions/godel-1931-undecidable-propositions.md isn't yet tracked by git, dates will be inaccurate

Warning: content/symbolon/matheme/dia-syn/chronic.md isn't yet tracked by git, dates will be inaccurate

Warning: content/symbolon/episteme/maps/navigation/intents/episteme-sources--mathematics-logic.md isn't yet tracked by git, dates will be inaccurate

Warning: content/symbolon/episteme/sources/internal-corpus/taylor/taylor-2026-christ-mono-poly-theory/taylor-2026-christ-mono-poly-theory.md isn't yet tracked by git, dates will be inaccurate

Warning: content/symbolon/episteme/sources/mathematics-logic/hatcher/hatcher-2002-algebraic-topology/hatcher-2002-algebraic-topology.md isn't yet tracked by git, dates will be inaccurate

Warning: content/symbolon/matheme/dia-syn/dia.md isn't yet tracked by git, dates will be inaccurate

Warning: content/symbolon/episteme/maps/navigation/intents/episteme-sources--media-technology-philosophy.md isn't yet tracked by git, dates will be inaccurate

Warning: content/symbolon/episteme/sources/internal-corpus/taylor/taylor-2026-core-theorems-pithy/taylor-2026-core-theorems-pithy.md isn't yet tracked by git, dates will be inaccurate

Warning: content/symbolon/matheme/dia-syn/syn.md isn't yet tracked by git, dates will be inaccurate

Warning: content/symbolon/episteme/sources/mathematics-logic/kaplan/kaplan-1999-nothing-that-is/kaplan-1999-nothing-that-is.md isn't yet tracked by git, dates will be inaccurate

Warning: content/symbolon/matheme/diagrams/README.md isn't yet tracked by git, dates will be inaccurate

Warning: content/symbolon/episteme/sources/internal-corpus/taylor/taylor-2026-definition-god-draft3/taylor-2026-definition-god-draft3.md isn't yet tracked by git, dates will be inaccurate

Warning: content/symbolon/episteme/maps/navigation/intents/episteme-sources--phenomenology-continental-philosophy.md isn't yet tracked by git, dates will be inaccurate

Warning: content/symbolon/episteme/sources/mathematics-logic/kapsner/kapsner-2020-cutting-corners/kapsner-2020-cutting-corners.md isn't yet tracked by git, dates will be inaccurate

Warning: content/symbolon/matheme/diagrams/atlas-two-chart-circle.md isn't yet tracked by git, dates will be inaccurate

Warning: content/symbolon/episteme/maps/navigation/intents/episteme-sources--physics.md isn't yet tracked by git, dates will be inaccurate

Warning: content/symbolon/episteme/sources/internal-corpus/taylor/taylor-2026-encounter-region-name-count/taylor-2026-encounter-region-name-count.md isn't yet tracked by git, dates will be inaccurate

Warning: content/symbolon/episteme/sources/mathematics-logic/kauffman/kauffman-2014-iterants-fermions-dirac-arxiv/kauffman-2014-iterants-fermions-dirac-arxiv.md isn't yet tracked by git, dates will be inaccurate

Warning: content/symbolon/matheme/diagrams/crossed-zero-recognition-chain.md isn't yet tracked by git, dates will be inaccurate

Warning: content/symbolon/episteme/sources/internal-corpus/taylor/taylor-2026-mef-twelve-lenses/taylor-2026-mef-twelve-lenses.md isn't yet tracked by git, dates will be inaccurate

Warning: content/symbolon/episteme/maps/navigation/intents/episteme-sources--political-theory-institutions.md isn't yet tracked by git, dates will be inaccurate

Warning: content/symbolon/episteme/sources/mathematics-logic/nist/nist-dlmf-2026-complex-variable/nist-dlmf-2026-complex-variable.md isn't yet tracked by git, dates will be inaccurate

Warning: content/symbolon/matheme/diagrams/ql-unit-mandala-eight-determinations.md isn't yet tracked by git, dates will be inaccurate

Warning: content/symbolon/episteme/sources/internal-corpus/taylor/taylor-2026-mono-poly-two-ones/taylor-2026-mono-poly-two-ones.md isn't yet tracked by git, dates will be inaccurate

Warning: content/symbolon/episteme/sources/internal-corpus/taylor/taylor-2026-personal-poetry-corpus/taylor-2026-personal-poetry-corpus.md isn't yet tracked by git, dates will be inaccurate

Warning: content/symbolon/matheme/diagrams/re-entry-projective-fork.md isn't yet tracked by git, dates will be inaccurate

Warning: content/symbolon/episteme/sources/mathematics-logic/priest/priest-2010-logic-catuskoti/priest-2010-logic-catuskoti.md isn't yet tracked by git, dates will be inaccurate

Warning: content/symbolon/matheme/diagrams/sheffer-nor-reduction.md isn't yet tracked by git, dates will be inaccurate

Warning: content/symbolon/episteme/sources/mathematics-logic/priest/priest-2014-one/priest-2014-one.md isn't yet tracked by git, dates will be inaccurate

Warning: content/symbolon/mytheme/poetry/getting-tired-of-the-bullshit.md isn't yet tracked by git, dates will be inaccurate

Warning: content/symbolon/episteme/sources/internal-corpus/taylor/taylor-2026-ql-musical-derivation-v3/taylor-2026-ql-musical-derivation-v3.md isn't yet tracked by git, dates will be inaccurate

Warning: content/symbolon/matheme/diagrams/spanda-4-2-attunement-stack.md isn't yet tracked by git, dates will be inaccurate

Warning: content/symbolon/episteme/sources/mathematics-logic/priest/priest-2018-fifth-corner/priest-2018-fifth-corner.md isn't yet tracked by git, dates will be inaccurate

Warning: content/symbolon/mytheme/poetry/god-doesnt-play-dice.md isn't yet tracked by git, dates will be inaccurate

Warning: content/symbolon/episteme/sources/internal-corpus/taylor/taylor-2026-revision-notes-trust/taylor-2026-revision-notes-trust.md isn't yet tracked by git, dates will be inaccurate

Warning: content/symbolon/matheme/formal-neighbours/README.md isn't yet tracked by git, dates will be inaccurate

Warning: content/symbolon/mytheme/poetry/gods-art.md isn't yet tracked by git, dates will be inaccurate

Warning: content/symbolon/episteme/sources/mathematics-logic/raatikainen/raatikainen-2026-godel-incompleteness-sep/raatikainen-2026-godel-incompleteness-sep.md isn't yet tracked by git, dates will be inaccurate

Warning: content/symbolon/matheme/formal-neighbours/calculus-infinity-dx.md isn't yet tracked by git, dates will be inaccurate

Warning: content/symbolon/episteme/sources/mathematics-logic/rotman/rotman-1987-signifying-nothing/rotman-1987-signifying-nothing.md isn't yet tracked by git, dates will be inaccurate

Warning: content/symbolon/mytheme/poetry/good-jokes.md isn't yet tracked by git, dates will be inaccurate

Warning: content/symbolon/matheme/formal-neighbours/chaos-attractors.md isn't yet tracked by git, dates will be inaccurate

Warning: content/symbolon/mytheme/poetry/heavens-inaugurator.md isn't yet tracked by git, dates will be inaccurate

Warning: content/symbolon/episteme/sources/mathematics-logic/russell/russell-1908-theory-types/russell-1908-theory-types.md isn't yet tracked by git, dates will be inaccurate

Warning: content/symbolon/matheme/formal-neighbours/cross-ratio.md isn't yet tracked by git, dates will be inaccurate

Warning: content/symbolon/episteme/sources/mathematics-logic/scholtz/scholtz-1998-algorithms-diatonic-keyboard-tunings/scholtz-1998-algorithms-diatonic-keyboard-tunings.md isn't yet tracked by git, dates will be inaccurate

Warning: content/symbolon/matheme/formal-neighbours/crt-z6.md isn't yet tracked by git, dates will be inaccurate

Warning: content/symbolon/episteme/sources/mathematics-logic/sheffer/sheffer-1913-five-postulates/sheffer-1913-five-postulates.md isn't yet tracked by git, dates will be inaccurate

Warning: content/symbolon/matheme/formal-neighbours/division-pluralisms.md isn't yet tracked by git, dates will be inaccurate

Warning: content/symbolon/episteme/sources/mathematics-logic/spencer-brown/spencer-brown-1969-laws-form/spencer-brown-1969-laws-form.md isn't yet tracked by git, dates will be inaccurate

Warning: content/symbolon/matheme/formal-neighbours/fde-catuskoti.md isn't yet tracked by git, dates will be inaccurate

Warning: content/symbolon/episteme/sources/mathematics-logic/strang/strang-herman-2016-openstax-calculus-v1/strang-herman-2016-openstax-calculus-v1.md isn't yet tracked by git, dates will be inaccurate

Warning: content/symbolon/mytheme/poetry/history-march-to-june-2026.md isn't yet tracked by git, dates will be inaccurate

Warning: content/symbolon/matheme/formal-neighbours/godel-incompleteness.md isn't yet tracked by git, dates will be inaccurate

Warning: content/symbolon/episteme/sources/mathematics-logic/whitehead/whitehead-russell-1910-1913-principia/whitehead-russell-1910-1913-principia.md isn't yet tracked by git, dates will be inaccurate

Warning: content/symbolon/matheme/formal-neighbours/grothendieck-group-loss.md isn't yet tracked by git, dates will be inaccurate

Warning: content/symbolon/episteme/sources/media-technology-philosophy/42-techne/42-techne-2026-sovereign-commons/42-techne-2026-sovereign-commons.md isn't yet tracked by git, dates will be inaccurate

Warning: content/symbolon/matheme/formal-neighbours/kauffman-iterants.md isn't yet tracked by git, dates will be inaccurate

Warning: content/symbolon/episteme/sources/media-technology-philosophy/antikythera/antikythera-2026-site-copy/antikythera-2026-site-copy.md isn't yet tracked by git, dates will be inaccurate

Warning: content/symbolon/matheme/formal-neighbours/laws-of-form-varela.md isn't yet tracked by git, dates will be inaccurate

Warning: content/symbolon/matheme/formal-neighbours/noether-symmetry-conservation.md isn't yet tracked by git, dates will be inaccurate

Warning: content/symbolon/episteme/sources/media-technology-philosophy/antikythera/ionescu-khan-milne-mocan-2025-minimum-viable-interiority/ionescu-khan-milne-mocan-2025-minimum-viable-interiority.md isn't yet tracked by git, dates will be inaccurate

Warning: content/symbolon/matheme/formal-neighbours/quaternion-q8.md isn't yet tracked by git, dates will be inaccurate

Warning: content/symbolon/episteme/sources/media-technology-philosophy/baudrillard/baudrillard-1976-symbolic-exchange-death/baudrillard-1976-symbolic-exchange-death.md isn't yet tracked by git, dates will be inaccurate

Warning: content/symbolon/matheme/formal-neighbours/qubit-bloch-sphere.md isn't yet tracked by git, dates will be inaccurate

Warning: content/symbolon/episteme/sources/media-technology-philosophy/baudrillard/baudrillard-1977-forget-foucault/baudrillard-1977-forget-foucault.md isn't yet tracked by git, dates will be inaccurate

Warning: content/symbolon/matheme/formal-neighbours/russell-types.md isn't yet tracked by git, dates will be inaccurate

Warning: content/symbolon/episteme/sources/media-technology-philosophy/baudrillard/baudrillard-1981-simulacra-and-simulation/baudrillard-1981-simulacra-and-simulation.md isn't yet tracked by git, dates will be inaccurate

Warning: content/symbolon/matheme/formal-neighbours/sheffer-stroke.md isn't yet tracked by git, dates will be inaccurate

Warning: content/symbolon/episteme/sources/media-technology-philosophy/baudrillard/baudrillard-1983-fatal-strategies/baudrillard-1983-fatal-strategies.md isn't yet tracked by git, dates will be inaccurate

Warning: content/symbolon/matheme/formal-neighbours/trivial-ring.md isn't yet tracked by git, dates will be inaccurate

Warning: content/symbolon/episteme/sources/media-technology-philosophy/baudrillard/baudrillard-1990-transparency-evil/baudrillard-1990-transparency-evil.md isn't yet tracked by git, dates will be inaccurate

Warning: content/symbolon/matheme/formal-neighbours/von-neumann-ordinals.md isn't yet tracked by git, dates will be inaccurate

Warning: content/symbolon/matheme/harmonics/README.md isn't yet tracked by git, dates will be inaccurate

Warning: content/symbolon/episteme/sources/media-technology-philosophy/bratton/bratton-2026-agentworld-brief/bratton-2026-agentworld-brief.md isn't yet tracked by git, dates will be inaccurate

Warning: content/symbolon/matheme/harmonics/arche-topos-musical-resolution.md isn't yet tracked by git, dates will be inaccurate

Warning: content/symbolon/matheme/harmonics/cycle-interval-octave.md isn't yet tracked by git, dates will be inaccurate

Warning: content/symbolon/episteme/sources/media-technology-philosophy/jorjani/jorjani-2016-prometheus-atlas/jorjani-2016-prometheus-atlas.md isn't yet tracked by git, dates will be inaccurate

Warning: content/symbolon/matheme/harmonics/cymatics-standing-waves.md isn't yet tracked by git, dates will be inaccurate

Warning: content/symbolon/episteme/sources/media-technology-philosophy/mcgoohan-markstein/mcgoohan-markstein-1967-the-prisoner/mcgoohan-markstein-1967-the-prisoner.md isn't yet tracked by git, dates will be inaccurate

Warning: content/symbolon/matheme/harmonics/metonic-antikythera-cycle.md isn't yet tracked by git, dates will be inaccurate

Warning: content/symbolon/matheme/harmonics/perfect-six.md isn't yet tracked by git, dates will be inaccurate

Warning: content/symbolon/episteme/sources/phenomenology-continental-philosophy/foucault/foucault-1976-history-sexuality-v1/foucault-1976-history-sexuality-v1.md isn't yet tracked by git, dates will be inaccurate

Warning: content/symbolon/matheme/harmonics/pythagorean-comma.md isn't yet tracked by git, dates will be inaccurate

Warning: content/symbolon/episteme/sources/phenomenology-continental-philosophy/gebser/gebser-1985-ever-present-origin/gebser-1985-ever-present-origin.md isn't yet tracked by git, dates will be inaccurate

Warning: content/symbolon/matheme/harmonics/tetraktys-triangle.md isn't yet tracked by git, dates will be inaccurate

Warning: content/symbolon/episteme/sources/phenomenology-continental-philosophy/heidegger/heidegger-1966-discourse-on-thinking/heidegger-1966-discourse-on-thinking.md isn't yet tracked by git, dates will be inaccurate

Warning: content/symbolon/matheme/harmonics/whole-tone-return.md isn't yet tracked by git, dates will be inaccurate

Warning: content/symbolon/matheme/mono-poly/README.md isn't yet tracked by git, dates will be inaccurate

Warning: content/symbolon/episteme/sources/phenomenology-continental-philosophy/heidegger/heidegger-1975-early-greek-thinking/heidegger-1975-early-greek-thinking.md isn't yet tracked by git, dates will be inaccurate

Warning: content/symbolon/matheme/mono-poly/mono.md isn't yet tracked by git, dates will be inaccurate

Warning: content/symbolon/episteme/sources/phenomenology-continental-philosophy/heidegger/heidegger-1977-question-concerning-technology/heidegger-1977-question-concerning-technology.md isn't yet tracked by git, dates will be inaccurate

Warning: content/symbolon/matheme/mono-poly/poly.md isn't yet tracked by git, dates will be inaccurate

Warning: content/symbolon/matheme/mono-poly/translations.md isn't yet tracked by git, dates will be inaccurate

Warning: content/symbolon/mytheme/poetry/how-many-layers-deep.md isn't yet tracked by git, dates will be inaccurate

Warning: content/symbolon/episteme/sources/phenomenology-continental-philosophy/levinas/levinas-1961-totality-and-infinity/levinas-1961-totality-and-infinity.md isn't yet tracked by git, dates will be inaccurate

Warning: content/symbolon/matheme/music/README.md isn't yet tracked by git, dates will be inaccurate

Warning: content/symbolon/mytheme/poetry/in-need.md isn't yet tracked by git, dates will be inaccurate

Warning: content/symbolon/episteme/sources/phenomenology-continental-philosophy/levinas/levinas-1981-otherwise-than-being/levinas-1981-otherwise-than-being.md isn't yet tracked by git, dates will be inaccurate

Warning: content/symbolon/matheme/music/chromatic-substrates.md isn't yet tracked by git, dates will be inaccurate

Warning: content/symbolon/episteme/sources/phenomenology-continental-philosophy/maroski/maroski-2025-seeing-through-solid-words/maroski-2025-seeing-through-solid-words.md isn't yet tracked by git, dates will be inaccurate

Warning: content/symbolon/mytheme/poetry/infinite-infinitessimal-may-2026.md isn't yet tracked by git, dates will be inaccurate

Warning: content/symbolon/matheme/music/diatonic-cf-grammar.md isn't yet tracked by git, dates will be inaccurate

Warning: content/symbolon/episteme/sources/phenomenology-continental-philosophy/nietzsche/nietzsche-1910-birth-tragedy-haussmann/nietzsche-1910-birth-tragedy-haussmann.md isn't yet tracked by git, dates will be inaccurate

Warning: content/symbolon/episteme/sources/physics/atmanspacher/atmanspacher-2020-pauli-jung-conjecture/atmanspacher-2020-pauli-jung-conjecture.md isn't yet tracked by git, dates will be inaccurate

Warning: content/symbolon/matheme/music/field.md isn't yet tracked by git, dates will be inaccurate

Warning: content/symbolon/mytheme/poetry/intimacy-of-knowing.md isn't yet tracked by git, dates will be inaccurate

Warning: content/symbolon/episteme/sources/physics/iter/iter-what-is-tokamak/iter-what-is-tokamak.md isn't yet tracked by git, dates will be inaccurate

Warning: content/symbolon/matheme/music/foundational-ratios.md isn't yet tracked by git, dates will be inaccurate

Warning: content/symbolon/mytheme/poetry/it-takes-the-one.md isn't yet tracked by git, dates will be inaccurate

Warning: content/symbolon/episteme/sources/physics/kirchner/kirchner-elkamhawy-hammer-2024-entanglement-nucleon-scattering/kirchner-elkamhawy-hammer-2024-entanglement-nucleon-scattering.md isn't yet tracked by git, dates will be inaccurate

Warning: content/symbolon/mytheme/poetry/its-getting-late.md isn't yet tracked by git, dates will be inaccurate

Warning: content/symbolon/matheme/music/lens-anchors.md isn't yet tracked by git, dates will be inaccurate

Warning: content/symbolon/mytheme/poetry/its-not-enough-to-know-the-truth.md isn't yet tracked by git, dates will be inaccurate

Warning: content/symbolon/episteme/sources/political-theory-institutions/bank-of-england/bank-of-england-2019-payments-through-time/bank-of-england-2019-payments-through-time.md isn't yet tracked by git, dates will be inaccurate

Warning: content/symbolon/matheme/music/observer-instrument.md isn't yet tracked by git, dates will be inaccurate

Warning: content/symbolon/mytheme/poetry/its-so.md isn't yet tracked by git, dates will be inaccurate

Warning: content/symbolon/episteme/sources/political-theory-institutions/fanon/fanon-1952-peau-noire-masques-blancs/fanon-1952-peau-noire-masques-blancs.md isn't yet tracked by git, dates will be inaccurate

Warning: content/symbolon/matheme/music/pairing-grammar.md isn't yet tracked by git, dates will be inaccurate

Warning: content/symbolon/mytheme/poetry/joys-estate.md isn't yet tracked by git, dates will be inaccurate

Warning: content/symbolon/episteme/sources/political-theory-institutions/francois-i/francois-i-1539-villers-cotterets/francois-i-1539-villers-cotterets.md isn't yet tracked by git, dates will be inaccurate

Warning: content/symbolon/matheme/process/README.md isn't yet tracked by git, dates will be inaccurate

Warning: content/symbolon/mytheme/poetry/kalis-day.md isn't yet tracked by git, dates will be inaccurate

Warning: content/symbolon/episteme/sources/political-theory-institutions/german-reich/reich-1935-citizenship-law-first-regulation/reich-1935-citizenship-law-first-regulation.md isn't yet tracked by git, dates will be inaccurate

Warning: content/symbolon/matheme/process/harmonics-symmetries.md isn't yet tracked by git, dates will be inaccurate

Warning: content/symbolon/mytheme/poetry/know-unknown.md isn't yet tracked by git, dates will be inaccurate

Warning: content/symbolon/episteme/sources/political-theory-institutions/gregoire/gregoire-1794-unite-de-langue/gregoire-1794-unite-de-langue.md isn't yet tracked by git, dates will be inaccurate

Warning: content/symbolon/mytheme/poetry/knowing-the-mystery.md isn't yet tracked by git, dates will be inaccurate

Warning: content/symbolon/matheme/process/phase-flip.md isn't yet tracked by git, dates will be inaccurate

Warning: content/symbolon/episteme/sources/political-theory-institutions/iakovou/iakovou-2022-misuse-totalitarianism/iakovou-2022-misuse-totalitarianism.md isn't yet tracked by git, dates will be inaccurate

Warning: content/symbolon/mytheme/poetry/knowledge-to-knowing.md isn't yet tracked by git, dates will be inaccurate

Warning: content/symbolon/matheme/process/ql-positions.md isn't yet tracked by git, dates will be inaccurate

Warning: content/symbolon/episteme/sources/political-theory-institutions/kinzer/kinzer-2026-mkultra-house-testimony/kinzer-2026-mkultra-house-testimony.md isn't yet tracked by git, dates will be inaccurate

Warning: content/symbolon/mytheme/poetry/labour-of-leisure.md isn't yet tracked by git, dates will be inaccurate

Warning: content/symbolon/matheme/process/ratio-threshold.md isn't yet tracked by git, dates will be inaccurate

Warning: content/symbolon/episteme/sources/political-theory-institutions/national-archives/nara-2000-gehlen-disclosure/nara-2000-gehlen-disclosure.md isn't yet tracked by git, dates will be inaccurate

Warning: content/symbolon/mytheme/poetry/language-has-2-options.md isn't yet tracked by git, dates will be inaccurate

Warning: content/symbolon/matheme/process/spanda.md isn't yet tracked by git, dates will be inaccurate

Warning: content/symbolon/episteme/sources/political-theory-institutions/ostrom/ostrom-2009-beyond-markets-states-nobel-lecture/ostrom-2009-beyond-markets-states-nobel-lecture.md isn't yet tracked by git, dates will be inaccurate

Warning: content/symbolon/mytheme/poetry/leaves-in-the-fall.md isn't yet tracked by git, dates will be inaccurate

Warning: content/symbolon/matheme/process/t0-onto-logic.md isn't yet tracked by git, dates will be inaccurate

Warning: content/symbolon/episteme/sources/political-theory-institutions/united-states-doj/doj-2025-epstein-production-letter/doj-2025-epstein-production-letter.md isn't yet tracked by git, dates will be inaccurate

Warning: content/symbolon/mytheme/poetry/lexicon-of-look.md isn't yet tracked by git, dates will be inaccurate

Warning: content/symbolon/matheme/process/t1-geometry.md isn't yet tracked by git, dates will be inaccurate

Warning: content/symbolon/episteme/sources/political-theory-institutions/united-states-government/us-1946-paperclip-policy-frus448/us-1946-paperclip-policy-frus448.md isn't yet tracked by git, dates will be inaccurate

Warning: content/symbolon/mytheme/poetry/lines-in-the-sand.md isn't yet tracked by git, dates will be inaccurate

Warning: content/symbolon/mytheme/poetry/man-and-god.md isn't yet tracked by git, dates will be inaccurate

Warning: content/symbolon/episteme/sources/political-theory-institutions/united-states-senate/senate-1977-project-mkultra-hearing/senate-1977-project-mkultra-hearing.md isn't yet tracked by git, dates will be inaccurate

Warning: content/symbolon/matheme/ql/README.md isn't yet tracked by git, dates will be inaccurate

Warning: content/symbolon/mytheme/poetry/mistaken-identity.md isn't yet tracked by git, dates will be inaccurate

Warning: content/symbolon/matheme/ql/binary-and-binary-of-binary.md isn't yet tracked by git, dates will be inaccurate

Warning: content/symbolon/episteme/sources/political-theory-institutions/wired/wired-2026-dialog-exposed/wired-2026-dialog-exposed.md isn't yet tracked by git, dates will be inaccurate

Warning: content/symbolon/episteme/sources/political-theory-institutions/wired/wired-2026-dialog-rankings/wired-2026-dialog-rankings.md isn't yet tracked by git, dates will be inaccurate

Warning: content/symbolon/mytheme/poetry/moon.md isn't yet tracked by git, dates will be inaccurate

Warning: content/symbolon/matheme/ql/complex-orientation.md isn't yet tracked by git, dates will be inaccurate

Warning: content/symbolon/mytheme/poetry/moonlight-sail.md isn't yet tracked by git, dates will be inaccurate

Warning: content/symbolon/episteme/sources/process-systems-theory/bergson/bergson-1913-time-free-will-pogson/bergson-1913-time-free-will-pogson.md isn't yet tracked by git, dates will be inaccurate

Warning: content/symbolon/matheme/ql/crossed-zero-re-entry.md isn't yet tracked by git, dates will be inaccurate

Warning: content/symbolon/mytheme/poetry/never-yet-to-come.md isn't yet tracked by git, dates will be inaccurate

Warning: content/symbolon/episteme/sources/process-systems-theory/bohm/bohm-1980-wholeness-implicate-order/bohm-1980-wholeness-implicate-order.md isn't yet tracked by git, dates will be inaccurate

Warning: content/symbolon/matheme/ql/eight-determinations.md isn't yet tracked by git, dates will be inaccurate

Warning: content/symbolon/mytheme/poetry/news.md isn't yet tracked by git, dates will be inaccurate

Warning: content/symbolon/episteme/sources/process-systems-theory/bohm/bohm-1996-on-dialogue/bohm-1996-on-dialogue.md isn't yet tracked by git, dates will be inaccurate

Warning: content/symbolon/matheme/ql/primordial-symbolon.md isn't yet tracked by git, dates will be inaccurate

Warning: content/symbolon/mytheme/poetry/night-walk-at-gaia.md isn't yet tracked by git, dates will be inaccurate

Warning: content/symbolon/episteme/sources/process-systems-theory/bohm/bohm-krishnamurti-1975-05-18-dialogue/bohm-krishnamurti-1975-05-18-dialogue.md isn't yet tracked by git, dates will be inaccurate

Warning: content/symbolon/matheme/ql/slash-and-or.md isn't yet tracked by git, dates will be inaccurate

Warning: content/symbolon/mytheme/poetry/nothing-but-the-miracle.md isn't yet tracked by git, dates will be inaccurate

Warning: content/symbolon/episteme/sources/process-systems-theory/bohm/bohm-on-dialogue-undated-handout/bohm-on-dialogue-undated-handout.md isn't yet tracked by git, dates will be inaccurate

Warning: content/symbolon/matheme/ql/two-ones.md isn't yet tracked by git, dates will be inaccurate

Warning: content/symbolon/mytheme/poetry/obviously.md isn't yet tracked by git, dates will be inaccurate

Warning: content/symbolon/episteme/sources/process-systems-theory/bohm/bohm-physics-and-beyond-interview/bohm-physics-and-beyond-interview.md isn't yet tracked by git, dates will be inaccurate

Warning: content/symbolon/matheme/ql/x-x.md isn't yet tracked by git, dates will be inaccurate

Warning: content/symbolon/mytheme/poetry/ode.md isn't yet tracked by git, dates will be inaccurate

Warning: content/symbolon/episteme/sources/process-systems-theory/bohm/bohm-postmodern-science-postmodern-world/bohm-postmodern-science-postmodern-world.md isn't yet tracked by git, dates will be inaccurate

Warning: content/symbolon/matheme/spanda/README.md isn't yet tracked by git, dates will be inaccurate

Warning: content/symbolon/mytheme/poetry/one-infinite.md isn't yet tracked by git, dates will be inaccurate

Warning: content/symbolon/episteme/sources/process-systems-theory/maturana/maturana-varela-1980-autopoiesis-cognition/maturana-varela-1980-autopoiesis-cognition.md isn't yet tracked by git, dates will be inaccurate

Warning: content/symbolon/matheme/spanda/spanda-equations.md isn't yet tracked by git, dates will be inaccurate

Warning: content/symbolon/mytheme/poetry/one-thing.md isn't yet tracked by git, dates will be inaccurate

Warning: content/symbolon/episteme/sources/process-systems-theory/seed/seed-2010-language-spirit/seed-2010-language-spirit.md isn't yet tracked by git, dates will be inaccurate

Warning: content/symbolon/matheme/topology/README.md isn't yet tracked by git, dates will be inaccurate

Warning: content/symbolon/mytheme/poetry/out-the-unknown.md isn't yet tracked by git, dates will be inaccurate

Warning: content/symbolon/episteme/sources/process-systems-theory/varela/varela-1975-calculus-self-reference/varela-1975-calculus-self-reference.md isn't yet tracked by git, dates will be inaccurate

Warning: content/symbolon/mytheme/poetry/petty-footnotes.md isn't yet tracked by git, dates will be inaccurate

Warning: content/symbolon/matheme/topology/manifold-atlas.md isn't yet tracked by git, dates will be inaccurate

Warning: content/symbolon/episteme/sources/process-systems-theory/whitehead/whitehead-1978-process-reality/whitehead-1978-process-reality.md isn't yet tracked by git, dates will be inaccurate

Warning: content/symbolon/mytheme/poetry/poem-07-06-2026.md isn't yet tracked by git, dates will be inaccurate

Warning: content/symbolon/matheme/topology/mobius-klein-surfaces.md isn't yet tracked by git, dates will be inaccurate

Warning: content/symbolon/episteme/sources/psychology/adleman/adleman-vanderwees-2021-lacan-rhetoric/adleman-vanderwees-2021-lacan-rhetoric.md isn't yet tracked by git, dates will be inaccurate

Warning: content/symbolon/mytheme/poetry/poem-p4-lines-rewrite.md isn't yet tracked by git, dates will be inaccurate

Warning: content/symbolon/matheme/topology/projective-completion.md isn't yet tracked by git, dates will be inaccurate

Warning: content/symbolon/episteme/sources/psychology/bache/bache-2019-lsd-mind-universe/bache-2019-lsd-mind-universe.md isn't yet tracked by git, dates will be inaccurate

Warning: content/symbolon/mytheme/poetry/poems-and-notes-france-trip-24-08-2026.md isn't yet tracked by git, dates will be inaccurate

Warning: content/symbolon/matheme/topology/projective-line.md isn't yet tracked by git, dates will be inaccurate

Warning: content/symbolon/episteme/sources/psychology/courtney/courtney-2019-salt-point-kairos-chaos/courtney-2019-salt-point-kairos-chaos.md isn't yet tracked by git, dates will be inaccurate

Warning: content/symbolon/mytheme/poetry/practice.md isn't yet tracked by git, dates will be inaccurate

Warning: content/symbolon/matheme/topology/riemann-sphere.md isn't yet tracked by git, dates will be inaccurate

Warning: content/symbolon/mytheme/poetry/putting-up-with-bullshit.md isn't yet tracked by git, dates will be inaccurate

Warning: content/symbolon/episteme/sources/psychology/desmet/desmet-2022-psychology-totalitarianism-web-essay/desmet-2022-psychology-totalitarianism-web-essay.md isn't yet tracked by git, dates will be inaccurate

Warning: content/symbolon/matheme/topology/toroidal-poloidal-confinement.md isn't yet tracked by git, dates will be inaccurate

Warning: content/symbolon/mytheme/poetry/return.md isn't yet tracked by git, dates will be inaccurate

Warning: content/symbolon/episteme/sources/psychology/freud/freud-1915-unconscious-standard-edition/freud-1915-unconscious-standard-edition.md isn't yet tracked by git, dates will be inaccurate

Warning: content/symbolon/matheme/topology/torus-cover-winding.md isn't yet tracked by git, dates will be inaccurate

Warning: content/symbolon/mytheme/poetry/royally-reconciled.md isn't yet tracked by git, dates will be inaccurate

Warning: content/symbolon/episteme/sources/psychology/jung/jung-1921-psychologische-typen/jung-1921-psychologische-typen.md isn't yet tracked by git, dates will be inaccurate

Warning: content/symbolon/minus-plus.md isn't yet tracked by git, dates will be inaccurate

Warning: content/symbolon/mytheme/poetry/shine-a-light.md isn't yet tracked by git, dates will be inaccurate

Warning: content/symbolon/episteme/sources/psychology/jung/jung-1969-psychology-religion-cw11/jung-1969-psychology-religion-cw11.md isn't yet tracked by git, dates will be inaccurate

Warning: content/symbolon/mono-poly.md isn't yet tracked by git, dates will be inaccurate

Warning: content/symbolon/mytheme/poetry/site-poem-p0.md isn't yet tracked by git, dates will be inaccurate

Warning: content/symbolon/episteme/sources/psychology/jung/jung-1971-spirit-man-art-literature-cw15/jung-1971-spirit-man-art-literature-cw15.md isn't yet tracked by git, dates will be inaccurate

Warning: content/symbolon/mytheme/poetry/site-poem-p1.md isn't yet tracked by git, dates will be inaccurate

Warning: content/symbolon/mytheme/README.md isn't yet tracked by git, dates will be inaccurate

Warning: content/symbolon/episteme/sources/psychology/jung/jung-1975-structure-dynamics-psyche-cw8/jung-1975-structure-dynamics-psyche-cw8.md isn't yet tracked by git, dates will be inaccurate

Warning: content/symbolon/mytheme/poetry/site-poem-p2.md isn't yet tracked by git, dates will be inaccurate

Warning: content/symbolon/mytheme/archetypal-ground/README.md isn't yet tracked by git, dates will be inaccurate

Warning: content/symbolon/episteme/sources/psychology/jung/jung-1976-psychological-types-cw6/jung-1976-psychological-types-cw6.md isn't yet tracked by git, dates will be inaccurate

Warning: content/symbolon/mytheme/poetry/site-poem-p3.md isn't yet tracked by git, dates will be inaccurate

Warning: content/symbolon/mytheme/archetypal-ground/neumann-images/WHOLE.md isn't yet tracked by git, dates will be inaccurate

Warning: content/symbolon/episteme/sources/psychology/jung/jung-1976-symbolic-life-cw18/jung-1976-symbolic-life-cw18.md isn't yet tracked by git, dates will be inaccurate

Warning: content/symbolon/mytheme/poetry/site-poem-p4.md isn't yet tracked by git, dates will be inaccurate

Warning: content/symbolon/episteme/sources/psychology/jung/jung-1977-mysterium-coniunctionis-cw14/jung-1977-mysterium-coniunctionis-cw14.md isn't yet tracked by git, dates will be inaccurate

Warning: content/symbolon/mytheme/archetypal-ground/uroboros-trickster/WHOLE.md isn't yet tracked by git, dates will be inaccurate

Warning: content/symbolon/mytheme/poetry/site-poem-p5.md isn't yet tracked by git, dates will be inaccurate

Warning: content/symbolon/mytheme/poetry/some-or-sum.md isn't yet tracked by git, dates will be inaccurate

Warning: content/symbolon/episteme/sources/psychology/jung/jung-1978-aion-cw9-2/jung-1978-aion-cw9-2.md isn't yet tracked by git, dates will be inaccurate

Warning: content/symbolon/mytheme/art/README.md isn't yet tracked by git, dates will be inaccurate

Warning: content/symbolon/episteme/sources/psychology/jung/jung-1980-psychology-alchemy-cw12/jung-1980-psychology-alchemy-cw12.md isn't yet tracked by git, dates will be inaccurate

Warning: content/symbolon/mytheme/atlas/README.md isn't yet tracked by git, dates will be inaccurate

Warning: content/symbolon/episteme/sources/psychology/jung/jung-1983-alchemical-studies-cw13/jung-1983-alchemical-studies-cw13.md isn't yet tracked by git, dates will be inaccurate

Warning: content/symbolon/mytheme/atlas/geography/README.md isn't yet tracked by git, dates will be inaccurate

Warning: content/symbolon/episteme/sources/psychology/jung/jung-2013-undiscovered-self-routledge/jung-2013-undiscovered-self-routledge.md isn't yet tracked by git, dates will be inaccurate

Warning: content/symbolon/mytheme/atlas/temporality/README.md isn't yet tracked by git, dates will be inaccurate

Warning: content/symbolon/mytheme/poetry/spanda-karikas-arguments-april-2026.md isn't yet tracked by git, dates will be inaccurate

Warning: content/symbolon/mytheme/media/README.md isn't yet tracked by git, dates will be inaccurate

Warning: content/symbolon/episteme/sources/psychology/jung/jung-cw9i-hull-routledge-second-edition/jung-cw9i-hull-routledge-second-edition.md isn't yet tracked by git, dates will be inaccurate

Warning: content/symbolon/mytheme/music/README.md isn't yet tracked by git, dates will be inaccurate

Warning: content/symbolon/episteme/sources/psychology/jung/jung-pauli-meier-2001-atom-archetype/jung-pauli-meier-2001-atom-archetype.md isn't yet tracked by git, dates will be inaccurate

Warning: content/symbolon/mytheme/myth/README.md isn't yet tracked by git, dates will be inaccurate

Warning: content/symbolon/episteme/sources/psychology/lacan/lacan-2017-talking-to-brick-walls/lacan-2017-talking-to-brick-walls.md isn't yet tracked by git, dates will be inaccurate

Warning: content/symbolon/mytheme/narrative/README.md isn't yet tracked by git, dates will be inaccurate

Warning: content/symbolon/mytheme/plates/README.md isn't yet tracked by git, dates will be inaccurate

Warning: content/symbolon/episteme/sources/psychology/le-bon/le-bon-1895-crowd-popular-mind/le-bon-1895-crowd-popular-mind.md isn't yet tracked by git, dates will be inaccurate

Warning: content/symbolon/mytheme/poetry/spiritual-isolation-may-2026.md isn't yet tracked by git, dates will be inaccurate

Warning: content/symbolon/episteme/sources/psychology/mcgilchrist/mcgilchrist-2009-master-emissary/mcgilchrist-2009-master-emissary.md isn't yet tracked by git, dates will be inaccurate

Warning: content/symbolon/mytheme/poetry/0-1-one-and-all.md isn't yet tracked by git, dates will be inaccurate

Warning: content/symbolon/episteme/sources/psychology/mcgilchrist/mcgilchrist-2022-resist-machine-apocalypse/mcgilchrist-2022-resist-machine-apocalypse.md isn't yet tracked by git, dates will be inaccurate

Warning: content/symbolon/mytheme/poetry/README.md isn't yet tracked by git, dates will be inaccurate

Warning: content/symbolon/mytheme/poetry/a-product-of-no-means.md isn't yet tracked by git, dates will be inaccurate

Warning: content/symbolon/mytheme/poetry/structure-of-present-march-2026.md isn't yet tracked by git, dates will be inaccurate

Warning: content/symbolon/episteme/sources/psychology/neumann/neumann-1954-origins-history-consciousness/neumann-1954-origins-history-consciousness.md isn't yet tracked by git, dates will be inaccurate

Warning: content/symbolon/mytheme/poetry/a-world-of-strangers.md isn't yet tracked by git, dates will be inaccurate

Warning: content/symbolon/episteme/sources/psychology/smythe/smythe-2013-dialogical-jung/smythe-2013-dialogical-jung.md isn't yet tracked by git, dates will be inaccurate

Warning: content/symbolon/mytheme/poetry/about-time.md isn't yet tracked by git, dates will be inaccurate

Warning: content/symbolon/episteme/sources/psychology/van-eenwyk/van-eenwyk-1991-strange-attractors/van-eenwyk-1991-strange-attractors.md isn't yet tracked by git, dates will be inaccurate

Warning: content/symbolon/mytheme/poetry/authenticity.md isn't yet tracked by git, dates will be inaccurate

Warning: content/symbolon/episteme/sources/psychology/van-eenwyk/van-eenwyk-1997-archetypes-strange-attractors/van-eenwyk-1997-archetypes-strange-attractors.md isn't yet tracked by git, dates will be inaccurate

Warning: content/symbolon/mytheme/poetry/beauty-changes-our-way.md isn't yet tracked by git, dates will be inaccurate

Warning: content/symbolon/mytheme/poetry/take-it-upon-oneself.md isn't yet tracked by git, dates will be inaccurate

Warning: content/symbolon/episteme/sources/psychology/von-franz/von-franz-1974-number-time/von-franz-1974-number-time.md isn't yet tracked by git, dates will be inaccurate

Warning: content/symbolon/mytheme/poetry/being-being-a-being.md isn't yet tracked by git, dates will be inaccurate

Warning: content/symbolon/mytheme/poetry/the-garment-of-life-eternal.md isn't yet tracked by git, dates will be inaccurate

Warning: content/symbolon/episteme/sources/psychology/watson/watson-1998-resonance-of-emptiness/watson-1998-resonance-of-emptiness.md isn't yet tracked by git, dates will be inaccurate

Warning: content/symbolon/mytheme/poetry/beyond-measure.md isn't yet tracked by git, dates will be inaccurate

Warning: content/symbolon/mytheme/poetry/the-minds-shade.md isn't yet tracked by git, dates will be inaccurate

Warning: content/symbolon/mytheme/poetry/beyond-without.md isn't yet tracked by git, dates will be inaccurate

Warning: content/symbolon/mytheme/poetry/there-is-no-truth-coming.md isn't yet tracked by git, dates will be inaccurate

Warning: content/symbolon/episteme/sources/religion-theology/al-bukhari/bukhari-sahih-sunnah-online/bukhari-sahih-sunnah-online.md isn't yet tracked by git, dates will be inaccurate

Warning: content/symbolon/mytheme/poetry/bondage.md isn't yet tracked by git, dates will be inaccurate

Warning: content/symbolon/mytheme/poetry/thought-cannot-know.md isn't yet tracked by git, dates will be inaccurate

Warning: content/symbolon/episteme/sources/religion-theology/augustine/augustine-city-god-dods-digital/augustine-city-god-dods-digital.md isn't yet tracked by git, dates will be inaccurate

Warning: content/symbolon/mytheme/poetry/cards-in-the-deck.md isn't yet tracked by git, dates will be inaccurate

Warning: content/symbolon/mytheme/poetry/undercover.md isn't yet tracked by git, dates will be inaccurate

Warning: content/symbolon/episteme/sources/religion-theology/quran/quran-arberry-corpus-selected/quran-arberry-corpus-selected.md isn't yet tracked by git, dates will be inaccurate

Warning: content/symbolon/mytheme/poetry/cat-and-king.md isn't yet tracked by git, dates will be inaccurate

Warning: content/symbolon/mytheme/poetry/utopia-and-the-mothers-house.md isn't yet tracked by git, dates will be inaccurate

Warning: content/symbolon/episteme/sources/religion-theology/reri/reri-ptolemaic-funerary-papyrus/reri-ptolemaic-funerary-papyrus.md isn't yet tracked by git, dates will be inaccurate

Warning: content/symbolon/mytheme/poetry/vernal-breath.md isn't yet tracked by git, dates will be inaccurate

Warning: content/symbolon/mytheme/poetry/cell-on-cell.md isn't yet tracked by git, dates will be inaccurate

Warning: content/symbolon/episteme/sources/research-intake-inbox.md isn't yet tracked by git, dates will be inaccurate

Warning: content/symbolon/mytheme/poetry/certain-uncertainty.md isn't yet tracked by git, dates will be inaccurate

Warning: content/symbolon/mytheme/poetry/what-is-it-to-feel-may-2026.md isn't yet tracked by git, dates will be inaccurate

Warning: content/symbolon/episteme/sources/source-intake-queue.md isn't yet tracked by git, dates will be inaccurate

Warning: content/symbolon/mytheme/poetry/conception-of-thing.md isn't yet tracked by git, dates will be inaccurate

Warning: content/symbolon/mytheme/poetry/what-of-belief.md isn't yet tracked by git, dates will be inaccurate

Warning: content/symbolon/mytheme/poetry/who-decides.md isn't yet tracked by git, dates will be inaccurate

Warning: content/symbolon/mytheme/poetry/consequence-inconsequential-april-2026.md isn't yet tracked by git, dates will be inaccurate

Warning: content/symbolon/infinity-dx.md isn't yet tracked by git, dates will be inaccurate

Warning: content/symbolon/mytheme/poetry/youll-come-again.md isn't yet tracked by git, dates will be inaccurate

Warning: content/symbolon/matheme/README.md isn't yet tracked by git, dates will be inaccurate

Warning: content/symbolon/mytheme/worlds/README.md isn't yet tracked by git, dates will be inaccurate

Warning: content/symbolon/matheme/computation/README.md isn't yet tracked by git, dates will be inaccurate

Warning: content/symbolon/mytheme/worlds/analytical-psychology/README.md isn't yet tracked by git, dates will be inaccurate

Warning: content/symbolon/matheme/computation/ebm-resonance.md isn't yet tracked by git, dates will be inaccurate

Warning: content/symbolon/mytheme/worlds/analytical-psychology/jung-aion-fishes-christ-antichrist-alchemy/WHOLE.md isn't yet tracked by git, dates will be inaccurate

Warning: content/symbolon/mytheme/poetry/deal-with-the-unknown.md isn't yet tracked by git, dates will be inaccurate

Warning: content/symbolon/matheme/computation/j-space.md isn't yet tracked by git, dates will be inaccurate

Warning: content/symbolon/mytheme/poetry/dignity.md isn't yet tracked by git, dates will be inaccurate

Warning: content/symbolon/mytheme/worlds/analytical-psychology/pauli-egg-dream/WHOLE.md isn't yet tracked by git, dates will be inaccurate

Warning: content/symbolon/matheme/computation/operational-parity.md isn't yet tracked by git, dates will be inaccurate

Warning: content/symbolon/mytheme/poetry/do-not-aim-for-rebirth.md isn't yet tracked by git, dates will be inaccurate

Warning: content/symbolon/mytheme/worlds/biblical/README.md isn't yet tracked by git, dates will be inaccurate

Warning: content/symbolon/mytheme/poetry/every-field-is-a-way.md isn't yet tracked by git, dates will be inaccurate

Warning: content/symbolon/matheme/computation/preference-gauge.md isn't yet tracked by git, dates will be inaccurate

Warning: content/symbolon/mytheme/poetry/family-dynamics.md isn't yet tracked by git, dates will be inaccurate

Warning: content/symbolon/matheme/computation/softmax-argmax.md isn't yet tracked by git, dates will be inaccurate

Warning: content/symbolon/mytheme/worlds/biblical/job/WHOLE.md isn't yet tracked by git, dates will be inaccurate

Warning: content/symbolon/mytheme/poetry/farewell.md isn't yet tracked by git, dates will be inaccurate

Warning: content/symbolon/matheme/definition/README.md isn't yet tracked by git, dates will be inaccurate

Warning: content/symbolon/mytheme/worlds/british-television/README.md isn't yet tracked by git, dates will be inaccurate

Warning: content/symbolon/mytheme/poetry/feigning-unity.md isn't yet tracked by git, dates will be inaccurate

Warning: content/symbolon/matheme/definition/catuskoti-crossing.md isn't yet tracked by git, dates will be inaccurate

Warning: content/symbolon/mytheme/poetry/fire-unto-itself.md isn't yet tracked by git, dates will be inaccurate

Warning: content/symbolon/matheme/definition/copula.md isn't yet tracked by git, dates will be inaccurate

Warning: content/symbolon/mytheme/worlds/british-television/the-prisoner/WHOLE.md isn't yet tracked by git, dates will be inaccurate

Warning: content/symbolon/mytheme/poetry/for-beauty.md isn't yet tracked by git, dates will be inaccurate

Warning: content/symbolon/matheme/definition/harmonics-and-recount.md isn't yet tracked by git, dates will be inaccurate

Warning: content/symbolon/mytheme/worlds/chinese-huayan/README.md isn't yet tracked by git, dates will be inaccurate

Warning: content/symbolon/mytheme/poetry/forget-the-assumption.md isn't yet tracked by git, dates will be inaccurate

Warning: content/symbolon/matheme/definition/immutable-subject.md isn't yet tracked by git, dates will be inaccurate

Warning: content/symbolon/mytheme/worlds/chinese-huayan/indra-net/WHOLE.md isn't yet tracked by git, dates will be inaccurate

Warning: content/symbolon/mytheme/poetry/free.md isn't yet tracked by git, dates will be inaccurate

Warning: content/symbolon/matheme/definition/minus-over-minus.md isn't yet tracked by git, dates will be inaccurate

Warning: content/symbolon/mytheme/worlds/francophone-anticolonial/README.md isn't yet tracked by git, dates will be inaccurate

Warning: content/symbolon/mytheme/worlds/francophone-anticolonial/fanon-language-gaze-mask-recognition/WHOLE.md isn't yet tracked by git, dates will be inaccurate

Warning: content/symbolon/mytheme/worlds/frank-taylor/README.md isn't yet tracked by git, dates will be inaccurate

Warning: content/symbolon/mytheme/worlds/frank-taylor/antikythera-attunement/WHOLE.md isn't yet tracked by git, dates will be inaccurate

Warning: content/symbolon/mytheme/worlds/frank-taylor/apollo-dionysus-daphne/WHOLE.md isn't yet tracked by git, dates will be inaccurate

Warning: content/symbolon/mytheme/worlds/frank-taylor/avatar-image-mask-idol/WHOLE.md isn't yet tracked by git, dates will be inaccurate

Warning: content/symbolon/mytheme/worlds/frank-taylor/maya-eye-veil-frame-horizon/WHOLE.md isn't yet tracked by git, dates will be inaccurate

Warning: content/symbolon/mytheme/worlds/frank-taylor/meal-epistemic-metabolism/WHOLE.md isn't yet tracked by git, dates will be inaccurate

Warning: content/symbolon/mytheme/worlds/frank-taylor/mirror-that-moves-first/WHOLE.md isn't yet tracked by git, dates will be inaccurate

Warning: content/symbolon/mytheme/worlds/frank-taylor/mother-assumption-chiasm/WHOLE.md isn't yet tracked by git, dates will be inaccurate

Warning: content/symbolon/mytheme/worlds/frank-taylor/stained-glass-refraction/WHOLE.md isn't yet tracked by git, dates will be inaccurate

Warning: content/symbolon/mytheme/worlds/frank-taylor/taylor-authored-images/WHOLE.md isn't yet tracked by git, dates will be inaccurate

Warning: content/symbolon/mytheme/worlds/frank-taylor/travelling-jigsaw-atlas/WHOLE.md isn't yet tracked by git, dates will be inaccurate

Warning: content/symbolon/mytheme/worlds/german-literature/README.md isn't yet tracked by git, dates will be inaccurate

Warning: content/symbolon/mytheme/worlds/german-literature/goethe-permanence-change/WHOLE.md isn't yet tracked by git, dates will be inaccurate

Warning: content/symbolon/mytheme/worlds/hellenic/README.md isn't yet tracked by git, dates will be inaccurate

Warning: content/symbolon/mytheme/worlds/hellenic/ares-aphrodite-hephaestus-poseidon/WHOLE.md isn't yet tracked by git, dates will be inaccurate

Warning: content/symbolon/mytheme/worlds/hellenic/attica-athena-poseidon-cecrops/WHOLE.md isn't yet tracked by git, dates will be inaccurate

Warning: content/symbolon/mytheme/worlds/late-antique-gnostic/README.md isn't yet tracked by git, dates will be inaccurate

Warning: content/symbolon/mytheme/worlds/late-antique-gnostic/hypostasis-archons-norea-sophia/WHOLE.md isn't yet tracked by git, dates will be inaccurate

Warning: content/symbolon/mytheme/worlds/late-antique-gnostic/valentinian-sophia-horos-achamoth/WHOLE.md isn't yet tracked by git, dates will be inaccurate

Warning: content/symbolon/mytheme/worlds/roman-latin/README.md isn't yet tracked by git, dates will be inaccurate

Warning: content/symbolon/mytheme/worlds/roman-latin/apollo-eros-daphne-peneus/WHOLE.md isn't yet tracked by git, dates will be inaccurate

Warning: content/symbolon/mytheme/worlds/roman-latin/eros-psyche/WHOLE.md isn't yet tracked by git, dates will be inaccurate

Warning: content/symbolon/question-assertion.md isn't yet tracked by git, dates will be inaccurate

Warning: content/symbolon/self-identity.md isn't yet tracked by git, dates will be inaccurate

Warning: content/symbolon/subject-logics.md isn't yet tracked by git, dates will be inaccurate

Warning: content/symbolon/the-slash.md isn't yet tracked by git, dates will be inaccurate
Parsed 874 Markdown files in 2m
Filtered out 0 files in 7ms
Emitting files
Emitted 2175 files to `/Users/admin/Central/Work/O-I/site/.publication-verification/site/.public-edition/essay` in 6s
Done processing 874 files in 2m
(node:11901) [DEP0040] DeprecationWarning: The `punycode` module is deprecated. Please use a userland alternative instead.
(Use `node --trace-deprecation ...` to show where the warning was created)
(node:11901) [DEP0040] DeprecationWarning: The `punycode` module is deprecated. Please use a userland alternative instead.
(Use `node --trace-deprecation ...` to show where the warning was created)
(node:11901) [DEP0040] DeprecationWarning: The `punycode` module is deprecated. Please use a userland alternative instead.
(Use `node --trace-deprecation ...` to show where the warning was created)
(node:11901) [DEP0040] DeprecationWarning: The `punycode` module is deprecated. Please use a userland alternative instead.
(Use `node --trace-deprecation ...` to show where the warning was created)
(node:11901) [DEP0040] DeprecationWarning: The `punycode` module is deprecated. Please use a userland alternative instead.
(Use `node --trace-deprecation ...` to show where the warning was created)
LaTeX-incompatible input and strict mode is set to 'warn': Unrecognized Unicode character "−" (8722) [unknownSymbol]
LaTeX-incompatible input and strict mode is set to 'warn': Unrecognized Unicode character "Ø" (216) [unknownSymbol]
LaTeX-incompatible input and strict mode is set to 'warn': Unrecognized Unicode character "Ø" (216) [unknownSymbol]
LaTeX-incompatible input and strict mode is set to 'warn': Unrecognized Unicode character "Ø" (216) [unknownSymbol]
LaTeX-incompatible input and strict mode is set to 'warn': Unrecognized Unicode character "Ø" (216) [unknownSymbol]
LaTeX-incompatible input and strict mode is set to 'warn': Unrecognized Unicode character "Ø" (216) [unknownSymbol]
LaTeX-incompatible input and strict mode is set to 'warn': Unrecognized Unicode character "Ø" (216) [unknownSymbol]
LaTeX-incompatible input and strict mode is set to 'warn': Unrecognized Unicode character "Ø" (216) [unknownSymbol]
LaTeX-incompatible input and strict mode is set to 'warn': Unrecognized Unicode character "Ø" (216) [unknownSymbol]
LaTeX-incompatible input and strict mode is set to 'warn': Unrecognized Unicode character "Ø" (216) [unknownSymbol]
LaTeX-incompatible input and strict mode is set to 'warn': Unrecognized Unicode character "Ø" (216) [unknownSymbol]
LaTeX-incompatible input and strict mode is set to 'warn': Unrecognized Unicode character "Ø" (216) [unknownSymbol]
LaTeX-incompatible input and strict mode is set to 'warn': Unrecognized Unicode character "Ø" (216) [unknownSymbol]
LaTeX-incompatible input and strict mode is set to 'warn': Unrecognized Unicode character "Ø" (216) [unknownSymbol]
LaTeX-incompatible input and strict mode is set to 'warn': Unrecognized Unicode character "Ø" (216) [unknownSymbol]
LaTeX-incompatible input and strict mode is set to 'warn': Unrecognized Unicode character "Ø" (216) [unknownSymbol]
LaTeX-incompatible input and strict mode is set to 'warn': Unrecognized Unicode character "Ø" (216) [unknownSymbol]
LaTeX-incompatible input and strict mode is set to 'warn': Unrecognized Unicode character "Ø" (216) [unknownSymbol]
LaTeX-incompatible input and strict mode is set to 'warn': Unrecognized Unicode character "Ø" (216) [unknownSymbol]
LaTeX-incompatible input and strict mode is set to 'warn': Unrecognized Unicode character "−" (8722) [unknownSymbol]
LaTeX-incompatible input and strict mode is set to 'warn': Unrecognized Unicode character "−" (8722) [unknownSymbol]
LaTeX-incompatible input and strict mode is set to 'warn': Unrecognized Unicode character "Ø" (216) [unknownSymbol]
LaTeX-incompatible input and strict mode is set to 'warn': Unrecognized Unicode character "Ø" (216) [unknownSymbol]
LaTeX-incompatible input and strict mode is set to 'warn': Unrecognized Unicode character "Ø" (216) [unknownSymbol]
LaTeX-incompatible input and strict mode is set to 'warn': Unrecognized Unicode character "Ø" (216) [unknownSymbol]
LaTeX-incompatible input and strict mode is set to 'warn': Unrecognized Unicode character "Ø" (216) [unknownSymbol]
LaTeX-incompatible input and strict mode is set to 'warn': Unrecognized Unicode character "Ø" (216) [unknownSymbol]
LaTeX-incompatible input and strict mode is set to 'warn': Unrecognized Unicode character "Ø" (216) [unknownSymbol]
LaTeX-incompatible input and strict mode is set to 'warn': Unrecognized Unicode character "Ø" (216) [unknownSymbol]
LaTeX-incompatible input and strict mode is set to 'warn': Unrecognized Unicode character "Ø" (216) [unknownSymbol]
LaTeX-incompatible input and strict mode is set to 'warn': Unrecognized Unicode character "Ø" (216) [unknownSymbol]
LaTeX-incompatible input and strict mode is set to 'warn': Unrecognized Unicode character "Ø" (216) [unknownSymbol]
LaTeX-incompatible input and strict mode is set to 'warn': Unrecognized Unicode character "Ø" (216) [unknownSymbol]
LaTeX-incompatible input and strict mode is set to 'warn': Unrecognized Unicode character "Ø" (216) [unknownSymbol]
LaTeX-incompatible input and strict mode is set to 'warn': Unrecognized Unicode character "Ø" (216) [unknownSymbol]
Quartz essay publication: 874 published pages + 16 visual assets from https://github.com/EpiLogos/Antykathera-Essay-Work.git@b2b5b7061 at .public-edition/essay. Frontmatter deduped in 79 files (Notion import duplicate source_id).
vite v5.4.21 building for production...
transforming...
✓ 145 modules transformed.
rendering chunks...
computing gzip size...
dist/library.html                        0.62 kB │ gzip:   0.38 kB
dist/build.html                          0.74 kB │ gzip:   0.41 kB
dist/research.html                       0.74 kB │ gzip:   0.42 kB
dist/products.html                       0.76 kB │ gzip:   0.43 kB
dist/oi.html                             0.76 kB │ gzip:   0.43 kB
dist/shell.html                          0.79 kB │ gzip:   0.47 kB
dist/shared-field.html                   0.79 kB │ gzip:   0.44 kB
dist/index.html                          0.79 kB │ gzip:   0.48 kB
dist/assets/main-HiB4qHtd.css           47.06 kB │ gzip:  10.05 kB
dist/assets/main-DFHOPj5T.js             0.03 kB │ gzip:   0.05 kB
dist/assets/NativeStage-DkH07EHc.js      5.68 kB │ gzip:   2.29 kB
dist/assets/main-COig66Ro.js           514.36 kB │ gzip: 173.94 kB
dist/assets/native-player-Bn6cIjyx.js  839.97 kB │ gzip: 225.09 kB

(!) Some chunks are larger than 500 kB after minification. Consider:
- Using dynamic import() to code-split the application
- Use build.rollupOptions.output.manualChunks to improve chunking: https://rollupjs.org/configuration-options/#output-manualchunks
- Adjust chunk size limit for this warning via build.chunkSizeWarningLimit.
✓ built in 8.70s
Deploy config restored: dist/.vercel/project.json (oi-epi-logos), dist/vercel.json.
