{
  "debt_counts": {
    "dangling-room-fragment": 3,
    "missing-register": 134,
    "missing-status": 65,
    "stale-bkmr-adapter": 22,
    "thin-concept": 65,
    "unresolved-link": 1
  },
  "quality_summary": {
    "argument-role-surface": 65,
    "claim-status": 65,
    "definition-surface": 65,
    "source-anchors": 65,
    "warrant-surface": 2
  },
  "quality_assessments": [
    {
      "path": "submission-package/essay/section-rooms/00-integral-threshold/movements/01-s01-p0-question-before-mechanism.md",
      "artifact_type": "section",
      "authority": "canonical-argument",
      "dimensions": {
        "proposition-surface": true,
        "warrant-surface": true,
        "counterpressure-surface": true,
        "transition-surface": true
      },
      "missing": [],
      "dependencies": [],
      "consumers": [
        "submission-package/essay/section-rooms/00-integral-threshold/movements/02-s01-p1-define-subject.md",
        "submission-package/essay/section-rooms/arguments/01-immutable-gap-and-meta-sign.md",
        "submission-package/essay/symbolon/episteme/concepts/diaphaneity.md",
        "submission-package/essay/symbolon/episteme/concepts/planetary-computation.md"
      ],
      "sources": []
    },
    {
      "path": "submission-package/essay/section-rooms/00-integral-threshold/movements/02-s01-p1-define-subject.md",
      "artifact_type": "section",
      "authority": "canonical-argument",
      "dimensions": {
        "proposition-surface": true,
        "warrant-surface": true,
        "counterpressure-surface": true,
        "transition-surface": true
      },
      "missing": [],
      "dependencies": [],
      "consumers": [
        "submission-package/essay/section-rooms/00-integral-threshold/movements/01-s01-p0-question-before-mechanism.md",
        "submission-package/essay/section-rooms/00-integral-threshold/movements/03-s01-p2-definition-cut-gift-danger.md",
        "submission-package/essay/section-rooms/arguments/01-immutable-gap-and-meta-sign.md",
        "submission-package/essay/section-rooms/arguments/21-prisoner-politics-of-the-count.md"
      ],
      "sources": [
        "submission-package/essay/symbolon/episteme/sources/history-philosophy-of-science/frank/frank-gleiser-thompson-2024-blind-spot/SOURCE.md"
      ]
    },
    {
      "path": "submission-package/essay/section-rooms/00-integral-threshold/movements/03-s01-p2-definition-cut-gift-danger.md",
      "artifact_type": "section",
      "authority": "canonical-argument",
      "dimensions": {
        "proposition-surface": true,
        "warrant-surface": true,
        "counterpressure-surface": true,
        "transition-surface": true
      },
      "missing": [],
      "dependencies": [],
      "consumers": [
        "submission-package/essay/section-rooms/00-integral-threshold/movements/02-s01-p1-define-subject.md",
        "submission-package/essay/section-rooms/00-integral-threshold/movements/04-s01-p3-formal-limit-genealogy.md",
        "submission-package/essay/section-rooms/01-differentiating-mind/movements/10-s0-p3-apoha.md",
        "submission-package/essay/section-rooms/arguments/01-immutable-gap-and-meta-sign.md"
      ],
      "sources": [
        "submission-package/essay/symbolon/episteme/sources/classical-premodern-philosophy/spinoza/spinoza-1674-letter-50-jelles/SOURCE.md",
        "submission-package/essay/symbolon/episteme/sources/classical-premodern-philosophy/spinoza/spinoza-1674-letter-50-jelles/SOURCE.md",
        "submission-package/essay/symbolon/episteme/sources/indian-philosophy/pind/pind-2009-dignaga-anyapoha-dissertation/SOURCE.md",
        "submission-package/essay/symbolon/episteme/sources/indian-philosophy/pind/pind-2009-dignaga-anyapoha-dissertation/SOURCE.md"
      ]
    },
    {
      "path": "submission-package/essay/section-rooms/00-integral-threshold/movements/04-s01-p3-formal-limit-genealogy.md",
      "artifact_type": "section",
      "authority": "canonical-argument",
      "dimensions": {
        "proposition-surface": true,
        "warrant-surface": true,
        "counterpressure-surface": true,
        "transition-surface": true
      },
      "missing": [],
      "dependencies": [],
      "consumers": [
        "submission-package/essay/section-rooms/00-integral-threshold/movements/03-s01-p2-definition-cut-gift-danger.md",
        "submission-package/essay/section-rooms/00-integral-threshold/movements/05-s01-p4-gebser-diaphaneity.md",
        "submission-package/essay/section-rooms/arguments/01-immutable-gap-and-meta-sign.md",
        "submission-package/essay/section-rooms/arguments/15-paradox-as-cross-register-hinge.md",
        "submission-package/essay/symbolon/episteme/concepts/diaphaneity.md"
      ],
      "sources": [
        "submission-package/essay/symbolon/episteme/sources/analytic-philosophy/wittgenstein/wittgenstein-1922-tractatus/SOURCE.md",
        "submission-package/essay/symbolon/episteme/sources/classical-premodern-philosophy/flasch/flasch-2015-meister-eckhart/SOURCE.md",
        "submission-package/essay/symbolon/episteme/sources/history-philosophy-of-science/frank/frank-gleiser-thompson-2024-blind-spot/SOURCE.md",
        "submission-package/essay/symbolon/episteme/sources/mathematics-logic/godel/godel-1931-undecidable-propositions/SOURCE.md",
        "submission-package/essay/symbolon/episteme/sources/mathematics-logic/russell/russell-1908-theory-types/SOURCE.md",
        "submission-package/essay/symbolon/episteme/sources/mathematics-logic/spencer-brown/spencer-brown-1969-laws-form/SOURCE.md",
        "submission-package/essay/symbolon/episteme/sources/process-systems-theory/varela/varela-1975-calculus-self-reference/SOURCE.md",
        "submission-package/essay/symbolon/episteme/sources/process-systems-theory/whitehead/whitehead-1978-process-reality/SOURCE.md"
      ]
    },
    {
      "path": "submission-package/essay/section-rooms/00-integral-threshold/movements/05-s01-p4-gebser-diaphaneity.md",
      "artifact_type": "section",
      "authority": "canonical-argument",
      "dimensions": {
        "proposition-surface": true,
        "warrant-surface": true,
        "counterpressure-surface": true,
        "transition-surface": true
      },
      "missing": [],
      "dependencies": [],
      "consumers": [
        "submission-package/essay/section-rooms/00-integral-threshold/movements/04-s01-p3-formal-limit-genealogy.md",
        "submission-package/essay/section-rooms/00-integral-threshold/movements/06-s01-p5-return-zero.md",
        "submission-package/essay/section-rooms/arguments/01-immutable-gap-and-meta-sign.md",
        "submission-package/essay/section-rooms/arguments/15-paradox-as-cross-register-hinge.md",
        "submission-package/essay/symbolon/episteme/concepts/diaphaneity.md",
        "submission-package/essay/symbolon/episteme/concepts/world-picture-to-world-atlas.md"
      ],
      "sources": [
        "submission-package/essay/symbolon/episteme/sources/internal-corpus/taylor/taylor-2026-advent-zero-subject/SOURCE.md",
        "submission-package/essay/symbolon/episteme/sources/phenomenology-continental-philosophy/gebser/gebser-1985-ever-present-origin/SOURCE.md",
        "submission-package/essay/symbolon/episteme/sources/phenomenology-continental-philosophy/heidegger/heidegger-1977-question-concerning-technology/SOURCE.md",
        "submission-package/essay/symbolon/episteme/sources/phenomenology-continental-philosophy/maroski/maroski-2025-seeing-through-solid-words/SOURCE.md"
      ]
    },
    {
      "path": "submission-package/essay/section-rooms/00-integral-threshold/movements/06-s01-p5-return-zero.md",
      "artifact_type": "section",
      "authority": "canonical-argument",
      "dimensions": {
        "proposition-surface": true,
        "warrant-surface": true,
        "counterpressure-surface": true,
        "transition-surface": true
      },
      "missing": [],
      "dependencies": [],
      "consumers": [
        "submission-package/essay/section-rooms/00-integral-threshold/movements/05-s01-p4-gebser-diaphaneity.md",
        "submission-package/essay/section-rooms/01-differentiating-mind/movements/07-s0-p0-awareness-bends-display.md",
        "submission-package/essay/section-rooms/arguments/01-immutable-gap-and-meta-sign.md",
        "submission-package/essay/section-rooms/arguments/16-bohmian-enfoldment-dialogical-return.md"
      ],
      "sources": []
    },
    {
      "path": "submission-package/essay/section-rooms/01-differentiating-mind/movements/07-s0-p0-awareness-bends-display.md",
      "artifact_type": "section",
      "authority": "canonical-argument",
      "dimensions": {
        "proposition-surface": true,
        "warrant-surface": true,
        "counterpressure-surface": true,
        "transition-surface": true
      },
      "missing": [],
      "dependencies": [],
      "consumers": [
        "submission-package/essay/section-rooms/00-integral-threshold/movements/06-s01-p5-return-zero.md",
        "submission-package/essay/section-rooms/01-differentiating-mind/movements/08-s0-p1-inner-instrument.md",
        "submission-package/essay/section-rooms/arguments/09-prakasa-vimarsa.md",
        "submission-package/essay/section-rooms/arguments/16-bohmian-enfoldment-dialogical-return.md"
      ],
      "sources": []
    },
    {
      "path": "submission-package/essay/section-rooms/01-differentiating-mind/movements/08-s0-p1-inner-instrument.md",
      "artifact_type": "section",
      "authority": "canonical-argument",
      "dimensions": {
        "proposition-surface": true,
        "warrant-surface": true,
        "counterpressure-surface": true,
        "transition-surface": true
      },
      "missing": [],
      "dependencies": [],
      "consumers": [
        "submission-package/essay/section-rooms/01-differentiating-mind/movements/07-s0-p0-awareness-bends-display.md",
        "submission-package/essay/section-rooms/01-differentiating-mind/movements/09-s0-p2-vikalpa-samkalpa.md",
        "submission-package/essay/section-rooms/01-differentiating-mind/movements/11-s0-p4-tattvic-compression.md",
        "submission-package/essay/section-rooms/06-objective-internality/movements/37-s5-p0-math-moves-meaning.md",
        "submission-package/essay/section-rooms/06-objective-internality/movements/38-s5-p1-apoha-softmax.md",
        "submission-package/essay/section-rooms/arguments/05-agent-subjectivity-open.md"
      ],
      "sources": []
    },
    {
      "path": "submission-package/essay/section-rooms/01-differentiating-mind/movements/09-s0-p2-vikalpa-samkalpa.md",
      "artifact_type": "section",
      "authority": "canonical-argument",
      "dimensions": {
        "proposition-surface": true,
        "warrant-surface": true,
        "counterpressure-surface": true,
        "transition-surface": true
      },
      "missing": [],
      "dependencies": [],
      "consumers": [
        "submission-package/essay/section-rooms/01-differentiating-mind/movements/08-s0-p1-inner-instrument.md",
        "submission-package/essay/section-rooms/01-differentiating-mind/movements/10-s0-p3-apoha.md",
        "submission-package/essay/section-rooms/01-differentiating-mind/movements/11-s0-p4-tattvic-compression.md",
        "submission-package/essay/section-rooms/06-objective-internality/movements/37-s5-p0-math-moves-meaning.md",
        "submission-package/essay/section-rooms/06-objective-internality/movements/38-s5-p1-apoha-softmax.md",
        "submission-package/essay/section-rooms/arguments/14-computational-process-ontology.md",
        "submission-package/essay/symbolon/episteme/concepts/diaphaneity.md",
        "submission-package/essay/symbolon/episteme/concepts/vikalpa-samkalpa.md"
      ],
      "sources": [
        "submission-package/essay/symbolon/episteme/sources/process-systems-theory/whitehead/whitehead-1978-process-reality/SOURCE.md"
      ]
    },
    {
      "path": "submission-package/essay/section-rooms/01-differentiating-mind/movements/10-s0-p3-apoha.md",
      "artifact_type": "section",
      "authority": "canonical-argument",
      "dimensions": {
        "proposition-surface": true,
        "warrant-surface": true,
        "counterpressure-surface": true,
        "transition-surface": true
      },
      "missing": [],
      "dependencies": [],
      "consumers": [
        "submission-package/essay/section-rooms/00-integral-threshold/movements/03-s01-p2-definition-cut-gift-danger.md",
        "submission-package/essay/section-rooms/01-differentiating-mind/movements/09-s0-p2-vikalpa-samkalpa.md",
        "submission-package/essay/section-rooms/01-differentiating-mind/movements/11-s0-p4-tattvic-compression.md",
        "submission-package/essay/section-rooms/03-two-logics/movements/22-s2-p3-ares-aphrodite-harmonia.md",
        "submission-package/essay/section-rooms/06-objective-internality/movements/37-s5-p0-math-moves-meaning.md",
        "submission-package/essay/section-rooms/06-objective-internality/movements/38-s5-p1-apoha-softmax.md",
        "submission-package/essay/section-rooms/arguments/11-mono-poly-whole-and-many.md",
        "submission-package/essay/symbolon/episteme/concepts/apoha.md"
      ],
      "sources": [
        "submission-package/essay/symbolon/episteme/sources/indian-philosophy/dushun/dushun-cleary-2000-jewel-net-indra/SOURCE.md",
        "submission-package/essay/symbolon/episteme/sources/indian-philosophy/dushun/dushun-cleary-2000-jewel-net-indra/SOURCE.md",
        "submission-package/essay/symbolon/episteme/sources/indian-philosophy/siderits/siderits-tillemans-chakrabarti-2011-apoha/SOURCE.md",
        "submission-package/essay/symbolon/episteme/sources/indian-philosophy/van-norden/van-norden-jones-2024-huayan-sep/SOURCE.md",
        "submission-package/essay/symbolon/episteme/sources/indian-philosophy/van-norden/van-norden-jones-2024-huayan-sep/SOURCE.md"
      ]
    },
    {
      "path": "submission-package/essay/section-rooms/01-differentiating-mind/movements/11-s0-p4-tattvic-compression.md",
      "artifact_type": "section",
      "authority": "canonical-argument",
      "dimensions": {
        "proposition-surface": true,
        "warrant-surface": true,
        "counterpressure-surface": true,
        "transition-surface": true
      },
      "missing": [],
      "dependencies": [],
      "consumers": [
        "submission-package/essay/section-rooms/01-differentiating-mind/movements/08-s0-p1-inner-instrument.md",
        "submission-package/essay/section-rooms/01-differentiating-mind/movements/09-s0-p2-vikalpa-samkalpa.md",
        "submission-package/essay/section-rooms/01-differentiating-mind/movements/10-s0-p3-apoha.md",
        "submission-package/essay/section-rooms/01-differentiating-mind/movements/12-s0-p5-objective-internality.md",
        "submission-package/essay/section-rooms/06-objective-internality/movements/37-s5-p0-math-moves-meaning.md",
        "submission-package/essay/section-rooms/06-objective-internality/movements/38-s5-p1-apoha-softmax.md",
        "submission-package/essay/section-rooms/06-objective-internality/movements/39-s5-p2-j-space.md",
        "submission-package/essay/section-rooms/arguments/13-tattvic-differential-field.md",
        "submission-package/essay/section-rooms/arguments/14-computational-process-ontology.md",
        "submission-package/essay/section-rooms/arguments/16-bohmian-enfoldment-dialogical-return.md"
      ],
      "sources": []
    },
    {
      "path": "submission-package/essay/section-rooms/01-differentiating-mind/movements/12-s0-p5-objective-internality.md",
      "artifact_type": "section",
      "authority": "canonical-argument",
      "dimensions": {
        "proposition-surface": true,
        "warrant-surface": true,
        "counterpressure-surface": true,
        "transition-surface": true
      },
      "missing": [],
      "dependencies": [],
      "consumers": [
        "submission-package/essay/section-rooms/01-differentiating-mind/movements/11-s0-p4-tattvic-compression.md",
        "submission-package/essay/section-rooms/02-return-of-zero/movements/13-s1-p0-sign-migrates.md",
        "submission-package/essay/section-rooms/arguments/02-objective-internality.md",
        "submission-package/essay/section-rooms/arguments/05-agent-subjectivity-open.md",
        "submission-package/essay/section-rooms/arguments/13-tattvic-differential-field.md",
        "submission-package/essay/section-rooms/arguments/14-computational-process-ontology.md"
      ],
      "sources": []
    },
    {
      "path": "submission-package/essay/section-rooms/02-return-of-zero/movements/13-s1-p0-sign-migrates.md",
      "artifact_type": "section",
      "authority": "canonical-argument",
      "dimensions": {
        "proposition-surface": true,
        "warrant-surface": true,
        "counterpressure-surface": true,
        "transition-surface": true
      },
      "missing": [],
      "dependencies": [],
      "consumers": [
        "submission-package/essay/section-rooms/01-differentiating-mind/movements/12-s0-p5-objective-internality.md",
        "submission-package/essay/section-rooms/02-return-of-zero/movements/14-s1-p1-sunya-operational.md",
        "submission-package/essay/section-rooms/arguments/09-prakasa-vimarsa.md",
        "submission-package/essay/symbolon/episteme/concepts/simulation.md",
        "submission-package/essay/symbolon/episteme/concepts/zero.md"
      ],
      "sources": [
        "submission-package/essay/symbolon/episteme/sources/internal-corpus/taylor/taylor-2026-advent-zero-subject/SOURCE.md",
        "submission-package/essay/symbolon/episteme/sources/mathematics-logic/kaplan/kaplan-1999-nothing-that-is/SOURCE.md",
        "submission-package/essay/symbolon/episteme/sources/mathematics-logic/kaplan/kaplan-1999-nothing-that-is/SOURCE.md",
        "submission-package/essay/symbolon/episteme/sources/mathematics-logic/rotman/rotman-1987-signifying-nothing/SOURCE.md",
        "submission-package/essay/symbolon/episteme/sources/mathematics-logic/rotman/rotman-1987-signifying-nothing/SOURCE.md"
      ]
    },
    {
      "path": "submission-package/essay/section-rooms/02-return-of-zero/movements/14-s1-p1-sunya-operational.md",
      "artifact_type": "section",
      "authority": "canonical-argument",
      "dimensions": {
        "proposition-surface": true,
        "warrant-surface": true,
        "counterpressure-surface": true,
        "transition-surface": true
      },
      "missing": [],
      "dependencies": [],
      "consumers": [
        "submission-package/essay/section-rooms/02-return-of-zero/movements/13-s1-p0-sign-migrates.md",
        "submission-package/essay/section-rooms/02-return-of-zero/movements/15-s1-p2-empty-set-generates-one.md",
        "submission-package/essay/symbolon/episteme/concepts/zero.md"
      ],
      "sources": [
        "submission-package/essay/symbolon/episteme/sources/internal-corpus/taylor/taylor-2026-advent-zero-subject/SOURCE.md",
        "submission-package/essay/symbolon/episteme/sources/mathematics-logic/brahmagupta/colebrooke-1817-brahmagupta-bhaskara/SOURCE.md",
        "submission-package/essay/symbolon/episteme/sources/mathematics-logic/brahmagupta/colebrooke-1817-brahmagupta-bhaskara/SOURCE.md",
        "submission-package/essay/symbolon/episteme/sources/mathematics-logic/brahmagupta/colebrooke-1817-brahmagupta-bhaskara/SOURCE.md",
        "submission-package/essay/symbolon/episteme/sources/mathematics-logic/brahmagupta/colebrooke-1817-brahmagupta-bhaskara/SOURCE.md",
        "submission-package/essay/symbolon/episteme/sources/mathematics-logic/brahmagupta/colebrooke-1817-brahmagupta-bhaskara/SOURCE.md",
        "submission-package/essay/symbolon/episteme/sources/mathematics-logic/dutta/dutta-2023-zero-divided-numbers-india/SOURCE.md",
        "submission-package/essay/symbolon/episteme/sources/mathematics-logic/dutta/dutta-2023-zero-divided-numbers-india/SOURCE.md",
        "submission-package/essay/symbolon/episteme/sources/mathematics-logic/kaplan/kaplan-1999-nothing-that-is/SOURCE.md",
        "submission-package/essay/symbolon/episteme/sources/mathematics-logic/kaplan/kaplan-1999-nothing-that-is/SOURCE.md"
      ]
    },
    {
      "path": "submission-package/essay/section-rooms/02-return-of-zero/movements/15-s1-p2-empty-set-generates-one.md",
      "artifact_type": "section",
      "authority": "canonical-argument",
      "dimensions": {
        "proposition-surface": true,
        "warrant-surface": true,
        "counterpressure-surface": true,
        "transition-surface": true
      },
      "missing": [],
      "dependencies": [],
      "consumers": [
        "submission-package/essay/section-rooms/02-return-of-zero/movements/14-s1-p1-sunya-operational.md",
        "submission-package/essay/section-rooms/02-return-of-zero/movements/16-s1-p3-crossed-zero.md",
        "submission-package/essay/section-rooms/arguments/19-two-ones-mono-poly-matheme.md",
        "submission-package/essay/symbolon/episteme/concepts/zero.md"
      ],
      "sources": []
    },
    {
      "path": "submission-package/essay/section-rooms/02-return-of-zero/movements/16-s1-p3-crossed-zero.md",
      "artifact_type": "section",
      "authority": "canonical-argument",
      "dimensions": {
        "proposition-surface": true,
        "warrant-surface": true,
        "counterpressure-surface": true,
        "transition-surface": true
      },
      "missing": [],
      "dependencies": [],
      "consumers": [
        "submission-package/essay/section-rooms/02-return-of-zero/movements/15-s1-p2-empty-set-generates-one.md",
        "submission-package/essay/section-rooms/02-return-of-zero/movements/17-s1-p4-zero-outside-math.md",
        "submission-package/essay/symbolon/episteme/concepts/dimensional-reframing-at-zero-and-infinity.md",
        "submission-package/essay/symbolon/episteme/concepts/zero.md"
      ],
      "sources": []
    },
    {
      "path": "submission-package/essay/section-rooms/02-return-of-zero/movements/17-s1-p4-zero-outside-math.md",
      "artifact_type": "section",
      "authority": "canonical-argument",
      "dimensions": {
        "proposition-surface": true,
        "warrant-surface": true,
        "counterpressure-surface": true,
        "transition-surface": true
      },
      "missing": [],
      "dependencies": [],
      "consumers": [
        "submission-package/essay/section-rooms/02-return-of-zero/movements/16-s1-p3-crossed-zero.md",
        "submission-package/essay/section-rooms/02-return-of-zero/movements/18-s1-p5-loan-returns.md",
        "submission-package/essay/symbolon/episteme/concepts/dimensional-reframing-at-zero-and-infinity.md",
        "submission-package/essay/symbolon/episteme/concepts/zero.md"
      ],
      "sources": [
        "submission-package/essay/symbolon/episteme/sources/internal-corpus/taylor/taylor-2026-advent-zero-subject/SOURCE.md",
        "submission-package/essay/symbolon/episteme/sources/mathematics-logic/brahmagupta/colebrooke-1817-brahmagupta-bhaskara/SOURCE.md",
        "submission-package/essay/symbolon/episteme/sources/mathematics-logic/brahmagupta/colebrooke-1817-brahmagupta-bhaskara/SOURCE.md",
        "submission-package/essay/symbolon/episteme/sources/mathematics-logic/brahmagupta/colebrooke-1817-brahmagupta-bhaskara/SOURCE.md",
        "submission-package/essay/symbolon/episteme/sources/mathematics-logic/dutta/dutta-2023-zero-divided-numbers-india/SOURCE.md",
        "submission-package/essay/symbolon/episteme/sources/mathematics-logic/dutta/dutta-2023-zero-divided-numbers-india/SOURCE.md",
        "submission-package/essay/symbolon/episteme/sources/mathematics-logic/kaplan/kaplan-1999-nothing-that-is/SOURCE.md"
      ]
    },
    {
      "path": "submission-package/essay/section-rooms/02-return-of-zero/movements/18-s1-p5-loan-returns.md",
      "artifact_type": "section",
      "authority": "canonical-argument",
      "dimensions": {
        "proposition-surface": true,
        "warrant-surface": true,
        "counterpressure-surface": true,
        "transition-surface": true
      },
      "missing": [],
      "dependencies": [],
      "consumers": [
        "submission-package/essay/section-rooms/02-return-of-zero/movements/17-s1-p4-zero-outside-math.md",
        "submission-package/essay/section-rooms/03-two-logics/movements/19-s2-p0-difference-cannot-be-escaped.md",
        "submission-package/essay/symbolon/episteme/concepts/zero.md"
      ],
      "sources": [
        "submission-package/essay/symbolon/episteme/sources/internal-corpus/taylor/taylor-2026-advent-zero-subject/SOURCE.md",
        "submission-package/essay/symbolon/episteme/sources/mathematics-logic/brahmagupta/colebrooke-1817-brahmagupta-bhaskara/SOURCE.md",
        "submission-package/essay/symbolon/episteme/sources/mathematics-logic/brahmagupta/colebrooke-1817-brahmagupta-bhaskara/SOURCE.md",
        "submission-package/essay/symbolon/episteme/sources/mathematics-logic/kaplan/kaplan-1999-nothing-that-is/SOURCE.md"
      ]
    },
    {
      "path": "submission-package/essay/section-rooms/03-two-logics/movements/19-s2-p0-difference-cannot-be-escaped.md",
      "artifact_type": "section",
      "authority": "canonical-argument",
      "dimensions": {
        "proposition-surface": true,
        "warrant-surface": true,
        "counterpressure-surface": true,
        "transition-surface": true
      },
      "missing": [],
      "dependencies": [],
      "consumers": [
        "submission-package/essay/section-rooms/02-return-of-zero/movements/18-s1-p5-loan-returns.md",
        "submission-package/essay/section-rooms/03-two-logics/movements/20-s2-p1-dia-ballein.md",
        "submission-package/essay/section-rooms/arguments/03-two-logics-and-sym-ballein.md",
        "submission-package/essay/section-rooms/arguments/11-mono-poly-whole-and-many.md",
        "submission-package/essay/section-rooms/arguments/18-trust-faith-formal-limit.md",
        "submission-package/essay/symbolon/episteme/concepts/fusion-as-syns-shadow.md"
      ],
      "sources": [
        "submission-package/essay/symbolon/episteme/sources/indian-philosophy/das/das-2022-sriharsa-sep/SOURCE.md"
      ]
    },
    {
      "path": "submission-package/essay/section-rooms/03-two-logics/movements/20-s2-p1-dia-ballein.md",
      "artifact_type": "section",
      "authority": "canonical-argument",
      "dimensions": {
        "proposition-surface": true,
        "warrant-surface": true,
        "counterpressure-surface": true,
        "transition-surface": true
      },
      "missing": [],
      "dependencies": [],
      "consumers": [
        "submission-package/essay/section-rooms/03-two-logics/movements/19-s2-p0-difference-cannot-be-escaped.md",
        "submission-package/essay/section-rooms/03-two-logics/movements/21-s2-p2-sym-ballein.md",
        "submission-package/essay/section-rooms/arguments/03-two-logics-and-sym-ballein.md",
        "submission-package/essay/section-rooms/arguments/18-trust-faith-formal-limit.md",
        "submission-package/essay/section-rooms/arguments/21-prisoner-politics-of-the-count.md"
      ],
      "sources": [
        "submission-package/essay/symbolon/episteme/sources/internal-corpus/taylor/taylor-2026-advent-zero-subject/SOURCE.md",
        "submission-package/essay/symbolon/episteme/sources/internal-corpus/taylor/taylor-2026-core-theorems-pithy/SOURCE.md",
        "submission-package/essay/symbolon/episteme/sources/phenomenology-continental-philosophy/heidegger/heidegger-1966-discourse-on-thinking/SOURCE.md",
        "submission-package/essay/symbolon/episteme/sources/phenomenology-continental-philosophy/heidegger/heidegger-1977-question-concerning-technology/SOURCE.md",
        "submission-package/essay/symbolon/episteme/sources/political-theory-institutions/iakovou/iakovou-2022-misuse-totalitarianism/SOURCE.md",
        "submission-package/essay/symbolon/episteme/sources/psychology/desmet/desmet-2022-psychology-totalitarianism-web-essay/SOURCE.md",
        "submission-package/essay/symbolon/episteme/sources/psychology/jung/jung-2013-undiscovered-self-routledge/SOURCE.md",
        "submission-package/essay/symbolon/episteme/sources/psychology/le-bon/le-bon-1895-crowd-popular-mind/SOURCE.md"
      ]
    },
    {
      "path": "submission-package/essay/section-rooms/03-two-logics/movements/21-s2-p2-sym-ballein.md",
      "artifact_type": "section",
      "authority": "canonical-argument",
      "dimensions": {
        "proposition-surface": true,
        "warrant-surface": true,
        "counterpressure-surface": true,
        "transition-surface": true
      },
      "missing": [],
      "dependencies": [],
      "consumers": [
        "submission-package/essay/section-rooms/03-two-logics/movements/20-s2-p1-dia-ballein.md",
        "submission-package/essay/section-rooms/03-two-logics/movements/22-s2-p3-ares-aphrodite-harmonia.md",
        "submission-package/essay/section-rooms/arguments/03-two-logics-and-sym-ballein.md",
        "submission-package/essay/section-rooms/arguments/11-mono-poly-whole-and-many.md",
        "submission-package/essay/section-rooms/arguments/14-computational-process-ontology.md",
        "submission-package/essay/section-rooms/arguments/18-trust-faith-formal-limit.md",
        "submission-package/essay/symbolon/episteme/concepts/fusion-as-syns-shadow.md",
        "submission-package/essay/symbolon/episteme/concepts/the-slash.md"
      ],
      "sources": [
        "submission-package/essay/symbolon/episteme/sources/internal-corpus/taylor/taylor-2026-core-theorems-pithy/SOURCE.md",
        "submission-package/essay/symbolon/episteme/sources/phenomenology-continental-philosophy/heidegger/heidegger-1975-early-greek-thinking/SOURCE.md",
        "submission-package/essay/symbolon/episteme/sources/political-theory-institutions/iakovou/iakovou-2022-misuse-totalitarianism/SOURCE.md",
        "submission-package/essay/symbolon/episteme/sources/psychology/desmet/desmet-2022-psychology-totalitarianism-web-essay/SOURCE.md",
        "submission-package/essay/symbolon/episteme/sources/psychology/jung/jung-2013-undiscovered-self-routledge/SOURCE.md",
        "submission-package/essay/symbolon/episteme/sources/psychology/le-bon/le-bon-1895-crowd-popular-mind/SOURCE.md"
      ]
    },
    {
      "path": "submission-package/essay/section-rooms/03-two-logics/movements/22-s2-p3-ares-aphrodite-harmonia.md",
      "artifact_type": "section",
      "authority": "canonical-argument",
      "dimensions": {
        "proposition-surface": true,
        "warrant-surface": true,
        "counterpressure-surface": true,
        "transition-surface": true
      },
      "missing": [],
      "dependencies": [],
      "consumers": [
        "submission-package/essay/section-rooms/01-differentiating-mind/movements/10-s0-p3-apoha.md",
        "submission-package/essay/section-rooms/03-two-logics/movements/21-s2-p2-sym-ballein.md",
        "submission-package/essay/section-rooms/03-two-logics/movements/23-s2-p4-complex-dynamism.md",
        "submission-package/essay/section-rooms/06-objective-internality/movements/40-s5-p3-preference-hidden-zero.md",
        "submission-package/essay/section-rooms/arguments/07-hephaestus-and-the-net.md",
        "submission-package/essay/section-rooms/arguments/18-trust-faith-formal-limit.md",
        "submission-package/essay/symbolon/episteme/concepts/counterfeit-gathering.md",
        "submission-package/essay/symbolon/episteme/concepts/register-grammar.md"
      ],
      "sources": [
        "submission-package/essay/symbolon/episteme/sources/classical-philology/brown/brown-1989-ares-aphrodite-laughter/SOURCE.md",
        "submission-package/essay/symbolon/episteme/sources/classical-philology/burkert/burkert-1960-lied-ares-aphrodite/SOURCE.md",
        "submission-package/essay/symbolon/episteme/sources/classical-philology/detienne/detienne-vernant-1978-cunning-intelligence/SOURCE.md",
        "submission-package/essay/symbolon/episteme/sources/classical-philology/hesiod/hesiod-1920-theogony-evelyn-white/SOURCE.md",
        "submission-package/essay/symbolon/episteme/sources/classical-philology/homer/homer-1919-odyssey-murray/SOURCE.md",
        "submission-package/essay/symbolon/episteme/sources/classical-philology/mackenzie/mackenzie-2021-heraclitean-allusion-odyssey/SOURCE.md",
        "submission-package/essay/symbolon/episteme/sources/classical-philology/mackenzie/mackenzie-2021-heraclitean-allusion-odyssey/SOURCE.md",
        "submission-package/essay/symbolon/episteme/sources/classical-philology/phillips/phillips-moicheia-unity-greek-law/SOURCE.md",
        "submission-package/essay/symbolon/episteme/sources/indian-philosophy/dushun/dushun-cleary-2000-jewel-net-indra/SOURCE.md",
        "submission-package/essay/symbolon/episteme/sources/indian-philosophy/dushun/dushun-cleary-2000-jewel-net-indra/SOURCE.md",
        "submission-package/essay/symbolon/episteme/sources/indian-philosophy/van-norden/van-norden-jones-2024-huayan-sep/SOURCE.md",
        "submission-package/essay/symbolon/episteme/sources/indian-philosophy/van-norden/van-norden-jones-2024-huayan-sep/SOURCE.md",
        "submission-package/essay/symbolon/episteme/sources/internal-corpus/taylor/taylor-2026-definition-god-draft3/SOURCE.md",
        "submission-package/essay/symbolon/episteme/sources/internal-corpus/taylor/taylor-2026-revision-notes-trust/SOURCE.md",
        "submission-package/essay/symbolon/episteme/sources/media-technology-philosophy/jorjani/jorjani-2016-prometheus-atlas/SOURCE.md",
        "submission-package/essay/symbolon/episteme/sources/phenomenology-continental-philosophy/heidegger/heidegger-1977-question-concerning-technology/SOURCE.md"
      ]
    },
    {
      "path": "submission-package/essay/section-rooms/03-two-logics/movements/23-s2-p4-complex-dynamism.md",
      "artifact_type": "section",
      "authority": "canonical-argument",
      "dimensions": {
        "proposition-surface": true,
        "warrant-surface": true,
        "counterpressure-surface": true,
        "transition-surface": true
      },
      "missing": [],
      "dependencies": [],
      "consumers": [
        "submission-package/essay/section-rooms/03-two-logics/movements/22-s2-p3-ares-aphrodite-harmonia.md",
        "submission-package/essay/section-rooms/03-two-logics/movements/24-s2-p5-zero-changes-role.md",
        "submission-package/essay/section-rooms/arguments/16-bohmian-enfoldment-dialogical-return.md",
        "submission-package/essay/symbolon/episteme/concepts/diaphaneity.md",
        "submission-package/essay/symbolon/episteme/concepts/fusion-as-syns-shadow.md"
      ],
      "sources": [
        "submission-package/essay/symbolon/episteme/sources/mathematics-logic/daza/daza-et-al-2016-basin-entropy/SOURCE.md",
        "submission-package/essay/symbolon/episteme/sources/political-theory-institutions/iakovou/iakovou-2022-misuse-totalitarianism/SOURCE.md",
        "submission-package/essay/symbolon/episteme/sources/process-systems-theory/maturana/maturana-varela-1980-autopoiesis-cognition/SOURCE.md",
        "submission-package/essay/symbolon/episteme/sources/process-systems-theory/maturana/maturana-varela-1980-autopoiesis-cognition/SOURCE.md",
        "submission-package/essay/symbolon/episteme/sources/process-systems-theory/whitehead/whitehead-1978-process-reality/SOURCE.md",
        "submission-package/essay/symbolon/episteme/sources/psychology/desmet/desmet-2022-psychology-totalitarianism-web-essay/SOURCE.md",
        "submission-package/essay/symbolon/episteme/sources/psychology/van-eenwyk/van-eenwyk-1997-archetypes-strange-attractors/SOURCE.md"
      ]
    },
    {
      "path": "submission-package/essay/section-rooms/03-two-logics/movements/24-s2-p5-zero-changes-role.md",
      "artifact_type": "section",
      "authority": "canonical-argument",
      "dimensions": {
        "proposition-surface": true,
        "warrant-surface": true,
        "counterpressure-surface": true,
        "transition-surface": true
      },
      "missing": [],
      "dependencies": [],
      "consumers": [
        "submission-package/essay/section-rooms/03-two-logics/movements/23-s2-p4-complex-dynamism.md",
        "submission-package/essay/section-rooms/04-mathematical-substrate/movements/25-s3-p0-eight-determinations.md",
        "submission-package/essay/section-rooms/arguments/14-computational-process-ontology.md",
        "submission-package/essay/section-rooms/arguments/19-two-ones-mono-poly-matheme.md",
        "submission-package/essay/section-rooms/arguments/21-prisoner-politics-of-the-count.md"
      ],
      "sources": []
    },
    {
      "path": "submission-package/essay/section-rooms/04-mathematical-substrate/movements/25-s3-p0-eight-determinations.md",
      "artifact_type": "section",
      "authority": "canonical-argument",
      "dimensions": {
        "proposition-surface": true,
        "warrant-surface": true,
        "counterpressure-surface": true,
        "transition-surface": true
      },
      "missing": [],
      "dependencies": [],
      "consumers": [
        "submission-package/essay/section-rooms/03-two-logics/movements/24-s2-p5-zero-changes-role.md",
        "submission-package/essay/section-rooms/04-mathematical-substrate/movements/26-s3-p1-spanda-4-2.md",
        "submission-package/essay/section-rooms/arguments/12-core-theorem-bridge.md",
        "submission-package/essay/section-rooms/arguments/19-two-ones-mono-poly-matheme.md",
        "submission-package/essay/symbolon/episteme/concepts/diaphaneity.md"
      ],
      "sources": [
        "submission-package/essay/symbolon/episteme/sources/internal-corpus/taylor/taylor-2026-advent-zero-subject/SOURCE.md",
        "submission-package/essay/symbolon/episteme/sources/mathematics-logic/strang/strang-herman-2016-openstax-calculus-v1/SOURCE.md"
      ]
    },
    {
      "path": "submission-package/essay/section-rooms/04-mathematical-substrate/movements/26-s3-p1-spanda-4-2.md",
      "artifact_type": "section",
      "authority": "canonical-argument",
      "dimensions": {
        "proposition-surface": true,
        "warrant-surface": true,
        "counterpressure-surface": true,
        "transition-surface": true
      },
      "missing": [],
      "dependencies": [],
      "consumers": [
        "submission-package/essay/section-rooms/04-mathematical-substrate/movements/25-s3-p0-eight-determinations.md",
        "submission-package/essay/section-rooms/04-mathematical-substrate/movements/27-s3-p2-mark-reentry-complex.md",
        "submission-package/essay/section-rooms/arguments/12-core-theorem-bridge.md",
        "submission-package/essay/section-rooms/arguments/14-computational-process-ontology.md",
        "submission-package/essay/section-rooms/arguments/21-prisoner-politics-of-the-count.md",
        "submission-package/essay/symbolon/episteme/concepts/bimba-pratibimba.md"
      ],
      "sources": [
        "submission-package/essay/symbolon/episteme/sources/mathematics-logic/scholtz/scholtz-1998-algorithms-diatonic-keyboard-tunings/SOURCE.md"
      ]
    },
    {
      "path": "submission-package/essay/section-rooms/04-mathematical-substrate/movements/27-s3-p2-mark-reentry-complex.md",
      "artifact_type": "section",
      "authority": "canonical-argument",
      "dimensions": {
        "proposition-surface": true,
        "warrant-surface": true,
        "counterpressure-surface": true,
        "transition-surface": true
      },
      "missing": [],
      "dependencies": [],
      "consumers": [
        "submission-package/essay/section-rooms/04-mathematical-substrate/movements/26-s3-p1-spanda-4-2.md",
        "submission-package/essay/section-rooms/04-mathematical-substrate/movements/28-s3-p3-projective-dimensional-reframing.md",
        "submission-package/essay/section-rooms/arguments/12-core-theorem-bridge.md",
        "submission-package/essay/symbolon/episteme/concepts/the-slash.md"
      ],
      "sources": [
        "submission-package/essay/symbolon/episteme/sources/mathematics-logic/kauffman/kauffman-2014-iterants-fermions-dirac-arxiv/SOURCE.md",
        "submission-package/essay/symbolon/episteme/sources/mathematics-logic/kauffman/kauffman-2014-iterants-fermions-dirac-arxiv/SOURCE.md",
        "submission-package/essay/symbolon/episteme/sources/mathematics-logic/spencer-brown/spencer-brown-1969-laws-form/SOURCE.md",
        "submission-package/essay/symbolon/episteme/sources/process-systems-theory/bohm/bohm-krishnamurti-1975-05-18-dialogue/SOURCE.md",
        "submission-package/essay/symbolon/episteme/sources/process-systems-theory/varela/varela-1975-calculus-self-reference/SOURCE.md"
      ]
    },
    {
      "path": "submission-package/essay/section-rooms/04-mathematical-substrate/movements/28-s3-p3-projective-dimensional-reframing.md",
      "artifact_type": "section",
      "authority": "canonical-argument",
      "dimensions": {
        "proposition-surface": true,
        "warrant-surface": true,
        "counterpressure-surface": true,
        "transition-surface": true
      },
      "missing": [],
      "dependencies": [],
      "consumers": [
        "submission-package/essay/section-rooms/04-mathematical-substrate/movements/27-s3-p2-mark-reentry-complex.md",
        "submission-package/essay/section-rooms/04-mathematical-substrate/movements/29-s3-p4-topology-music-resolution.md",
        "submission-package/essay/section-rooms/arguments/12-core-theorem-bridge.md",
        "submission-package/essay/symbolon/episteme/concepts/dimensional-reframing-at-zero-and-infinity.md"
      ],
      "sources": [
        "submission-package/essay/symbolon/episteme/sources/mathematics-logic/garfield/garfield-priest-2003-limits-of-thought/SOURCE.md",
        "submission-package/essay/symbolon/episteme/sources/mathematics-logic/kapsner/kapsner-2020-cutting-corners/SOURCE.md",
        "submission-package/essay/symbolon/episteme/sources/mathematics-logic/nist/nist-dlmf-2026-complex-variable/SOURCE.md",
        "submission-package/essay/symbolon/episteme/sources/mathematics-logic/priest/priest-2010-logic-catuskoti/SOURCE.md",
        "submission-package/essay/symbolon/episteme/sources/mathematics-logic/priest/priest-2018-fifth-corner/SOURCE.md",
        "submission-package/essay/symbolon/episteme/sources/physics/kirchner/kirchner-elkamhawy-hammer-2024-entanglement-nucleon-scattering/SOURCE.md"
      ]
    },
    {
      "path": "submission-package/essay/section-rooms/04-mathematical-substrate/movements/29-s3-p4-topology-music-resolution.md",
      "artifact_type": "section",
      "authority": "canonical-argument",
      "dimensions": {
        "proposition-surface": true,
        "warrant-surface": true,
        "counterpressure-surface": true,
        "transition-surface": true
      },
      "missing": [],
      "dependencies": [],
      "consumers": [
        "submission-package/essay/section-rooms/04-mathematical-substrate/movements/28-s3-p3-projective-dimensional-reframing.md",
        "submission-package/essay/section-rooms/arguments/04-arche-topos-topology-music.md",
        "submission-package/essay/section-rooms/arguments/10-vak.md",
        "submission-package/essay/section-rooms/arguments/12-core-theorem-bridge.md",
        "submission-package/essay/section-rooms/arguments/17-toroidal-circulation-arche-topos.md"
      ],
      "sources": [
        "submission-package/essay/symbolon/episteme/sources/mathematics-logic/scholtz/scholtz-1998-algorithms-diatonic-keyboard-tunings/SOURCE.md",
        "submission-package/essay/symbolon/episteme/sources/physics/iter/iter-what-is-tokamak/SOURCE.md"
      ]
    },
    {
      "path": "submission-package/essay/section-rooms/04-mathematical-substrate/movements/30-s3-p5-arche-topos.md",
      "artifact_type": "section",
      "authority": "canonical-argument",
      "dimensions": {
        "proposition-surface": true,
        "warrant-surface": true,
        "counterpressure-surface": true,
        "transition-surface": true
      },
      "missing": [],
      "dependencies": [],
      "consumers": [
        "submission-package/essay/section-rooms/05-psychoid-flowering/movements/31-s4-p0-psychoid-problem.md",
        "submission-package/essay/section-rooms/06-objective-internality/movements/41-s5-p4-bimba-energy-fields.md",
        "submission-package/essay/section-rooms/arguments/04-arche-topos-topology-music.md",
        "submission-package/essay/section-rooms/arguments/10-vak.md",
        "submission-package/essay/section-rooms/arguments/12-core-theorem-bridge.md",
        "submission-package/essay/section-rooms/arguments/14-computational-process-ontology.md",
        "submission-package/essay/symbolon/episteme/concepts/psychoid-number.md",
        "submission-package/essay/symbolon/episteme/concepts/the-slash.md",
        "submission-package/essay/symbolon/episteme/concepts/world-picture-to-world-atlas.md"
      ],
      "sources": [
        "submission-package/essay/symbolon/episteme/sources/phenomenology-continental-philosophy/heidegger/heidegger-1977-question-concerning-technology/SOURCE.md"
      ]
    },
    {
      "path": "submission-package/essay/section-rooms/05-psychoid-flowering/movements/31-s4-p0-psychoid-problem.md",
      "artifact_type": "section",
      "authority": "canonical-argument",
      "dimensions": {
        "proposition-surface": true,
        "warrant-surface": true,
        "counterpressure-surface": true,
        "transition-surface": true
      },
      "missing": [],
      "dependencies": [],
      "consumers": [
        "submission-package/essay/section-rooms/04-mathematical-substrate/movements/30-s3-p5-arche-topos.md",
        "submission-package/essay/section-rooms/05-psychoid-flowering/movements/32-s4-p1-jung-individuation.md",
        "submission-package/essay/section-rooms/arguments/04-arche-topos-topology-music.md",
        "submission-package/essay/section-rooms/arguments/16-bohmian-enfoldment-dialogical-return.md",
        "submission-package/essay/symbolon/episteme/concepts/psychoid-number.md"
      ],
      "sources": [
        "submission-package/essay/symbolon/episteme/sources/internal-corpus/taylor/taylor-2026-advent-zero-subject/SOURCE.md",
        "submission-package/essay/symbolon/episteme/sources/physics/atmanspacher/atmanspacher-2020-pauli-jung-conjecture/SOURCE.md",
        "submission-package/essay/symbolon/episteme/sources/psychology/freud/freud-1915-unconscious-standard-edition/SOURCE.md",
        "submission-package/essay/symbolon/episteme/sources/psychology/jung/jung-1969-psychology-religion-cw11/SOURCE.md",
        "submission-package/essay/symbolon/episteme/sources/psychology/jung/jung-pauli-meier-2001-atom-archetype/SOURCE.md"
      ]
    },
    {
      "path": "submission-package/essay/section-rooms/05-psychoid-flowering/movements/32-s4-p1-jung-individuation.md",
      "artifact_type": "section",
      "authority": "canonical-argument",
      "dimensions": {
        "proposition-surface": true,
        "warrant-surface": true,
        "counterpressure-surface": true,
        "transition-surface": true
      },
      "missing": [],
      "dependencies": [],
      "consumers": [
        "submission-package/essay/section-rooms/05-psychoid-flowering/movements/31-s4-p0-psychoid-problem.md",
        "submission-package/essay/section-rooms/05-psychoid-flowering/movements/33-s4-p2-complexio-quaternity-senarius.md"
      ],
      "sources": [
        "submission-package/essay/symbolon/episteme/sources/internal-corpus/taylor/taylor-2026-advent-zero-subject/SOURCE.md",
        "submission-package/essay/symbolon/episteme/sources/psychology/freud/freud-1915-unconscious-standard-edition/SOURCE.md",
        "submission-package/essay/symbolon/episteme/sources/psychology/jung/jung-1969-psychology-religion-cw11/SOURCE.md",
        "submission-package/essay/symbolon/episteme/sources/psychology/jung/jung-1978-aion-cw9-2/SOURCE.md",
        "submission-package/essay/symbolon/episteme/sources/psychology/neumann/neumann-1954-origins-history-consciousness/SOURCE.md",
        "submission-package/essay/symbolon/episteme/sources/psychology/smythe/smythe-2013-dialogical-jung/SOURCE.md",
        "submission-package/essay/symbolon/episteme/sources/psychology/van-eenwyk/van-eenwyk-1997-archetypes-strange-attractors/SOURCE.md"
      ]
    },
    {
      "path": "submission-package/essay/section-rooms/05-psychoid-flowering/movements/33-s4-p2-complexio-quaternity-senarius.md",
      "artifact_type": "section",
      "authority": "canonical-argument",
      "dimensions": {
        "proposition-surface": true,
        "warrant-surface": true,
        "counterpressure-surface": true,
        "transition-surface": true
      },
      "missing": [],
      "dependencies": [],
      "consumers": [
        "submission-package/essay/section-rooms/05-psychoid-flowering/movements/32-s4-p1-jung-individuation.md",
        "submission-package/essay/section-rooms/05-psychoid-flowering/movements/34-s4-p3-lacan-matheme-mytheme.md"
      ],
      "sources": [
        "submission-package/essay/symbolon/episteme/sources/psychology/courtney/courtney-2019-salt-point-kairos-chaos/SOURCE.md",
        "submission-package/essay/symbolon/episteme/sources/psychology/jung/jung-1978-aion-cw9-2/SOURCE.md"
      ]
    },
    {
      "path": "submission-package/essay/section-rooms/05-psychoid-flowering/movements/34-s4-p3-lacan-matheme-mytheme.md",
      "artifact_type": "section",
      "authority": "canonical-argument",
      "dimensions": {
        "proposition-surface": true,
        "warrant-surface": true,
        "counterpressure-surface": true,
        "transition-surface": true
      },
      "missing": [],
      "dependencies": [],
      "consumers": [
        "submission-package/essay/section-rooms/05-psychoid-flowering/movements/33-s4-p2-complexio-quaternity-senarius.md",
        "submission-package/essay/section-rooms/05-psychoid-flowering/movements/35-s4-p4-gebser-apollo-dionysus.md",
        "submission-package/essay/section-rooms/arguments/01-immutable-gap-and-meta-sign.md",
        "submission-package/essay/symbolon/episteme/concepts/zero.md"
      ],
      "sources": [
        "submission-package/essay/symbolon/episteme/sources/psychology/adleman/adleman-vanderwees-2021-lacan-rhetoric/SOURCE.md",
        "submission-package/essay/symbolon/episteme/sources/psychology/darmon/darmon-1992-matheme-ali/SOURCE.md",
        "submission-package/essay/symbolon/episteme/sources/psychology/lacan/lacan-2017-talking-to-brick-walls/SOURCE.md"
      ]
    },
    {
      "path": "submission-package/essay/section-rooms/05-psychoid-flowering/movements/35-s4-p4-gebser-apollo-dionysus.md",
      "artifact_type": "section",
      "authority": "canonical-argument",
      "dimensions": {
        "proposition-surface": true,
        "warrant-surface": true,
        "counterpressure-surface": true,
        "transition-surface": true
      },
      "missing": [],
      "dependencies": [],
      "consumers": [
        "submission-package/essay/section-rooms/05-psychoid-flowering/movements/34-s4-p3-lacan-matheme-mytheme.md",
        "submission-package/essay/section-rooms/05-psychoid-flowering/movements/36-s4-p5-mef-prompt-thrownness.md",
        "submission-package/essay/section-rooms/arguments/07-hephaestus-and-the-net.md",
        "submission-package/essay/symbolon/episteme/concepts/apoha.md",
        "submission-package/essay/symbolon/episteme/concepts/counterfeit-gathering.md",
        "submission-package/essay/symbolon/episteme/concepts/diaphaneity.md",
        "submission-package/essay/symbolon/episteme/concepts/fusion-as-syns-shadow.md"
      ],
      "sources": [
        "submission-package/essay/symbolon/episteme/sources/internal-corpus/taylor/taylor-2026-advent-zero-subject/SOURCE.md",
        "submission-package/essay/symbolon/episteme/sources/phenomenology-continental-philosophy/gebser/gebser-1985-ever-present-origin/SOURCE.md",
        "submission-package/essay/symbolon/episteme/sources/phenomenology-continental-philosophy/heidegger/heidegger-1966-discourse-on-thinking/SOURCE.md",
        "submission-package/essay/symbolon/episteme/sources/phenomenology-continental-philosophy/nietzsche/nietzsche-1910-birth-tragedy-haussmann/SOURCE.md",
        "submission-package/essay/symbolon/episteme/sources/psychology/mcgilchrist/mcgilchrist-2009-master-emissary/SOURCE.md"
      ]
    },
    {
      "path": "submission-package/essay/section-rooms/05-psychoid-flowering/movements/36-s4-p5-mef-prompt-thrownness.md",
      "artifact_type": "section",
      "authority": "canonical-argument",
      "dimensions": {
        "proposition-surface": true,
        "warrant-surface": true,
        "counterpressure-surface": true,
        "transition-surface": true
      },
      "missing": [],
      "dependencies": [],
      "consumers": [
        "submission-package/essay/section-rooms/05-psychoid-flowering/movements/35-s4-p4-gebser-apollo-dionysus.md",
        "submission-package/essay/section-rooms/06-objective-internality/movements/37-s5-p0-math-moves-meaning.md",
        "submission-package/essay/section-rooms/arguments/02-objective-internality.md",
        "submission-package/essay/section-rooms/arguments/05-agent-subjectivity-open.md",
        "submission-package/essay/section-rooms/arguments/14-computational-process-ontology.md",
        "submission-package/essay/symbolon/episteme/concepts/prompt-thrownness.md"
      ],
      "sources": [
        "submission-package/essay/symbolon/episteme/sources/internal-corpus/taylor/taylor-2026-mef-twelve-lenses/SOURCE.md",
        "submission-package/essay/symbolon/episteme/sources/media-technology-philosophy/bratton/bratton-2026-agentworld-brief/SOURCE.md",
        "submission-package/essay/symbolon/episteme/sources/process-systems-theory/bohm/bohm-krishnamurti-1975-05-18-dialogue/SOURCE.md"
      ]
    },
    {
      "path": "submission-package/essay/section-rooms/06-objective-internality/movements/37-s5-p0-math-moves-meaning.md",
      "artifact_type": "section",
      "authority": "canonical-argument",
      "dimensions": {
        "proposition-surface": true,
        "warrant-surface": true,
        "counterpressure-surface": true,
        "transition-surface": true
      },
      "missing": [],
      "dependencies": [],
      "consumers": [
        "submission-package/essay/section-rooms/01-differentiating-mind/movements/08-s0-p1-inner-instrument.md",
        "submission-package/essay/section-rooms/01-differentiating-mind/movements/09-s0-p2-vikalpa-samkalpa.md",
        "submission-package/essay/section-rooms/01-differentiating-mind/movements/10-s0-p3-apoha.md",
        "submission-package/essay/section-rooms/01-differentiating-mind/movements/11-s0-p4-tattvic-compression.md",
        "submission-package/essay/section-rooms/05-psychoid-flowering/movements/36-s4-p5-mef-prompt-thrownness.md",
        "submission-package/essay/section-rooms/06-objective-internality/movements/38-s5-p1-apoha-softmax.md",
        "submission-package/essay/section-rooms/arguments/05-agent-subjectivity-open.md",
        "submission-package/essay/section-rooms/arguments/06-computational-vimarsa-ahi.md",
        "submission-package/essay/section-rooms/arguments/14-computational-process-ontology.md"
      ],
      "sources": [
        "submission-package/essay/symbolon/episteme/sources/computer-science-ml/vaswani/vaswani-et-al-2017-attention/SOURCE.md",
        "submission-package/essay/symbolon/episteme/sources/computer-science-ml/vaswani/vaswani-et-al-2017-attention/SOURCE.md",
        "submission-package/essay/symbolon/episteme/sources/process-systems-theory/maturana/maturana-varela-1980-autopoiesis-cognition/SOURCE.md"
      ]
    },
    {
      "path": "submission-package/essay/section-rooms/06-objective-internality/movements/38-s5-p1-apoha-softmax.md",
      "artifact_type": "section",
      "authority": "canonical-argument",
      "dimensions": {
        "proposition-surface": true,
        "warrant-surface": true,
        "counterpressure-surface": true,
        "transition-surface": true
      },
      "missing": [],
      "dependencies": [],
      "consumers": [
        "submission-package/essay/section-rooms/01-differentiating-mind/movements/08-s0-p1-inner-instrument.md",
        "submission-package/essay/section-rooms/01-differentiating-mind/movements/09-s0-p2-vikalpa-samkalpa.md",
        "submission-package/essay/section-rooms/01-differentiating-mind/movements/10-s0-p3-apoha.md",
        "submission-package/essay/section-rooms/01-differentiating-mind/movements/11-s0-p4-tattvic-compression.md",
        "submission-package/essay/section-rooms/06-objective-internality/movements/37-s5-p0-math-moves-meaning.md",
        "submission-package/essay/section-rooms/06-objective-internality/movements/39-s5-p2-j-space.md",
        "submission-package/essay/symbolon/episteme/concepts/apoha.md",
        "submission-package/essay/symbolon/episteme/concepts/vikalpa-samkalpa.md"
      ],
      "sources": [
        "submission-package/essay/symbolon/episteme/sources/computer-science-ml/vaswani/vaswani-et-al-2017-attention/SOURCE.md",
        "submission-package/essay/symbolon/episteme/sources/computer-science-ml/vaswani/vaswani-et-al-2017-attention/SOURCE.md",
        "submission-package/essay/symbolon/episteme/sources/indian-philosophy/siderits/siderits-tillemans-chakrabarti-2011-apoha/SOURCE.md",
        "submission-package/essay/symbolon/episteme/sources/psychology/mcgilchrist/mcgilchrist-2022-resist-machine-apocalypse/SOURCE.md"
      ]
    },
    {
      "path": "submission-package/essay/section-rooms/06-objective-internality/movements/39-s5-p2-j-space.md",
      "artifact_type": "section",
      "authority": "canonical-argument",
      "dimensions": {
        "proposition-surface": true,
        "warrant-surface": true,
        "counterpressure-surface": true,
        "transition-surface": true
      },
      "missing": [],
      "dependencies": [],
      "consumers": [
        "submission-package/essay/section-rooms/01-differentiating-mind/movements/11-s0-p4-tattvic-compression.md",
        "submission-package/essay/section-rooms/06-objective-internality/movements/38-s5-p1-apoha-softmax.md",
        "submission-package/essay/section-rooms/06-objective-internality/movements/40-s5-p3-preference-hidden-zero.md",
        "submission-package/essay/symbolon/episteme/concepts/j-space.md",
        "submission-package/essay/symbolon/episteme/concepts/simulation.md"
      ],
      "sources": [
        "submission-package/essay/symbolon/episteme/sources/computer-science-ml/lecun/lecun-et-al-2006-energy-based-learning/SOURCE.md"
      ]
    },
    {
      "path": "submission-package/essay/section-rooms/06-objective-internality/movements/40-s5-p3-preference-hidden-zero.md",
      "artifact_type": "section",
      "authority": "canonical-argument",
      "dimensions": {
        "proposition-surface": true,
        "warrant-surface": true,
        "counterpressure-surface": true,
        "transition-surface": true
      },
      "missing": [],
      "dependencies": [],
      "consumers": [
        "submission-package/essay/section-rooms/03-two-logics/movements/22-s2-p3-ares-aphrodite-harmonia.md",
        "submission-package/essay/section-rooms/06-objective-internality/movements/39-s5-p2-j-space.md",
        "submission-package/essay/section-rooms/06-objective-internality/movements/41-s5-p4-bimba-energy-fields.md",
        "submission-package/essay/section-rooms/06-objective-internality/movements/42-s5-p5-research-vectors.md",
        "submission-package/essay/section-rooms/arguments/08-deferential-intelligence.md",
        "submission-package/essay/section-rooms/arguments/11-mono-poly-whole-and-many.md",
        "submission-package/essay/section-rooms/arguments/13-tattvic-differential-field.md",
        "submission-package/essay/section-rooms/arguments/18-trust-faith-formal-limit.md",
        "submission-package/essay/section-rooms/arguments/21-prisoner-politics-of-the-count.md",
        "submission-package/essay/symbolon/episteme/concepts/bimba-pratibimba.md",
        "submission-package/essay/symbolon/episteme/concepts/counterfeit-gathering.md",
        "submission-package/essay/symbolon/episteme/concepts/j-space.md",
        "submission-package/essay/symbolon/episteme/concepts/simulation.md"
      ],
      "sources": [
        "submission-package/essay/symbolon/episteme/sources/classical-philology/homer/homer-1919-odyssey-murray/SOURCE.md",
        "submission-package/essay/symbolon/episteme/sources/classical-philology/phillips/phillips-moicheia-unity-greek-law/SOURCE.md",
        "submission-package/essay/symbolon/episteme/sources/computer-science-ml/rafailov/rafailov-et-al-2023-dpo/SOURCE.md",
        "submission-package/essay/symbolon/episteme/sources/phenomenology-continental-philosophy/heidegger/heidegger-1977-question-concerning-technology/SOURCE.md"
      ]
    },
    {
      "path": "submission-package/essay/section-rooms/06-objective-internality/movements/41-s5-p4-bimba-energy-fields.md",
      "artifact_type": "section",
      "authority": "canonical-argument",
      "dimensions": {
        "proposition-surface": true,
        "warrant-surface": true,
        "counterpressure-surface": true,
        "transition-surface": true
      },
      "missing": [],
      "dependencies": [],
      "consumers": [
        "submission-package/essay/section-rooms/04-mathematical-substrate/movements/30-s3-p5-arche-topos.md",
        "submission-package/essay/section-rooms/06-objective-internality/movements/40-s5-p3-preference-hidden-zero.md",
        "submission-package/essay/section-rooms/06-objective-internality/movements/42-s5-p5-research-vectors.md",
        "submission-package/essay/section-rooms/arguments/02-objective-internality.md",
        "submission-package/essay/symbolon/episteme/concepts/bimba-pratibimba.md",
        "submission-package/essay/symbolon/episteme/concepts/j-space.md",
        "submission-package/essay/symbolon/episteme/concepts/parasociety.md",
        "submission-package/essay/symbolon/episteme/concepts/world-picture-to-world-atlas.md"
      ],
      "sources": [
        "submission-package/essay/symbolon/episteme/sources/computer-science-ml/lecun/lecun-et-al-2006-energy-based-learning/SOURCE.md"
      ]
    },
    {
      "path": "submission-package/essay/section-rooms/06-objective-internality/movements/42-s5-p5-research-vectors.md",
      "artifact_type": "section",
      "authority": "canonical-argument",
      "dimensions": {
        "proposition-surface": true,
        "warrant-surface": true,
        "counterpressure-surface": true,
        "transition-surface": true
      },
      "missing": [],
      "dependencies": [],
      "consumers": [
        "submission-package/essay/section-rooms/06-objective-internality/movements/40-s5-p3-preference-hidden-zero.md",
        "submission-package/essay/section-rooms/06-objective-internality/movements/41-s5-p4-bimba-energy-fields.md",
        "submission-package/essay/section-rooms/07-instrument-returns/movements/43-s50-p0-theory-vocation-compassion.md",
        "submission-package/essay/section-rooms/arguments/06-computational-vimarsa-ahi.md",
        "submission-package/essay/section-rooms/arguments/08-deferential-intelligence.md",
        "submission-package/essay/symbolon/episteme/concepts/bimba-pratibimba.md",
        "submission-package/essay/symbolon/episteme/concepts/j-space.md"
      ],
      "sources": [
        "submission-package/essay/symbolon/episteme/sources/computer-science-ml/lecun/lecun-et-al-2006-energy-based-learning/SOURCE.md"
      ]
    },
    {
      "path": "submission-package/essay/section-rooms/07-instrument-returns/movements/43-s50-p0-theory-vocation-compassion.md",
      "artifact_type": "section",
      "authority": "canonical-argument",
      "dimensions": {
        "proposition-surface": true,
        "warrant-surface": true,
        "counterpressure-surface": true,
        "transition-surface": true
      },
      "missing": [],
      "dependencies": [],
      "consumers": [
        "submission-package/essay/section-rooms/06-objective-internality/movements/42-s5-p5-research-vectors.md",
        "submission-package/essay/section-rooms/07-instrument-returns/movements/44-s50-p1-ql-mef-bimba-harness.md",
        "submission-package/essay/section-rooms/arguments/06-computational-vimarsa-ahi.md",
        "submission-package/essay/section-rooms/arguments/08-deferential-intelligence.md",
        "submission-package/essay/section-rooms/arguments/18-trust-faith-formal-limit.md",
        "submission-package/essay/symbolon/episteme/concepts/compassion-as-sensitivity-to-origins.md"
      ],
      "sources": []
    },
    {
      "path": "submission-package/essay/section-rooms/07-instrument-returns/movements/44-s50-p1-ql-mef-bimba-harness.md",
      "artifact_type": "section",
      "authority": "canonical-argument",
      "dimensions": {
        "proposition-surface": true,
        "warrant-surface": true,
        "counterpressure-surface": true,
        "transition-surface": true
      },
      "missing": [],
      "dependencies": [],
      "consumers": [
        "submission-package/essay/section-rooms/07-instrument-returns/movements/43-s50-p0-theory-vocation-compassion.md",
        "submission-package/essay/section-rooms/07-instrument-returns/movements/45-s50-p2-antikythera-attunement.md",
        "submission-package/essay/section-rooms/arguments/06-computational-vimarsa-ahi.md",
        "submission-package/essay/section-rooms/arguments/10-vak.md",
        "submission-package/essay/section-rooms/arguments/14-computational-process-ontology.md",
        "submission-package/essay/section-rooms/arguments/16-bohmian-enfoldment-dialogical-return.md",
        "submission-package/essay/section-rooms/arguments/18-trust-faith-formal-limit.md",
        "submission-package/essay/symbolon/episteme/concepts/bimba-pratibimba.md"
      ],
      "sources": [
        "submission-package/essay/symbolon/episteme/sources/internal-corpus/taylor/taylor-2026-advent-zero-subject/SOURCE.md",
        "submission-package/essay/symbolon/episteme/sources/media-technology-philosophy/bratton/bratton-2026-agentworld-brief/SOURCE.md",
        "submission-package/essay/symbolon/episteme/sources/process-systems-theory/bohm/bohm-krishnamurti-1975-05-18-dialogue/SOURCE.md",
        "submission-package/essay/symbolon/episteme/sources/process-systems-theory/seed/seed-2010-language-spirit/SOURCE.md"
      ]
    },
    {
      "path": "submission-package/essay/section-rooms/07-instrument-returns/movements/45-s50-p2-antikythera-attunement.md",
      "artifact_type": "section",
      "authority": "canonical-argument",
      "dimensions": {
        "proposition-surface": true,
        "warrant-surface": true,
        "counterpressure-surface": true,
        "transition-surface": true
      },
      "missing": [],
      "dependencies": [],
      "consumers": [
        "submission-package/essay/section-rooms/07-instrument-returns/movements/44-s50-p1-ql-mef-bimba-harness.md",
        "submission-package/essay/section-rooms/07-instrument-returns/movements/46-s50-p3-4-2-mono-poly.md",
        "submission-package/essay/symbolon/episteme/concepts/the-slash.md"
      ],
      "sources": [
        "submission-package/essay/symbolon/episteme/sources/history-philosophy-of-science/freeth/freeth-et-al-2006-antikythera/SOURCE.md",
        "submission-package/essay/symbolon/episteme/sources/history-philosophy-of-science/freeth/freeth-et-al-2021-model-cosmos/SOURCE.md",
        "submission-package/essay/symbolon/episteme/sources/phenomenology-continental-philosophy/heidegger/heidegger-1966-discourse-on-thinking/SOURCE.md",
        "submission-package/essay/symbolon/episteme/sources/phenomenology-continental-philosophy/heidegger/heidegger-1977-question-concerning-technology/SOURCE.md"
      ]
    },
    {
      "path": "submission-package/essay/section-rooms/07-instrument-returns/movements/46-s50-p3-4-2-mono-poly.md",
      "artifact_type": "section",
      "authority": "canonical-argument",
      "dimensions": {
        "proposition-surface": true,
        "warrant-surface": true,
        "counterpressure-surface": true,
        "transition-surface": true
      },
      "missing": [],
      "dependencies": [],
      "consumers": [
        "submission-package/essay/section-rooms/07-instrument-returns/movements/45-s50-p2-antikythera-attunement.md",
        "submission-package/essay/section-rooms/07-instrument-returns/movements/47-s50-p4-idealism-horizon.md",
        "submission-package/essay/section-rooms/07-instrument-returns/movements/48-s50-p5-ahi-planetary-return.md",
        "submission-package/essay/section-rooms/arguments/07-hephaestus-and-the-net.md",
        "submission-package/essay/section-rooms/arguments/11-mono-poly-whole-and-many.md",
        "submission-package/essay/section-rooms/arguments/18-trust-faith-formal-limit.md",
        "submission-package/essay/section-rooms/arguments/21-prisoner-politics-of-the-count.md",
        "submission-package/essay/symbolon/episteme/concepts/bimba-pratibimba.md",
        "submission-package/essay/symbolon/episteme/concepts/counterfeit-gathering.md"
      ],
      "sources": [
        "submission-package/essay/symbolon/episteme/sources/indian-philosophy/dushun/dushun-cleary-2000-jewel-net-indra/SOURCE.md",
        "submission-package/essay/symbolon/episteme/sources/indian-philosophy/dushun/dushun-cleary-2000-jewel-net-indra/SOURCE.md",
        "submission-package/essay/symbolon/episteme/sources/indian-philosophy/van-norden/van-norden-jones-2024-huayan-sep/SOURCE.md",
        "submission-package/essay/symbolon/episteme/sources/indian-philosophy/van-norden/van-norden-jones-2024-huayan-sep/SOURCE.md",
        "submission-package/essay/symbolon/episteme/sources/internal-corpus/taylor/taylor-2026-revision-notes-trust/SOURCE.md",
        "submission-package/essay/symbolon/episteme/sources/media-technology-philosophy/42-techne/42-techne-2026-sovereign-commons/SOURCE.md",
        "submission-package/essay/symbolon/episteme/sources/media-technology-philosophy/42-techne/42-techne-2026-sovereign-commons/SOURCE.md",
        "submission-package/essay/symbolon/episteme/sources/media-technology-philosophy/bratton/bratton-2026-agentworld-brief/SOURCE.md",
        "submission-package/essay/symbolon/episteme/sources/political-theory-institutions/iakovou/iakovou-2022-misuse-totalitarianism/SOURCE.md",
        "submission-package/essay/symbolon/episteme/sources/political-theory-institutions/ostrom/ostrom-2009-beyond-markets-states-nobel-lecture/SOURCE.md"
      ]
    },
    {
      "path": "submission-package/essay/section-rooms/07-instrument-returns/movements/47-s50-p4-idealism-horizon.md",
      "artifact_type": "section",
      "authority": "canonical-argument",
      "dimensions": {
        "proposition-surface": true,
        "warrant-surface": false,
        "counterpressure-surface": true,
        "transition-surface": true
      },
      "missing": [
        "warrant-surface"
      ],
      "dependencies": [],
      "consumers": [
        "submission-package/essay/section-rooms/07-instrument-returns/movements/46-s50-p3-4-2-mono-poly.md",
        "submission-package/essay/section-rooms/07-instrument-returns/movements/48-s50-p5-ahi-planetary-return.md",
        "submission-package/essay/section-rooms/arguments/05-agent-subjectivity-open.md",
        "submission-package/essay/section-rooms/arguments/09-prakasa-vimarsa.md",
        "submission-package/essay/symbolon/episteme/concepts/bimba-pratibimba.md"
      ],
      "sources": [
        "submission-package/essay/symbolon/episteme/sources/classical-premodern-philosophy/berkeley/berkeley-1734-three-dialogues-wilkins-2002/SOURCE.md",
        "submission-package/essay/symbolon/episteme/sources/history-philosophy-of-science/frank/frank-gleiser-thompson-2024-blind-spot/SOURCE.md",
        "submission-package/essay/symbolon/episteme/sources/indian-philosophy/abhinavagupta/abhinavagupta-singh-1988-paratrisika-vivarana/SOURCE.md",
        "submission-package/essay/symbolon/episteme/sources/indian-philosophy/dyczkowski/dyczkowski-2000-doctrine-vibration/SOURCE.md",
        "submission-package/essay/symbolon/episteme/sources/internal-corpus/taylor/taylor-2026-core-theorems-pithy/SOURCE.md",
        "submission-package/essay/symbolon/episteme/sources/media-technology-philosophy/bratton/bratton-2026-agentworld-brief/SOURCE.md"
      ]
    },
    {
      "path": "submission-package/essay/section-rooms/07-instrument-returns/movements/48-s50-p5-ahi-planetary-return.md",
      "artifact_type": "section",
      "authority": "canonical-argument",
      "dimensions": {
        "proposition-surface": true,
        "warrant-surface": false,
        "counterpressure-surface": true,
        "transition-surface": true
      },
      "missing": [
        "warrant-surface"
      ],
      "dependencies": [],
      "consumers": [
        "submission-package/essay/section-rooms/07-instrument-returns/movements/46-s50-p3-4-2-mono-poly.md",
        "submission-package/essay/section-rooms/07-instrument-returns/movements/47-s50-p4-idealism-horizon.md",
        "submission-package/essay/section-rooms/arguments/01-immutable-gap-and-meta-sign.md",
        "submission-package/essay/section-rooms/arguments/05-agent-subjectivity-open.md",
        "submission-package/essay/section-rooms/arguments/06-computational-vimarsa-ahi.md",
        "submission-package/essay/section-rooms/arguments/08-deferential-intelligence.md",
        "submission-package/essay/section-rooms/arguments/09-prakasa-vimarsa.md",
        "submission-package/essay/section-rooms/arguments/14-computational-process-ontology.md",
        "submission-package/essay/section-rooms/arguments/18-trust-faith-formal-limit.md",
        "submission-package/essay/section-rooms/arguments/21-prisoner-politics-of-the-count.md",
        "submission-package/essay/symbolon/episteme/concepts/bimba-pratibimba.md",
        "submission-package/essay/symbolon/episteme/concepts/planetary-computation.md"
      ],
      "sources": [
        "submission-package/essay/symbolon/episteme/sources/internal-corpus/taylor/taylor-2026-advent-zero-subject/SOURCE.md",
        "submission-package/essay/symbolon/episteme/sources/internal-corpus/taylor/taylor-2026-core-theorems-pithy/SOURCE.md",
        "submission-package/essay/symbolon/episteme/sources/media-technology-philosophy/42-techne/42-techne-2026-sovereign-commons/SOURCE.md",
        "submission-package/essay/symbolon/episteme/sources/media-technology-philosophy/bratton/bratton-2026-agentworld-brief/SOURCE.md"
      ]
    },
    {
      "path": "submission-package/essay/section-rooms/arguments/01-immutable-gap-and-meta-sign.md",
      "artifact_type": "argument",
      "authority": "canonical-argument",
      "dimensions": {
        "claim-surface": true,
        "warrant-surface": true,
        "counterpressure-surface": true
      },
      "missing": [],
      "dependencies": [],
      "consumers": [
        "submission-package/essay/section-rooms/00-integral-threshold/movements/01-s01-p0-question-before-mechanism.md",
        "submission-package/essay/section-rooms/00-integral-threshold/movements/02-s01-p1-define-subject.md",
        "submission-package/essay/section-rooms/00-integral-threshold/movements/03-s01-p2-definition-cut-gift-danger.md",
        "submission-package/essay/section-rooms/00-integral-threshold/movements/04-s01-p3-formal-limit-genealogy.md",
        "submission-package/essay/section-rooms/00-integral-threshold/movements/05-s01-p4-gebser-diaphaneity.md",
        "submission-package/essay/section-rooms/00-integral-threshold/movements/06-s01-p5-return-zero.md",
        "submission-package/essay/section-rooms/05-psychoid-flowering/movements/34-s4-p3-lacan-matheme-mytheme.md",
        "submission-package/essay/section-rooms/07-instrument-returns/movements/48-s50-p5-ahi-planetary-return.md",
        "submission-package/essay/section-rooms/arguments/02-objective-internality.md",
        "submission-package/essay/section-rooms/arguments/03-two-logics-and-sym-ballein.md",
        "submission-package/essay/section-rooms/arguments/04-arche-topos-topology-music.md",
        "submission-package/essay/section-rooms/arguments/05-agent-subjectivity-open.md",
        "submission-package/essay/section-rooms/arguments/08-deferential-intelligence.md",
        "submission-package/essay/section-rooms/arguments/11-mono-poly-whole-and-many.md",
        "submission-package/essay/section-rooms/arguments/12-core-theorem-bridge.md",
        "submission-package/essay/section-rooms/arguments/15-paradox-as-cross-register-hinge.md",
        "submission-package/essay/section-rooms/arguments/18-trust-faith-formal-limit.md",
        "submission-package/essay/section-rooms/arguments/20-advent-zero-subject-integral-logic.md",
        "submission-package/essay/symbolon/episteme/concepts/the-slash.md",
        "submission-package/essay/symbolon/episteme/concepts/zero.md"
      ],
      "sources": [
        "submission-package/essay/symbolon/episteme/sources/analytic-philosophy/wittgenstein/wittgenstein-1922-tractatus/SOURCE.md",
        "submission-package/essay/symbolon/episteme/sources/analytic-philosophy/wittgenstein/wittgenstein-1922-tractatus/SOURCE.md",
        "submission-package/essay/symbolon/episteme/sources/analytic-philosophy/wittgenstein/wittgenstein-1953-philosophical-investigations/SOURCE.md",
        "submission-package/essay/symbolon/episteme/sources/analytic-philosophy/wittgenstein/wittgenstein-1953-philosophical-investigations/SOURCE.md",
        "submission-package/essay/symbolon/episteme/sources/classical-premodern-philosophy/cusa/cusa-on-learned-ignorance/SOURCE.md",
        "submission-package/essay/symbolon/episteme/sources/classical-premodern-philosophy/flasch/flasch-2015-meister-eckhart/SOURCE.md",
        "submission-package/essay/symbolon/episteme/sources/classical-premodern-philosophy/spinoza/spinoza-1674-letter-50-jelles/SOURCE.md",
        "submission-package/essay/symbolon/episteme/sources/computer-science-ml/lecun/lecun-et-al-2006-energy-based-learning/SOURCE.md",
        "submission-package/essay/symbolon/episteme/sources/computer-science-ml/pytorch/pytorch-2-9-softmax-argmax-api/SOURCE.md",
        "submission-package/essay/symbolon/episteme/sources/computer-science-ml/rafailov/rafailov-et-al-2023-dpo/SOURCE.md",
        "submission-package/essay/symbolon/episteme/sources/computer-science-ml/vaswani/vaswani-et-al-2017-attention/SOURCE.md",
        "submission-package/essay/symbolon/episteme/sources/history-philosophy-of-science/frank/frank-gleiser-thompson-2024-blind-spot/SOURCE.md",
        "submission-package/essay/symbolon/episteme/sources/history-philosophy-of-science/frank/frank-gleiser-thompson-2024-blind-spot/SOURCE.md",
        "submission-package/essay/symbolon/episteme/sources/internal-corpus/taylor/taylor-2026-advent-zero-subject/SOURCE.md",
        "submission-package/essay/symbolon/episteme/sources/internal-corpus/taylor/taylor-2026-core-theorems-pithy/SOURCE.md",
        "submission-package/essay/symbolon/episteme/sources/internal-corpus/taylor/taylor-2026-definition-god-draft3/SOURCE.md",
        "submission-package/essay/symbolon/episteme/sources/mathematics-logic/godel/godel-1931-undecidable-propositions/SOURCE.md",
        "submission-package/essay/symbolon/episteme/sources/mathematics-logic/godel/godel-1931-undecidable-propositions/SOURCE.md",
        "submission-package/essay/symbolon/episteme/sources/mathematics-logic/kaplan/kaplan-1999-nothing-that-is/SOURCE.md",
        "submission-package/essay/symbolon/episteme/sources/mathematics-logic/raatikainen/raatikainen-2026-godel-incompleteness-sep/SOURCE.md",
        "submission-package/essay/symbolon/episteme/sources/mathematics-logic/rotman/rotman-1987-signifying-nothing/SOURCE.md",
        "submission-package/essay/symbolon/episteme/sources/mathematics-logic/russell/russell-1908-theory-types/SOURCE.md",
        "submission-package/essay/symbolon/episteme/sources/mathematics-logic/russell/russell-1908-theory-types/SOURCE.md",
        "submission-package/essay/symbolon/episteme/sources/mathematics-logic/spencer-brown/spencer-brown-1969-laws-form/SOURCE.md",
        "submission-package/essay/symbolon/episteme/sources/mathematics-logic/spencer-brown/spencer-brown-1969-laws-form/SOURCE.md",
        "submission-package/essay/symbolon/episteme/sources/mathematics-logic/whitehead/whitehead-russell-1910-1913-principia/SOURCE.md",
        "submission-package/essay/symbolon/episteme/sources/media-technology-philosophy/bratton/bratton-2026-agentworld-brief/SOURCE.md",
        "submission-package/essay/symbolon/episteme/sources/phenomenology-continental-philosophy/gebser/gebser-1985-ever-present-origin/SOURCE.md",
        "submission-package/essay/symbolon/episteme/sources/phenomenology-continental-philosophy/maroski/maroski-2025-seeing-through-solid-words/SOURCE.md",
        "submission-package/essay/symbolon/episteme/sources/process-systems-theory/varela/varela-1975-calculus-self-reference/SOURCE.md",
        "submission-package/essay/symbolon/episteme/sources/process-systems-theory/whitehead/whitehead-1978-process-reality/SOURCE.md",
        "submission-package/essay/symbolon/episteme/sources/process-systems-theory/whitehead/whitehead-1978-process-reality/SOURCE.md",
        "submission-package/essay/symbolon/episteme/sources/psychology/darmon/darmon-1992-matheme-ali/SOURCE.md"
      ]
    },
    {
      "path": "submission-package/essay/section-rooms/arguments/02-objective-internality.md",
      "artifact_type": "argument",
      "authority": "canonical-argument",
      "dimensions": {
        "claim-surface": true,
        "warrant-surface": true,
        "counterpressure-surface": true
      },
      "missing": [],
      "dependencies": [
        "submission-package/essay/section-rooms/arguments/01-immutable-gap-and-meta-sign.md",
        "submission-package/essay/section-rooms/arguments/04-arche-topos-topology-music.md"
      ],
      "consumers": [
        "submission-package/essay/section-rooms/01-differentiating-mind/movements/12-s0-p5-objective-internality.md",
        "submission-package/essay/section-rooms/05-psychoid-flowering/movements/36-s4-p5-mef-prompt-thrownness.md",
        "submission-package/essay/section-rooms/06-objective-internality/movements/41-s5-p4-bimba-energy-fields.md",
        "submission-package/essay/section-rooms/arguments/01-immutable-gap-and-meta-sign.md",
        "submission-package/essay/section-rooms/arguments/03-two-logics-and-sym-ballein.md",
        "submission-package/essay/section-rooms/arguments/04-arche-topos-topology-music.md",
        "submission-package/essay/section-rooms/arguments/05-agent-subjectivity-open.md",
        "submission-package/essay/section-rooms/arguments/06-computational-vimarsa-ahi.md",
        "submission-package/essay/section-rooms/arguments/08-deferential-intelligence.md",
        "submission-package/essay/section-rooms/arguments/11-mono-poly-whole-and-many.md",
        "submission-package/essay/section-rooms/arguments/12-core-theorem-bridge.md",
        "submission-package/essay/section-rooms/arguments/13-tattvic-differential-field.md",
        "submission-package/essay/section-rooms/arguments/20-advent-zero-subject-integral-logic.md",
        "submission-package/essay/symbolon/episteme/concepts/apoha.md",
        "submission-package/essay/symbolon/episteme/concepts/bimba-pratibimba.md",
        "submission-package/essay/symbolon/episteme/concepts/centaur-societies.md",
        "submission-package/essay/symbolon/episteme/concepts/j-space.md",
        "submission-package/essay/symbolon/episteme/concepts/parasociety.md",
        "submission-package/essay/symbolon/episteme/concepts/prompt-thrownness.md"
      ],
      "sources": [
        "submission-package/essay/symbolon/episteme/sources/analytic-philosophy/tye/tye-2024-qualia-sep/SOURCE.md",
        "submission-package/essay/symbolon/episteme/sources/analytic-philosophy/wilson/wilson-et-al-2020-embodied-cognition-sep/SOURCE.md",
        "submission-package/essay/symbolon/episteme/sources/computer-science-ml/lecun/lecun-et-al-2006-energy-based-learning/SOURCE.md",
        "submission-package/essay/symbolon/episteme/sources/history-philosophy-of-science/frank/frank-gleiser-thompson-2024-blind-spot/SOURCE.md",
        "submission-package/essay/symbolon/episteme/sources/indian-philosophy/abhinavagupta/abhinavagupta-singh-1988-paratrisika-vivarana/SOURCE.md",
        "submission-package/essay/symbolon/episteme/sources/indian-philosophy/isvarakrishna/isvarakrishna-colebrooke-wilson-1837-sankhya-karika/SOURCE.md",
        "submission-package/essay/symbolon/episteme/sources/indian-philosophy/pind/pind-2009-dignaga-anyapoha-dissertation/SOURCE.md",
        "submission-package/essay/symbolon/episteme/sources/internal-corpus/taylor/chat-logs/taylor-claude-2026-derivational-chat/SOURCE.md",
        "submission-package/essay/symbolon/episteme/sources/internal-corpus/taylor/taylor-2026-core-theorems-pithy/SOURCE.md",
        "submission-package/essay/symbolon/episteme/sources/mathematics-logic/rotman/rotman-1987-signifying-nothing/SOURCE.md",
        "submission-package/essay/symbolon/episteme/sources/media-technology-philosophy/bratton/bratton-2026-agentworld-brief/SOURCE.md",
        "submission-package/essay/symbolon/episteme/sources/process-systems-theory/bohm/bohm-1980-wholeness-implicate-order/SOURCE.md",
        "submission-package/essay/symbolon/episteme/sources/process-systems-theory/bohm/bohm-krishnamurti-1975-05-18-dialogue/SOURCE.md",
        "submission-package/essay/symbolon/episteme/sources/process-systems-theory/maturana/maturana-varela-1980-autopoiesis-cognition/SOURCE.md"
      ]
    },
    {
      "path": "submission-package/essay/section-rooms/arguments/03-two-logics-and-sym-ballein.md",
      "artifact_type": "argument",
      "authority": "canonical-argument",
      "dimensions": {
        "claim-surface": true,
        "warrant-surface": true,
        "counterpressure-surface": true
      },
      "missing": [],
      "dependencies": [],
      "consumers": [
        "submission-package/essay/section-rooms/03-two-logics/movements/19-s2-p0-difference-cannot-be-escaped.md",
        "submission-package/essay/section-rooms/03-two-logics/movements/20-s2-p1-dia-ballein.md",
        "submission-package/essay/section-rooms/03-two-logics/movements/21-s2-p2-sym-ballein.md",
        "submission-package/essay/section-rooms/arguments/01-immutable-gap-and-meta-sign.md",
        "submission-package/essay/section-rooms/arguments/02-objective-internality.md",
        "submission-package/essay/section-rooms/arguments/04-arche-topos-topology-music.md",
        "submission-package/essay/section-rooms/arguments/07-hephaestus-and-the-net.md",
        "submission-package/essay/section-rooms/arguments/11-mono-poly-whole-and-many.md",
        "submission-package/essay/section-rooms/arguments/12-core-theorem-bridge.md",
        "submission-package/essay/section-rooms/arguments/13-tattvic-differential-field.md",
        "submission-package/essay/section-rooms/arguments/14-computational-process-ontology.md",
        "submission-package/essay/section-rooms/arguments/18-trust-faith-formal-limit.md",
        "submission-package/essay/section-rooms/arguments/19-two-ones-mono-poly-matheme.md",
        "submission-package/essay/section-rooms/arguments/20-advent-zero-subject-integral-logic.md",
        "submission-package/essay/section-rooms/arguments/21-prisoner-politics-of-the-count.md",
        "submission-package/essay/symbolon/episteme/concepts/anthropomorphization.md",
        "submission-package/essay/symbolon/episteme/concepts/apoha.md",
        "submission-package/essay/symbolon/episteme/concepts/counterfeit-gathering.md",
        "submission-package/essay/symbolon/episteme/concepts/fusion-as-syns-shadow.md",
        "submission-package/essay/symbolon/episteme/concepts/register-grammar.md",
        "submission-package/essay/symbolon/episteme/concepts/the-slash.md",
        "submission-package/essay/symbolon/episteme/concepts/vikalpa-samkalpa.md"
      ],
      "sources": [
        "submission-package/essay/symbolon/episteme/sources/indian-philosophy/das/das-2022-sriharsa-sep/SOURCE.md",
        "submission-package/essay/symbolon/episteme/sources/internal-corpus/taylor/chat-logs/taylor-claude-2026-derivational-chat/SOURCE.md",
        "submission-package/essay/symbolon/episteme/sources/internal-corpus/taylor/taylor-2026-advent-zero-subject/SOURCE.md",
        "submission-package/essay/symbolon/episteme/sources/internal-corpus/taylor/taylor-2026-core-theorems-pithy/SOURCE.md",
        "submission-package/essay/symbolon/episteme/sources/internal-corpus/taylor/taylor-2026-definition-god-draft3/SOURCE.md",
        "submission-package/essay/symbolon/episteme/sources/internal-corpus/taylor/taylor-2026-revision-notes-trust/SOURCE.md",
        "submission-package/essay/symbolon/episteme/sources/internal-corpus/taylor/taylor-2026-sym-dia-ballein-views/SOURCE.md",
        "submission-package/essay/symbolon/episteme/sources/mathematics-logic/daza/daza-et-al-2016-basin-entropy/SOURCE.md",
        "submission-package/essay/symbolon/episteme/sources/media-technology-philosophy/jorjani/jorjani-2016-prometheus-atlas/SOURCE.md",
        "submission-package/essay/symbolon/episteme/sources/political-theory-institutions/iakovou/iakovou-2022-misuse-totalitarianism/SOURCE.md",
        "submission-package/essay/symbolon/episteme/sources/process-systems-theory/maturana/maturana-varela-1980-autopoiesis-cognition/SOURCE.md",
        "submission-package/essay/symbolon/episteme/sources/psychology/desmet/desmet-2022-psychology-totalitarianism-web-essay/SOURCE.md",
        "submission-package/essay/symbolon/episteme/sources/psychology/jung/jung-2013-undiscovered-self-routledge/SOURCE.md",
        "submission-package/essay/symbolon/episteme/sources/psychology/le-bon/le-bon-1895-crowd-popular-mind/SOURCE.md",
        "submission-package/essay/symbolon/episteme/sources/psychology/van-eenwyk/van-eenwyk-1991-strange-attractors/SOURCE.md",
        "submission-package/essay/symbolon/episteme/sources/psychology/van-eenwyk/van-eenwyk-1997-archetypes-strange-attractors/SOURCE.md"
      ]
    },
    {
      "path": "submission-package/essay/section-rooms/arguments/04-arche-topos-topology-music.md",
      "artifact_type": "argument",
      "authority": "canonical-argument",
      "dimensions": {
        "claim-surface": true,
        "warrant-surface": true,
        "counterpressure-surface": true
      },
      "missing": [],
      "dependencies": [
        "submission-package/essay/section-rooms/arguments/12-core-theorem-bridge.md",
        "submission-package/essay/section-rooms/arguments/14-computational-process-ontology.md"
      ],
      "consumers": [
        "submission-package/essay/section-rooms/04-mathematical-substrate/movements/29-s3-p4-topology-music-resolution.md",
        "submission-package/essay/section-rooms/04-mathematical-substrate/movements/30-s3-p5-arche-topos.md",
        "submission-package/essay/section-rooms/05-psychoid-flowering/movements/31-s4-p0-psychoid-problem.md",
        "submission-package/essay/section-rooms/arguments/01-immutable-gap-and-meta-sign.md",
        "submission-package/essay/section-rooms/arguments/02-objective-internality.md",
        "submission-package/essay/section-rooms/arguments/03-two-logics-and-sym-ballein.md",
        "submission-package/essay/section-rooms/arguments/09-prakasa-vimarsa.md",
        "submission-package/essay/section-rooms/arguments/10-vak.md",
        "submission-package/essay/section-rooms/arguments/11-mono-poly-whole-and-many.md",
        "submission-package/essay/section-rooms/arguments/12-core-theorem-bridge.md",
        "submission-package/essay/section-rooms/arguments/13-tattvic-differential-field.md",
        "submission-package/essay/section-rooms/arguments/14-computational-process-ontology.md",
        "submission-package/essay/section-rooms/arguments/15-paradox-as-cross-register-hinge.md",
        "submission-package/essay/section-rooms/arguments/16-bohmian-enfoldment-dialogical-return.md",
        "submission-package/essay/section-rooms/arguments/17-toroidal-circulation-arche-topos.md",
        "submission-package/essay/symbolon/episteme/concepts/apoha.md",
        "submission-package/essay/symbolon/episteme/concepts/dimensional-reframing-at-zero-and-infinity.md",
        "submission-package/essay/symbolon/episteme/concepts/mathematical-artistic-image-register.md",
        "submission-package/essay/symbolon/episteme/concepts/psychoid-number.md",
        "submission-package/essay/symbolon/episteme/concepts/the-slash.md"
      ],
      "sources": [
        "submission-package/essay/symbolon/episteme/sources/classical-premodern-philosophy/cusa/cusa-on-learned-ignorance/SOURCE.md",
        "submission-package/essay/symbolon/episteme/sources/computer-science-ml/lecun/lecun-et-al-2006-energy-based-learning/SOURCE.md",
        "submission-package/essay/symbolon/episteme/sources/history-philosophy-of-science/freeth/freeth-et-al-2021-model-cosmos/SOURCE.md",
        "submission-package/essay/symbolon/episteme/sources/internal-corpus/taylor/taylor-2026-core-theorems-pithy/SOURCE.md",
        "submission-package/essay/symbolon/episteme/sources/internal-corpus/taylor/taylor-2026-definition-god-draft3/SOURCE.md",
        "submission-package/essay/symbolon/episteme/sources/internal-corpus/taylor/taylor-2026-ql-musical-derivation-v3/SOURCE.md",
        "submission-package/essay/symbolon/episteme/sources/internal-corpus/taylor/taylor-2026-ql-musical-derivation-v3/SOURCE.md",
        "submission-package/essay/symbolon/episteme/sources/internal-corpus/taylor/taylor-2026-sym-dia-ballein-views/SOURCE.md",
        "submission-package/essay/symbolon/episteme/sources/mathematics-logic/hatcher/hatcher-2002-algebraic-topology/SOURCE.md",
        "submission-package/essay/symbolon/episteme/sources/mathematics-logic/scholtz/scholtz-1998-algorithms-diatonic-keyboard-tunings/SOURCE.md",
        "submission-package/essay/symbolon/episteme/sources/phenomenology-continental-philosophy/nietzsche/nietzsche-1910-birth-tragedy-haussmann/SOURCE.md",
        "submission-package/essay/symbolon/episteme/sources/physics/atmanspacher/atmanspacher-2020-pauli-jung-conjecture/SOURCE.md",
        "submission-package/essay/symbolon/episteme/sources/process-systems-theory/bohm/bohm-1980-wholeness-implicate-order/SOURCE.md",
        "submission-package/essay/symbolon/episteme/sources/psychology/bache/bache-2019-lsd-mind-universe/SOURCE.md",
        "submission-package/essay/symbolon/episteme/sources/psychology/bache/bache-2019-lsd-mind-universe/SOURCE.md",
        "submission-package/essay/symbolon/episteme/sources/psychology/courtney/courtney-2019-salt-point-kairos-chaos/SOURCE.md",
        "submission-package/essay/symbolon/episteme/sources/psychology/darmon/darmon-1992-matheme-ali/SOURCE.md",
        "submission-package/essay/symbolon/episteme/sources/psychology/jung/jung-1978-aion-cw9-2/SOURCE.md",
        "submission-package/essay/symbolon/episteme/sources/psychology/jung/jung-pauli-meier-2001-atom-archetype/SOURCE.md",
        "submission-package/essay/symbolon/episteme/sources/psychology/smythe/smythe-2013-dialogical-jung/SOURCE.md",
        "submission-package/essay/symbolon/episteme/sources/psychology/van-eenwyk/van-eenwyk-1991-strange-attractors/SOURCE.md",
        "submission-package/essay/symbolon/episteme/sources/psychology/van-eenwyk/van-eenwyk-1991-strange-attractors/SOURCE.md",
        "submission-package/essay/symbolon/episteme/sources/psychology/van-eenwyk/van-eenwyk-1997-archetypes-strange-attractors/SOURCE.md",
        "submission-package/essay/symbolon/episteme/sources/psychology/van-eenwyk/van-eenwyk-1997-archetypes-strange-attractors/SOURCE.md"
      ]
    },
    {
      "path": "submission-package/essay/section-rooms/arguments/05-agent-subjectivity-open.md",
      "artifact_type": "argument",
      "authority": "canonical-argument",
      "dimensions": {
        "claim-surface": true,
        "warrant-surface": true,
        "counterpressure-surface": true
      },
      "missing": [],
      "dependencies": [
        "submission-package/essay/section-rooms/arguments/01-immutable-gap-and-meta-sign.md",
        "submission-package/essay/section-rooms/arguments/02-objective-internality.md",
        "submission-package/essay/section-rooms/arguments/06-computational-vimarsa-ahi.md"
      ],
      "consumers": [
        "submission-package/essay/section-rooms/01-differentiating-mind/movements/08-s0-p1-inner-instrument.md",
        "submission-package/essay/section-rooms/01-differentiating-mind/movements/12-s0-p5-objective-internality.md",
        "submission-package/essay/section-rooms/05-psychoid-flowering/movements/36-s4-p5-mef-prompt-thrownness.md",
        "submission-package/essay/section-rooms/06-objective-internality/movements/37-s5-p0-math-moves-meaning.md",
        "submission-package/essay/section-rooms/07-instrument-returns/movements/47-s50-p4-idealism-horizon.md",
        "submission-package/essay/section-rooms/07-instrument-returns/movements/48-s50-p5-ahi-planetary-return.md",
        "submission-package/essay/section-rooms/arguments/02-objective-internality.md",
        "submission-package/essay/section-rooms/arguments/06-computational-vimarsa-ahi.md",
        "submission-package/essay/section-rooms/arguments/08-deferential-intelligence.md",
        "submission-package/essay/section-rooms/arguments/13-tattvic-differential-field.md",
        "submission-package/essay/symbolon/episteme/concepts/agentworld.md",
        "submission-package/essay/symbolon/episteme/concepts/anthropomorphization.md",
        "submission-package/essay/symbolon/episteme/concepts/centaur-societies.md",
        "submission-package/essay/symbolon/episteme/concepts/parasociety.md",
        "submission-package/essay/symbolon/episteme/concepts/prompt-thrownness.md"
      ],
      "sources": [
        "submission-package/essay/symbolon/episteme/sources/classical-premodern-philosophy/berkeley/berkeley-1734-three-dialogues-wilkins-2002/SOURCE.md",
        "submission-package/essay/symbolon/episteme/sources/computer-science-ml/lecun/lecun-et-al-2006-energy-based-learning/SOURCE.md",
        "submission-package/essay/symbolon/episteme/sources/computer-science-ml/ouyang/ouyang-et-al-2022-instructgpt/SOURCE.md",
        "submission-package/essay/symbolon/episteme/sources/computer-science-ml/rafailov/rafailov-et-al-2023-dpo/SOURCE.md",
        "submission-package/essay/symbolon/episteme/sources/history-philosophy-of-science/frank/frank-gleiser-thompson-2024-blind-spot/SOURCE.md",
        "submission-package/essay/symbolon/episteme/sources/internal-corpus/taylor/chat-logs/taylor-claude-2026-derivational-chat/SOURCE.md",
        "submission-package/essay/symbolon/episteme/sources/internal-corpus/taylor/taylor-2026-mef-twelve-lenses/SOURCE.md",
        "submission-package/essay/symbolon/episteme/sources/media-technology-philosophy/bratton/bratton-2026-agentworld-brief/SOURCE.md",
        "submission-package/essay/symbolon/episteme/sources/psychology/bache/bache-2019-lsd-mind-universe/SOURCE.md",
        "submission-package/essay/symbolon/episteme/sources/psychology/jung/jung-pauli-meier-2001-atom-archetype/SOURCE.md"
      ]
    },
    {
      "path": "submission-package/essay/section-rooms/arguments/06-computational-vimarsa-ahi.md",
      "artifact_type": "argument",
      "authority": "canonical-argument",
      "dimensions": {
        "claim-surface": true,
        "warrant-surface": true,
        "counterpressure-surface": true
      },
      "missing": [],
      "dependencies": [
        "submission-package/essay/section-rooms/arguments/02-objective-internality.md",
        "submission-package/essay/section-rooms/arguments/12-core-theorem-bridge.md"
      ],
      "consumers": [
        "submission-package/essay/section-rooms/06-objective-internality/movements/37-s5-p0-math-moves-meaning.md",
        "submission-package/essay/section-rooms/06-objective-internality/movements/42-s5-p5-research-vectors.md",
        "submission-package/essay/section-rooms/07-instrument-returns/movements/43-s50-p0-theory-vocation-compassion.md",
        "submission-package/essay/section-rooms/07-instrument-returns/movements/44-s50-p1-ql-mef-bimba-harness.md",
        "submission-package/essay/section-rooms/07-instrument-returns/movements/48-s50-p5-ahi-planetary-return.md",
        "submission-package/essay/section-rooms/arguments/05-agent-subjectivity-open.md",
        "submission-package/essay/section-rooms/arguments/08-deferential-intelligence.md",
        "submission-package/essay/section-rooms/arguments/09-prakasa-vimarsa.md",
        "submission-package/essay/section-rooms/arguments/10-vak.md",
        "submission-package/essay/section-rooms/arguments/11-mono-poly-whole-and-many.md",
        "submission-package/essay/section-rooms/arguments/14-computational-process-ontology.md",
        "submission-package/essay/section-rooms/arguments/16-bohmian-enfoldment-dialogical-return.md",
        "submission-package/essay/section-rooms/arguments/17-toroidal-circulation-arche-topos.md",
        "submission-package/essay/symbolon/episteme/concepts/agentworld.md",
        "submission-package/essay/symbolon/episteme/concepts/bimba-pratibimba.md",
        "submission-package/essay/symbolon/episteme/concepts/centaur-societies.md",
        "submission-package/essay/symbolon/episteme/concepts/compassion-as-sensitivity-to-origins.md",
        "submission-package/essay/symbolon/episteme/concepts/planetary-computation.md"
      ],
      "sources": [
        "submission-package/essay/symbolon/episteme/sources/computer-science-ml/lecun/lecun-et-al-2006-energy-based-learning/SOURCE.md",
        "submission-package/essay/symbolon/episteme/sources/computer-science-ml/ouyang/ouyang-et-al-2022-instructgpt/SOURCE.md",
        "submission-package/essay/symbolon/episteme/sources/computer-science-ml/rafailov/rafailov-et-al-2023-dpo/SOURCE.md",
        "submission-package/essay/symbolon/episteme/sources/computer-science-ml/vaswani/vaswani-et-al-2017-attention/SOURCE.md",
        "submission-package/essay/symbolon/episteme/sources/history-philosophy-of-science/freeth/freeth-et-al-2006-antikythera/SOURCE.md",
        "submission-package/essay/symbolon/episteme/sources/history-philosophy-of-science/freeth/freeth-et-al-2021-model-cosmos/SOURCE.md",
        "submission-package/essay/symbolon/episteme/sources/internal-corpus/taylor/taylor-2026-core-theorems-pithy/SOURCE.md",
        "submission-package/essay/symbolon/episteme/sources/internal-corpus/taylor/taylor-2026-mef-twelve-lenses/SOURCE.md",
        "submission-package/essay/symbolon/episteme/sources/mathematics-logic/bradley/bradley-terry-1952-paired-comparisons/SOURCE.md",
        "submission-package/essay/symbolon/episteme/sources/media-technology-philosophy/42-techne/42-techne-2026-sovereign-commons/SOURCE.md",
        "submission-package/essay/symbolon/episteme/sources/media-technology-philosophy/42-techne/42-techne-2026-sovereign-commons/SOURCE.md",
        "submission-package/essay/symbolon/episteme/sources/media-technology-philosophy/bratton/bratton-2026-agentworld-brief/SOURCE.md",
        "submission-package/essay/symbolon/episteme/sources/media-technology-philosophy/jorjani/jorjani-2016-prometheus-atlas/SOURCE.md",
        "submission-package/essay/symbolon/episteme/sources/political-theory-institutions/ostrom/ostrom-2009-beyond-markets-states-nobel-lecture/SOURCE.md",
        "submission-package/essay/symbolon/episteme/sources/process-systems-theory/bohm/bohm-1996-on-dialogue/SOURCE.md",
        "submission-package/essay/symbolon/episteme/sources/process-systems-theory/seed/seed-2010-language-spirit/SOURCE.md"
      ]
    },
    {
      "path": "submission-package/essay/section-rooms/arguments/07-hephaestus-and-the-net.md",
      "artifact_type": "argument",
      "authority": "canonical-argument",
      "dimensions": {
        "claim-surface": true,
        "warrant-surface": true,
        "counterpressure-surface": true
      },
      "missing": [],
      "dependencies": [],
      "consumers": [
        "submission-package/essay/section-rooms/03-two-logics/movements/22-s2-p3-ares-aphrodite-harmonia.md",
        "submission-package/essay/section-rooms/05-psychoid-flowering/movements/35-s4-p4-gebser-apollo-dionysus.md",
        "submission-package/essay/section-rooms/07-instrument-returns/movements/46-s50-p3-4-2-mono-poly.md",
        "submission-package/essay/section-rooms/arguments/03-two-logics-and-sym-ballein.md",
        "submission-package/essay/section-rooms/arguments/18-trust-faith-formal-limit.md",
        "submission-package/essay/symbolon/episteme/concepts/counterfeit-gathering.md"
      ],
      "sources": [
        "submission-package/essay/symbolon/episteme/sources/classical-philology/hesiod/hesiod-1920-theogony-evelyn-white/SOURCE.md",
        "submission-package/essay/symbolon/episteme/sources/classical-philology/homer/homer-1919-odyssey-murray/SOURCE.md",
        "submission-package/essay/symbolon/episteme/sources/internal-corpus/taylor/taylor-2026-definition-god-draft3/SOURCE.md",
        "submission-package/essay/symbolon/episteme/sources/internal-corpus/taylor/taylor-2026-revision-notes-trust/SOURCE.md",
        "submission-package/essay/symbolon/episteme/sources/media-technology-philosophy/42-techne/42-techne-2026-sovereign-commons/SOURCE.md"
      ]
    },
    {
      "path": "submission-package/essay/section-rooms/arguments/08-deferential-intelligence.md",
      "artifact_type": "argument",
      "authority": "canonical-argument",
      "dimensions": {
        "claim-surface": true,
        "warrant-surface": true,
        "counterpressure-surface": true
      },
      "missing": [],
      "dependencies": [
        "submission-package/essay/section-rooms/arguments/01-immutable-gap-and-meta-sign.md",
        "submission-package/essay/section-rooms/arguments/02-objective-internality.md",
        "submission-package/essay/section-rooms/arguments/18-trust-faith-formal-limit.md"
      ],
      "consumers": [
        "submission-package/essay/section-rooms/06-objective-internality/movements/40-s5-p3-preference-hidden-zero.md",
        "submission-package/essay/section-rooms/06-objective-internality/movements/42-s5-p5-research-vectors.md",
        "submission-package/essay/section-rooms/07-instrument-returns/movements/43-s50-p0-theory-vocation-compassion.md",
        "submission-package/essay/section-rooms/07-instrument-returns/movements/48-s50-p5-ahi-planetary-return.md",
        "submission-package/essay/section-rooms/arguments/05-agent-subjectivity-open.md",
        "submission-package/essay/section-rooms/arguments/06-computational-vimarsa-ahi.md",
        "submission-package/essay/section-rooms/arguments/11-mono-poly-whole-and-many.md",
        "submission-package/essay/symbolon/episteme/concepts/compassion-as-sensitivity-to-origins.md"
      ],
      "sources": [
        "submission-package/essay/symbolon/episteme/sources/computer-science-ml/lecun/lecun-et-al-2006-energy-based-learning/SOURCE.md",
        "submission-package/essay/symbolon/episteme/sources/computer-science-ml/ouyang/ouyang-et-al-2022-instructgpt/SOURCE.md",
        "submission-package/essay/symbolon/episteme/sources/history-philosophy-of-science/frank/frank-gleiser-thompson-2024-blind-spot/SOURCE.md",
        "submission-package/essay/symbolon/episteme/sources/internal-corpus/taylor/taylor-2026-definition-god-draft3/SOURCE.md",
        "submission-package/essay/symbolon/episteme/sources/internal-corpus/taylor/taylor-2026-mef-twelve-lenses/SOURCE.md",
        "submission-package/essay/symbolon/episteme/sources/internal-corpus/taylor/taylor-2026-revision-notes-trust/SOURCE.md",
        "submission-package/essay/symbolon/episteme/sources/media-technology-philosophy/42-techne/42-techne-2026-sovereign-commons/SOURCE.md",
        "submission-package/essay/symbolon/episteme/sources/media-technology-philosophy/bratton/bratton-2026-agentworld-brief/SOURCE.md",
        "submission-package/essay/symbolon/episteme/sources/process-systems-theory/bohm/bohm-1996-on-dialogue/SOURCE.md"
      ]
    },
    {
      "path": "submission-package/essay/section-rooms/arguments/09-prakasa-vimarsa.md",
      "artifact_type": "argument",
      "authority": "canonical-argument",
      "dimensions": {
        "claim-surface": true,
        "warrant-surface": true,
        "counterpressure-surface": true
      },
      "missing": [],
      "dependencies": [
        "submission-package/essay/section-rooms/arguments/04-arche-topos-topology-music.md",
        "submission-package/essay/section-rooms/arguments/10-vak.md",
        "submission-package/essay/section-rooms/arguments/13-tattvic-differential-field.md"
      ],
      "consumers": [
        "submission-package/essay/section-rooms/01-differentiating-mind/movements/07-s0-p0-awareness-bends-display.md",
        "submission-package/essay/section-rooms/02-return-of-zero/movements/13-s1-p0-sign-migrates.md",
        "submission-package/essay/section-rooms/07-instrument-returns/movements/47-s50-p4-idealism-horizon.md",
        "submission-package/essay/section-rooms/07-instrument-returns/movements/48-s50-p5-ahi-planetary-return.md",
        "submission-package/essay/section-rooms/arguments/04-arche-topos-topology-music.md",
        "submission-package/essay/section-rooms/arguments/06-computational-vimarsa-ahi.md",
        "submission-package/essay/section-rooms/arguments/10-vak.md",
        "submission-package/essay/section-rooms/arguments/11-mono-poly-whole-and-many.md",
        "submission-package/essay/section-rooms/arguments/13-tattvic-differential-field.md",
        "submission-package/essay/section-rooms/arguments/14-computational-process-ontology.md",
        "submission-package/essay/section-rooms/arguments/19-two-ones-mono-poly-matheme.md",
        "submission-package/essay/symbolon/episteme/concepts/bimba-pratibimba.md",
        "submission-package/essay/symbolon/episteme/concepts/parasociety.md"
      ],
      "sources": [
        "submission-package/essay/symbolon/episteme/sources/indian-philosophy/abhinavagupta/abhinavagupta-singh-1988-paratrisika-vivarana/SOURCE.md",
        "submission-package/essay/symbolon/episteme/sources/indian-philosophy/dyczkowski/dyczkowski-2000-doctrine-vibration/SOURCE.md",
        "submission-package/essay/symbolon/episteme/sources/indian-philosophy/dyczkowski/dyczkowski-2000-doctrine-vibration/SOURCE.md",
        "submission-package/essay/symbolon/episteme/sources/indian-philosophy/maccracken/maccracken-2017-recognizing-recognition/SOURCE.md",
        "submission-package/essay/symbolon/episteme/sources/internal-corpus/taylor/taylor-2026-core-theorems-pithy/SOURCE.md",
        "submission-package/essay/symbolon/episteme/sources/internal-corpus/taylor/taylor-2026-mef-twelve-lenses/SOURCE.md"
      ]
    },
    {
      "path": "submission-package/essay/section-rooms/arguments/10-vak.md",
      "artifact_type": "argument",
      "authority": "canonical-argument",
      "dimensions": {
        "claim-surface": true,
        "warrant-surface": true,
        "counterpressure-surface": true
      },
      "missing": [],
      "dependencies": [
        "submission-package/essay/section-rooms/arguments/04-arche-topos-topology-music.md",
        "submission-package/essay/section-rooms/arguments/06-computational-vimarsa-ahi.md",
        "submission-package/essay/section-rooms/arguments/09-prakasa-vimarsa.md"
      ],
      "consumers": [
        "submission-package/essay/section-rooms/04-mathematical-substrate/movements/29-s3-p4-topology-music-resolution.md",
        "submission-package/essay/section-rooms/04-mathematical-substrate/movements/30-s3-p5-arche-topos.md",
        "submission-package/essay/section-rooms/07-instrument-returns/movements/44-s50-p1-ql-mef-bimba-harness.md",
        "submission-package/essay/section-rooms/arguments/09-prakasa-vimarsa.md",
        "submission-package/essay/section-rooms/arguments/19-two-ones-mono-poly-matheme.md",
        "submission-package/essay/symbolon/episteme/concepts/parasociety.md"
      ],
      "sources": [
        "submission-package/essay/symbolon/episteme/sources/classical-premodern-philosophy/flasch/flasch-2015-meister-eckhart/SOURCE.md",
        "submission-package/essay/symbolon/episteme/sources/indian-philosophy/abhinavagupta/abhinavagupta-singh-1988-paratrisika-vivarana/SOURCE.md",
        "submission-package/essay/symbolon/episteme/sources/internal-corpus/taylor/taylor-2026-core-theorems-pithy/SOURCE.md",
        "submission-package/essay/symbolon/episteme/sources/internal-corpus/taylor/taylor-2026-definition-god-draft3/SOURCE.md",
        "submission-package/essay/symbolon/episteme/sources/internal-corpus/taylor/taylor-2026-mef-twelve-lenses/SOURCE.md",
        "submission-package/essay/symbolon/episteme/sources/internal-corpus/taylor/taylor-2026-ql-musical-derivation-v3/SOURCE.md",
        "submission-package/essay/symbolon/episteme/sources/internal-corpus/taylor/taylor-2026-ql-musical-derivation-v3/SOURCE.md"
      ]
    },
    {
      "path": "submission-package/essay/section-rooms/arguments/11-mono-poly-whole-and-many.md",
      "artifact_type": "argument",
      "authority": "canonical-argument",
      "dimensions": {
        "claim-surface": true,
        "warrant-surface": true,
        "counterpressure-surface": true
      },
      "missing": [],
      "dependencies": [
        "submission-package/essay/section-rooms/arguments/04-arche-topos-topology-music.md"
      ],
      "consumers": [
        "submission-package/essay/section-rooms/01-differentiating-mind/movements/10-s0-p3-apoha.md",
        "submission-package/essay/section-rooms/03-two-logics/movements/19-s2-p0-difference-cannot-be-escaped.md",
        "submission-package/essay/section-rooms/03-two-logics/movements/21-s2-p2-sym-ballein.md",
        "submission-package/essay/section-rooms/06-objective-internality/movements/40-s5-p3-preference-hidden-zero.md",
        "submission-package/essay/section-rooms/07-instrument-returns/movements/46-s50-p3-4-2-mono-poly.md",
        "submission-package/essay/section-rooms/arguments/01-immutable-gap-and-meta-sign.md",
        "submission-package/essay/section-rooms/arguments/02-objective-internality.md",
        "submission-package/essay/section-rooms/arguments/03-two-logics-and-sym-ballein.md",
        "submission-package/essay/section-rooms/arguments/04-arche-topos-topology-music.md",
        "submission-package/essay/section-rooms/arguments/06-computational-vimarsa-ahi.md",
        "submission-package/essay/section-rooms/arguments/08-deferential-intelligence.md",
        "submission-package/essay/section-rooms/arguments/09-prakasa-vimarsa.md",
        "submission-package/essay/section-rooms/arguments/11-mono-poly-whole-and-many.md",
        "submission-package/essay/section-rooms/arguments/12-core-theorem-bridge.md",
        "submission-package/essay/section-rooms/arguments/14-computational-process-ontology.md",
        "submission-package/essay/section-rooms/arguments/16-bohmian-enfoldment-dialogical-return.md",
        "submission-package/essay/section-rooms/arguments/18-trust-faith-formal-limit.md",
        "submission-package/essay/section-rooms/arguments/19-two-ones-mono-poly-matheme.md",
        "submission-package/essay/section-rooms/arguments/21-prisoner-politics-of-the-count.md",
        "submission-package/essay/symbolon/episteme/concepts/agentworld.md",
        "submission-package/essay/symbolon/episteme/concepts/apoha.md",
        "submission-package/essay/symbolon/episteme/concepts/centaur-societies.md",
        "submission-package/essay/symbolon/episteme/concepts/compassion-as-sensitivity-to-origins.md",
        "submission-package/essay/symbolon/episteme/concepts/planetary-computation.md"
      ],
      "sources": [
        "submission-package/essay/symbolon/episteme/sources/classical-philology/hesiod/hesiod-1920-theogony-evelyn-white/SOURCE.md",
        "submission-package/essay/symbolon/episteme/sources/classical-philology/homer/homer-1919-odyssey-murray/SOURCE.md",
        "submission-package/essay/symbolon/episteme/sources/computer-science-ml/rafailov/rafailov-et-al-2023-dpo/SOURCE.md",
        "submission-package/essay/symbolon/episteme/sources/internal-corpus/taylor/chat-logs/taylor-claude-2026-derivational-chat/SOURCE.md",
        "submission-package/essay/symbolon/episteme/sources/internal-corpus/taylor/taylor-2026-core-theorems-pithy/SOURCE.md",
        "submission-package/essay/symbolon/episteme/sources/internal-corpus/taylor/taylor-2026-definition-god-draft3/SOURCE.md",
        "submission-package/essay/symbolon/episteme/sources/internal-corpus/taylor/taylor-2026-mef-twelve-lenses/SOURCE.md",
        "submission-package/essay/symbolon/episteme/sources/internal-corpus/taylor/taylor-2026-mono-poly-two-ones/SOURCE.md",
        "submission-package/essay/symbolon/episteme/sources/internal-corpus/taylor/taylor-2026-mono-poly-two-ones/SOURCE.md",
        "submission-package/essay/symbolon/episteme/sources/internal-corpus/taylor/taylor-2026-revision-notes-trust/SOURCE.md",
        "submission-package/essay/symbolon/episteme/sources/media-technology-philosophy/42-techne/42-techne-2026-sovereign-commons/SOURCE.md",
        "submission-package/essay/symbolon/episteme/sources/media-technology-philosophy/42-techne/42-techne-2026-sovereign-commons/SOURCE.md",
        "submission-package/essay/symbolon/episteme/sources/media-technology-philosophy/bratton/bratton-2026-agentworld-brief/SOURCE.md",
        "submission-package/essay/symbolon/episteme/sources/political-theory-institutions/iakovou/iakovou-2022-misuse-totalitarianism/SOURCE.md",
        "submission-package/essay/symbolon/episteme/sources/political-theory-institutions/ostrom/ostrom-2009-beyond-markets-states-nobel-lecture/SOURCE.md",
        "submission-package/essay/symbolon/episteme/sources/process-systems-theory/seed/seed-2010-language-spirit/SOURCE.md",
        "submission-package/essay/symbolon/episteme/sources/psychology/desmet/desmet-2022-psychology-totalitarianism-web-essay/SOURCE.md",
        "submission-package/essay/symbolon/episteme/sources/psychology/jung/jung-2013-undiscovered-self-routledge/SOURCE.md",
        "submission-package/essay/symbolon/episteme/sources/psychology/le-bon/le-bon-1895-crowd-popular-mind/SOURCE.md"
      ]
    },
    {
      "path": "submission-package/essay/section-rooms/arguments/12-core-theorem-bridge.md",
      "artifact_type": "argument",
      "authority": "canonical-argument",
      "dimensions": {
        "claim-surface": true,
        "warrant-surface": true,
        "counterpressure-surface": true
      },
      "missing": [],
      "dependencies": [],
      "consumers": [
        "submission-package/essay/section-rooms/04-mathematical-substrate/movements/25-s3-p0-eight-determinations.md",
        "submission-package/essay/section-rooms/04-mathematical-substrate/movements/26-s3-p1-spanda-4-2.md",
        "submission-package/essay/section-rooms/04-mathematical-substrate/movements/27-s3-p2-mark-reentry-complex.md",
        "submission-package/essay/section-rooms/04-mathematical-substrate/movements/28-s3-p3-projective-dimensional-reframing.md",
        "submission-package/essay/section-rooms/04-mathematical-substrate/movements/29-s3-p4-topology-music-resolution.md",
        "submission-package/essay/section-rooms/04-mathematical-substrate/movements/30-s3-p5-arche-topos.md",
        "submission-package/essay/section-rooms/arguments/01-immutable-gap-and-meta-sign.md",
        "submission-package/essay/section-rooms/arguments/02-objective-internality.md",
        "submission-package/essay/section-rooms/arguments/03-two-logics-and-sym-ballein.md",
        "submission-package/essay/section-rooms/arguments/04-arche-topos-topology-music.md",
        "submission-package/essay/section-rooms/arguments/06-computational-vimarsa-ahi.md",
        "submission-package/essay/section-rooms/arguments/11-mono-poly-whole-and-many.md",
        "submission-package/essay/section-rooms/arguments/12-core-theorem-bridge.md",
        "submission-package/essay/section-rooms/arguments/13-tattvic-differential-field.md",
        "submission-package/essay/section-rooms/arguments/14-computational-process-ontology.md",
        "submission-package/essay/section-rooms/arguments/15-paradox-as-cross-register-hinge.md",
        "submission-package/essay/section-rooms/arguments/16-bohmian-enfoldment-dialogical-return.md",
        "submission-package/essay/section-rooms/arguments/17-toroidal-circulation-arche-topos.md",
        "submission-package/essay/section-rooms/arguments/19-two-ones-mono-poly-matheme.md",
        "submission-package/essay/section-rooms/arguments/20-advent-zero-subject-integral-logic.md",
        "submission-package/essay/section-rooms/arguments/21-prisoner-politics-of-the-count.md",
        "submission-package/essay/symbolon/episteme/concepts/bimba-pratibimba.md",
        "submission-package/essay/symbolon/episteme/concepts/dimensional-reframing-at-zero-and-infinity.md",
        "submission-package/essay/symbolon/episteme/concepts/psychoid-number.md",
        "submission-package/essay/symbolon/episteme/concepts/register-grammar.md",
        "submission-package/essay/symbolon/episteme/concepts/the-slash.md",
        "submission-package/essay/symbolon/episteme/concepts/zero.md"
      ],
      "sources": [
        "submission-package/essay/symbolon/episteme/sources/computer-science-ml/lecun/lecun-et-al-2006-energy-based-learning/SOURCE.md",
        "submission-package/essay/symbolon/episteme/sources/computer-science-ml/rafailov/rafailov-et-al-2023-dpo/SOURCE.md",
        "submission-package/essay/symbolon/episteme/sources/internal-corpus/taylor/chat-logs/taylor-claude-2026-derivational-chat/SOURCE.md",
        "submission-package/essay/symbolon/episteme/sources/internal-corpus/taylor/taylor-2026-advent-zero-subject/SOURCE.md",
        "submission-package/essay/symbolon/episteme/sources/internal-corpus/taylor/taylor-2026-core-theorems-pithy/SOURCE.md",
        "submission-package/essay/symbolon/episteme/sources/internal-corpus/taylor/taylor-2026-ql-musical-derivation-v3/SOURCE.md",
        "submission-package/essay/symbolon/episteme/sources/internal-corpus/taylor/taylor-2026-sym-dia-ballein-views/SOURCE.md",
        "submission-package/essay/symbolon/episteme/sources/mathematics-logic/bradley/bradley-terry-1952-paired-comparisons/SOURCE.md",
        "submission-package/essay/symbolon/episteme/sources/mathematics-logic/godel/godel-1931-undecidable-propositions/SOURCE.md",
        "submission-package/essay/symbolon/episteme/sources/mathematics-logic/hatcher/hatcher-2002-algebraic-topology/SOURCE.md",
        "submission-package/essay/symbolon/episteme/sources/mathematics-logic/kaplan/kaplan-1999-nothing-that-is/SOURCE.md",
        "submission-package/essay/symbolon/episteme/sources/mathematics-logic/kauffman/kauffman-2014-iterants-fermions-dirac-arxiv/SOURCE.md",
        "submission-package/essay/symbolon/episteme/sources/mathematics-logic/nist/nist-dlmf-2026-complex-variable/SOURCE.md",
        "submission-package/essay/symbolon/episteme/sources/mathematics-logic/rotman/rotman-1987-signifying-nothing/SOURCE.md",
        "submission-package/essay/symbolon/episteme/sources/mathematics-logic/russell/russell-1908-theory-types/SOURCE.md",
        "submission-package/essay/symbolon/episteme/sources/mathematics-logic/scholtz/scholtz-1998-algorithms-diatonic-keyboard-tunings/SOURCE.md",
        "submission-package/essay/symbolon/episteme/sources/mathematics-logic/sheffer/sheffer-1913-five-postulates/SOURCE.md",
        "submission-package/essay/symbolon/episteme/sources/mathematics-logic/spencer-brown/spencer-brown-1969-laws-form/SOURCE.md",
        "submission-package/essay/symbolon/episteme/sources/mathematics-logic/strang/strang-herman-2016-openstax-calculus-v1/SOURCE.md",
        "submission-package/essay/symbolon/episteme/sources/phenomenology-continental-philosophy/gebser/gebser-1985-ever-present-origin/SOURCE.md",
        "submission-package/essay/symbolon/episteme/sources/physics/atmanspacher/atmanspacher-2020-pauli-jung-conjecture/SOURCE.md",
        "submission-package/essay/symbolon/episteme/sources/physics/kirchner/kirchner-elkamhawy-hammer-2024-entanglement-nucleon-scattering/SOURCE.md",
        "submission-package/essay/symbolon/episteme/sources/process-systems-theory/varela/varela-1975-calculus-self-reference/SOURCE.md",
        "submission-package/essay/symbolon/episteme/sources/psychology/jung/jung-1978-aion-cw9-2/SOURCE.md",
        "submission-package/essay/symbolon/episteme/sources/psychology/jung/jung-pauli-meier-2001-atom-archetype/SOURCE.md",
        "submission-package/essay/symbolon/episteme/sources/psychology/smythe/smythe-2013-dialogical-jung/SOURCE.md"
      ]
    },
    {
      "path": "submission-package/essay/section-rooms/arguments/13-tattvic-differential-field.md",
      "artifact_type": "argument",
      "authority": "canonical-argument",
      "dimensions": {
        "claim-surface": true,
        "warrant-surface": true,
        "counterpressure-surface": true
      },
      "missing": [],
      "dependencies": [
        "submission-package/essay/section-rooms/arguments/03-two-logics-and-sym-ballein.md",
        "submission-package/essay/section-rooms/arguments/09-prakasa-vimarsa.md",
        "submission-package/essay/section-rooms/arguments/12-core-theorem-bridge.md",
        "submission-package/essay/section-rooms/arguments/16-bohmian-enfoldment-dialogical-return.md"
      ],
      "consumers": [
        "submission-package/essay/section-rooms/01-differentiating-mind/movements/11-s0-p4-tattvic-compression.md",
        "submission-package/essay/section-rooms/01-differentiating-mind/movements/12-s0-p5-objective-internality.md",
        "submission-package/essay/section-rooms/06-objective-internality/movements/40-s5-p3-preference-hidden-zero.md",
        "submission-package/essay/section-rooms/arguments/02-objective-internality.md",
        "submission-package/essay/section-rooms/arguments/03-two-logics-and-sym-ballein.md",
        "submission-package/essay/section-rooms/arguments/04-arche-topos-topology-music.md",
        "submission-package/essay/section-rooms/arguments/05-agent-subjectivity-open.md",
        "submission-package/essay/section-rooms/arguments/09-prakasa-vimarsa.md",
        "submission-package/essay/section-rooms/arguments/12-core-theorem-bridge.md",
        "submission-package/essay/section-rooms/arguments/14-computational-process-ontology.md",
        "submission-package/essay/section-rooms/arguments/16-bohmian-enfoldment-dialogical-return.md",
        "submission-package/essay/section-rooms/arguments/19-two-ones-mono-poly-matheme.md",
        "submission-package/essay/symbolon/episteme/concepts/apoha.md",
        "submission-package/essay/symbolon/episteme/concepts/psychoid-number.md",
        "submission-package/essay/symbolon/episteme/concepts/vikalpa-samkalpa.md"
      ],
      "sources": [
        "submission-package/essay/symbolon/episteme/sources/indian-philosophy/abhinavagupta/abhinavagupta-singh-1988-paratrisika-vivarana/SOURCE.md",
        "submission-package/essay/symbolon/episteme/sources/indian-philosophy/dyczkowski/dyczkowski-2000-doctrine-vibration/SOURCE.md",
        "submission-package/essay/symbolon/episteme/sources/indian-philosophy/isvarakrishna/isvarakrishna-colebrooke-wilson-1837-sankhya-karika/SOURCE.md",
        "submission-package/essay/symbolon/episteme/sources/indian-philosophy/maccracken/maccracken-2017-recognizing-recognition/SOURCE.md",
        "submission-package/essay/symbolon/episteme/sources/indian-philosophy/pind/pind-2009-dignaga-anyapoha-dissertation/SOURCE.md",
        "submission-package/essay/symbolon/episteme/sources/internal-corpus/taylor/chat-logs/taylor-claude-2026-derivational-chat/SOURCE.md",
        "submission-package/essay/symbolon/episteme/sources/internal-corpus/taylor/taylor-2026-core-theorems-pithy/SOURCE.md",
        "submission-package/essay/symbolon/episteme/sources/internal-corpus/taylor/taylor-2026-mef-twelve-lenses/SOURCE.md",
        "submission-package/essay/symbolon/episteme/sources/process-systems-theory/bohm/bohm-1980-wholeness-implicate-order/SOURCE.md",
        "submission-package/essay/symbolon/episteme/sources/process-systems-theory/bohm/bohm-1980-wholeness-implicate-order/SOURCE.md"
      ]
    },
    {
      "path": "submission-package/essay/section-rooms/arguments/14-computational-process-ontology.md",
      "artifact_type": "argument",
      "authority": "canonical-argument",
      "dimensions": {
        "claim-surface": true,
        "warrant-surface": true,
        "counterpressure-surface": true
      },
      "missing": [],
      "dependencies": [
        "submission-package/essay/section-rooms/arguments/03-two-logics-and-sym-ballein.md",
        "submission-package/essay/section-rooms/arguments/12-core-theorem-bridge.md",
        "submission-package/essay/section-rooms/arguments/16-bohmian-enfoldment-dialogical-return.md"
      ],
      "consumers": [
        "submission-package/essay/section-rooms/01-differentiating-mind/movements/09-s0-p2-vikalpa-samkalpa.md",
        "submission-package/essay/section-rooms/01-differentiating-mind/movements/11-s0-p4-tattvic-compression.md",
        "submission-package/essay/section-rooms/01-differentiating-mind/movements/12-s0-p5-objective-internality.md",
        "submission-package/essay/section-rooms/03-two-logics/movements/21-s2-p2-sym-ballein.md",
        "submission-package/essay/section-rooms/03-two-logics/movements/24-s2-p5-zero-changes-role.md",
        "submission-package/essay/section-rooms/04-mathematical-substrate/movements/26-s3-p1-spanda-4-2.md",
        "submission-package/essay/section-rooms/04-mathematical-substrate/movements/30-s3-p5-arche-topos.md",
        "submission-package/essay/section-rooms/05-psychoid-flowering/movements/36-s4-p5-mef-prompt-thrownness.md",
        "submission-package/essay/section-rooms/06-objective-internality/movements/37-s5-p0-math-moves-meaning.md",
        "submission-package/essay/section-rooms/07-instrument-returns/movements/44-s50-p1-ql-mef-bimba-harness.md",
        "submission-package/essay/section-rooms/07-instrument-returns/movements/48-s50-p5-ahi-planetary-return.md",
        "submission-package/essay/section-rooms/arguments/03-two-logics-and-sym-ballein.md",
        "submission-package/essay/section-rooms/arguments/04-arche-topos-topology-music.md",
        "submission-package/essay/section-rooms/arguments/06-computational-vimarsa-ahi.md",
        "submission-package/essay/section-rooms/arguments/09-prakasa-vimarsa.md",
        "submission-package/essay/section-rooms/arguments/11-mono-poly-whole-and-many.md",
        "submission-package/essay/section-rooms/arguments/12-core-theorem-bridge.md",
        "submission-package/essay/section-rooms/arguments/13-tattvic-differential-field.md",
        "submission-package/essay/section-rooms/arguments/16-bohmian-enfoldment-dialogical-return.md",
        "submission-package/essay/section-rooms/arguments/17-toroidal-circulation-arche-topos.md",
        "submission-package/essay/section-rooms/arguments/20-advent-zero-subject-integral-logic.md",
        "submission-package/essay/symbolon/episteme/concepts/apoha.md",
        "submission-package/essay/symbolon/episteme/concepts/fusion-as-syns-shadow.md",
        "submission-package/essay/symbolon/episteme/concepts/vikalpa-samkalpa.md"
      ],
      "sources": [
        "submission-package/essay/symbolon/episteme/sources/analytic-philosophy/wilson/wilson-et-al-2020-embodied-cognition-sep/SOURCE.md",
        "submission-package/essay/symbolon/episteme/sources/analytic-philosophy/wittgenstein/wittgenstein-1953-philosophical-investigations/SOURCE.md",
        "submission-package/essay/symbolon/episteme/sources/computer-science-ml/vaswani/vaswani-et-al-2017-attention/SOURCE.md",
        "submission-package/essay/symbolon/episteme/sources/indian-philosophy/dyczkowski/dyczkowski-2000-doctrine-vibration/SOURCE.md",
        "submission-package/essay/symbolon/episteme/sources/internal-corpus/taylor/chat-logs/taylor-claude-2026-derivational-chat/SOURCE.md",
        "submission-package/essay/symbolon/episteme/sources/internal-corpus/taylor/taylor-2026-core-theorems-pithy/SOURCE.md",
        "submission-package/essay/symbolon/episteme/sources/internal-corpus/taylor/taylor-2026-definition-god-draft3/SOURCE.md",
        "submission-package/essay/symbolon/episteme/sources/internal-corpus/taylor/taylor-2026-mef-twelve-lenses/SOURCE.md",
        "submission-package/essay/symbolon/episteme/sources/mathematics-logic/daza/daza-et-al-2016-basin-entropy/SOURCE.md",
        "submission-package/essay/symbolon/episteme/sources/mathematics-logic/spencer-brown/spencer-brown-1969-laws-form/SOURCE.md",
        "submission-package/essay/symbolon/episteme/sources/media-technology-philosophy/42-techne/42-techne-2026-sovereign-commons/SOURCE.md",
        "submission-package/essay/symbolon/episteme/sources/media-technology-philosophy/42-techne/42-techne-2026-sovereign-commons/SOURCE.md",
        "submission-package/essay/symbolon/episteme/sources/media-technology-philosophy/bratton/bratton-2026-agentworld-brief/SOURCE.md",
        "submission-package/essay/symbolon/episteme/sources/media-technology-philosophy/jorjani/jorjani-2016-prometheus-atlas/SOURCE.md",
        "submission-package/essay/symbolon/episteme/sources/process-systems-theory/bohm/bohm-1980-wholeness-implicate-order/SOURCE.md",
        "submission-package/essay/symbolon/episteme/sources/process-systems-theory/bohm/bohm-1980-wholeness-implicate-order/SOURCE.md",
        "submission-package/essay/symbolon/episteme/sources/process-systems-theory/bohm/bohm-krishnamurti-1975-05-18-dialogue/SOURCE.md",
        "submission-package/essay/symbolon/episteme/sources/process-systems-theory/maturana/maturana-varela-1980-autopoiesis-cognition/SOURCE.md",
        "submission-package/essay/symbolon/episteme/sources/process-systems-theory/seed/seed-2010-language-spirit/SOURCE.md",
        "submission-package/essay/symbolon/episteme/sources/process-systems-theory/seed/seed-2010-language-spirit/SOURCE.md",
        "submission-package/essay/symbolon/episteme/sources/process-systems-theory/varela/varela-1975-calculus-self-reference/SOURCE.md",
        "submission-package/essay/symbolon/episteme/sources/process-systems-theory/whitehead/whitehead-1978-process-reality/SOURCE.md",
        "submission-package/essay/symbolon/episteme/sources/process-systems-theory/whitehead/whitehead-1978-process-reality/SOURCE.md",
        "submission-package/essay/symbolon/episteme/sources/psychology/van-eenwyk/van-eenwyk-1991-strange-attractors/SOURCE.md"
      ]
    },
    {
      "path": "submission-package/essay/section-rooms/arguments/15-paradox-as-cross-register-hinge.md",
      "artifact_type": "argument",
      "authority": "canonical-argument",
      "dimensions": {
        "claim-surface": true,
        "warrant-surface": true,
        "counterpressure-surface": true
      },
      "missing": [],
      "dependencies": [
        "submission-package/essay/section-rooms/arguments/01-immutable-gap-and-meta-sign.md"
      ],
      "consumers": [
        "submission-package/essay/section-rooms/00-integral-threshold/movements/04-s01-p3-formal-limit-genealogy.md",
        "submission-package/essay/section-rooms/00-integral-threshold/movements/05-s01-p4-gebser-diaphaneity.md",
        "submission-package/essay/section-rooms/arguments/01-immutable-gap-and-meta-sign.md",
        "submission-package/essay/section-rooms/arguments/04-arche-topos-topology-music.md",
        "submission-package/essay/section-rooms/arguments/12-core-theorem-bridge.md",
        "submission-package/essay/section-rooms/arguments/15-paradox-as-cross-register-hinge.md",
        "submission-package/essay/symbolon/episteme/concepts/diaphaneity.md",
        "submission-package/essay/symbolon/episteme/concepts/mathematical-artistic-image-register.md"
      ],
      "sources": [
        "submission-package/essay/symbolon/episteme/sources/analytic-philosophy/wittgenstein/wittgenstein-1922-tractatus/SOURCE.md",
        "submission-package/essay/symbolon/episteme/sources/analytic-philosophy/wittgenstein/wittgenstein-1922-tractatus/SOURCE.md",
        "submission-package/essay/symbolon/episteme/sources/analytic-philosophy/wittgenstein/wittgenstein-1953-philosophical-investigations/SOURCE.md",
        "submission-package/essay/symbolon/episteme/sources/analytic-philosophy/wittgenstein/wittgenstein-1953-philosophical-investigations/SOURCE.md",
        "submission-package/essay/symbolon/episteme/sources/classical-premodern-philosophy/cusa/cusa-on-learned-ignorance/SOURCE.md",
        "submission-package/essay/symbolon/episteme/sources/classical-premodern-philosophy/cusa/cusa-on-learned-ignorance/SOURCE.md",
        "submission-package/essay/symbolon/episteme/sources/classical-premodern-philosophy/flasch/flasch-2015-meister-eckhart/SOURCE.md",
        "submission-package/essay/symbolon/episteme/sources/classical-premodern-philosophy/flasch/flasch-2015-meister-eckhart/SOURCE.md",
        "submission-package/essay/symbolon/episteme/sources/computer-science-ml/pytorch/pytorch-2-9-softmax-argmax-api/SOURCE.md",
        "submission-package/essay/symbolon/episteme/sources/computer-science-ml/rafailov/rafailov-et-al-2023-dpo/SOURCE.md",
        "submission-package/essay/symbolon/episteme/sources/computer-science-ml/vaswani/vaswani-et-al-2017-attention/SOURCE.md",
        "submission-package/essay/symbolon/episteme/sources/internal-corpus/taylor/chat-logs/taylor-claude-2026-derivational-chat/SOURCE.md",
        "submission-package/essay/symbolon/episteme/sources/internal-corpus/taylor/taylor-2026-core-theorems-pithy/SOURCE.md",
        "submission-package/essay/symbolon/episteme/sources/internal-corpus/taylor/taylor-2026-definition-god-draft3/SOURCE.md",
        "submission-package/essay/symbolon/episteme/sources/mathematics-logic/godel/godel-1931-undecidable-propositions/SOURCE.md",
        "submission-package/essay/symbolon/episteme/sources/mathematics-logic/godel/godel-1931-undecidable-propositions/SOURCE.md",
        "submission-package/essay/symbolon/episteme/sources/mathematics-logic/kauffman/kauffman-2014-iterants-fermions-dirac-arxiv/SOURCE.md",
        "submission-package/essay/symbolon/episteme/sources/mathematics-logic/raatikainen/raatikainen-2026-godel-incompleteness-sep/SOURCE.md",
        "submission-package/essay/symbolon/episteme/sources/mathematics-logic/russell/russell-1908-theory-types/SOURCE.md",
        "submission-package/essay/symbolon/episteme/sources/mathematics-logic/russell/russell-1908-theory-types/SOURCE.md",
        "submission-package/essay/symbolon/episteme/sources/mathematics-logic/whitehead/whitehead-russell-1910-1913-principia/SOURCE.md",
        "submission-package/essay/symbolon/episteme/sources/phenomenology-continental-philosophy/maroski/maroski-2025-seeing-through-solid-words/SOURCE.md",
        "submission-package/essay/symbolon/episteme/sources/phenomenology-continental-philosophy/nietzsche/nietzsche-1910-birth-tragedy-haussmann/SOURCE.md",
        "submission-package/essay/symbolon/episteme/sources/process-systems-theory/bohm/bohm-krishnamurti-1975-05-18-dialogue/SOURCE.md",
        "submission-package/essay/symbolon/episteme/sources/psychology/jung/jung-1978-aion-cw9-2/SOURCE.md"
      ]
    },
    {
      "path": "submission-package/essay/section-rooms/arguments/16-bohmian-enfoldment-dialogical-return.md",
      "artifact_type": "argument",
      "authority": "canonical-argument",
      "dimensions": {
        "claim-surface": true,
        "warrant-surface": true,
        "counterpressure-surface": true
      },
      "missing": [],
      "dependencies": [
        "submission-package/essay/section-rooms/arguments/12-core-theorem-bridge.md",
        "submission-package/essay/section-rooms/arguments/14-computational-process-ontology.md"
      ],
      "consumers": [
        "submission-package/essay/section-rooms/00-integral-threshold/movements/06-s01-p5-return-zero.md",
        "submission-package/essay/section-rooms/01-differentiating-mind/movements/07-s0-p0-awareness-bends-display.md",
        "submission-package/essay/section-rooms/01-differentiating-mind/movements/11-s0-p4-tattvic-compression.md",
        "submission-package/essay/section-rooms/03-two-logics/movements/23-s2-p4-complex-dynamism.md",
        "submission-package/essay/section-rooms/05-psychoid-flowering/movements/31-s4-p0-psychoid-problem.md",
        "submission-package/essay/section-rooms/07-instrument-returns/movements/44-s50-p1-ql-mef-bimba-harness.md",
        "submission-package/essay/section-rooms/arguments/04-arche-topos-topology-music.md",
        "submission-package/essay/section-rooms/arguments/06-computational-vimarsa-ahi.md",
        "submission-package/essay/section-rooms/arguments/11-mono-poly-whole-and-many.md",
        "submission-package/essay/section-rooms/arguments/12-core-theorem-bridge.md",
        "submission-package/essay/section-rooms/arguments/13-tattvic-differential-field.md",
        "submission-package/essay/section-rooms/arguments/14-computational-process-ontology.md",
        "submission-package/essay/section-rooms/arguments/19-two-ones-mono-poly-matheme.md",
        "submission-package/essay/symbolon/episteme/concepts/bimba-pratibimba.md",
        "submission-package/essay/symbolon/episteme/concepts/mathematical-artistic-image-register.md"
      ],
      "sources": [
        "submission-package/essay/symbolon/episteme/sources/internal-corpus/taylor/chat-logs/taylor-claude-2026-derivational-chat/SOURCE.md",
        "submission-package/essay/symbolon/episteme/sources/internal-corpus/taylor/taylor-2026-core-theorems-pithy/SOURCE.md",
        "submission-package/essay/symbolon/episteme/sources/process-systems-theory/bohm/bohm-1980-wholeness-implicate-order/SOURCE.md",
        "submission-package/essay/symbolon/episteme/sources/process-systems-theory/bohm/bohm-1996-on-dialogue/SOURCE.md",
        "submission-package/essay/symbolon/episteme/sources/process-systems-theory/bohm/bohm-krishnamurti-1975-05-18-dialogue/SOURCE.md",
        "submission-package/essay/symbolon/episteme/sources/process-systems-theory/seed/seed-2010-language-spirit/SOURCE.md",
        "submission-package/essay/symbolon/episteme/sources/process-systems-theory/seed/seed-2010-language-spirit/SOURCE.md"
      ]
    },
    {
      "path": "submission-package/essay/section-rooms/arguments/17-toroidal-circulation-arche-topos.md",
      "artifact_type": "argument",
      "authority": "canonical-argument",
      "dimensions": {
        "claim-surface": true,
        "warrant-surface": true,
        "counterpressure-surface": true
      },
      "missing": [],
      "dependencies": [
        "submission-package/essay/section-rooms/arguments/04-arche-topos-topology-music.md",
        "submission-package/essay/section-rooms/arguments/12-core-theorem-bridge.md",
        "submission-package/essay/symbolon/episteme/sources/internal-corpus/taylor/taylor-2026-ql-musical-derivation-v3/SOURCE.md"
      ],
      "consumers": [
        "submission-package/essay/section-rooms/04-mathematical-substrate/movements/29-s3-p4-topology-music-resolution.md",
        "submission-package/essay/section-rooms/arguments/04-arche-topos-topology-music.md",
        "submission-package/essay/section-rooms/arguments/06-computational-vimarsa-ahi.md",
        "submission-package/essay/section-rooms/arguments/12-core-theorem-bridge.md",
        "submission-package/essay/section-rooms/arguments/14-computational-process-ontology.md",
        "submission-package/essay/symbolon/episteme/concepts/mathematical-artistic-image-register.md",
        "submission-package/essay/symbolon/episteme/concepts/world-picture-to-world-atlas.md"
      ],
      "sources": [
        "submission-package/essay/symbolon/episteme/sources/internal-corpus/taylor/taylor-2026-core-theorems-pithy/SOURCE.md",
        "submission-package/essay/symbolon/episteme/sources/internal-corpus/taylor/taylor-2026-definition-god-draft3/SOURCE.md",
        "submission-package/essay/symbolon/episteme/sources/internal-corpus/taylor/taylor-2026-ql-musical-derivation-v3/SOURCE.md",
        "submission-package/essay/symbolon/episteme/sources/internal-corpus/taylor/taylor-2026-ql-musical-derivation-v3/SOURCE.md",
        "submission-package/essay/symbolon/episteme/sources/mathematics-logic/hatcher/hatcher-2002-algebraic-topology/SOURCE.md",
        "submission-package/essay/symbolon/episteme/sources/mathematics-logic/nist/nist-dlmf-2026-complex-variable/SOURCE.md",
        "submission-package/essay/symbolon/episteme/sources/physics/iter/iter-what-is-tokamak/SOURCE.md",
        "submission-package/essay/symbolon/episteme/sources/physics/kirchner/kirchner-elkamhawy-hammer-2024-entanglement-nucleon-scattering/SOURCE.md"
      ]
    },
    {
      "path": "submission-package/essay/section-rooms/arguments/18-trust-faith-formal-limit.md",
      "artifact_type": "argument",
      "authority": "canonical-argument",
      "dimensions": {
        "claim-surface": true,
        "warrant-surface": true,
        "counterpressure-surface": true
      },
      "missing": [],
      "dependencies": [
        "submission-package/essay/section-rooms/arguments/01-immutable-gap-and-meta-sign.md",
        "submission-package/essay/section-rooms/arguments/03-two-logics-and-sym-ballein.md",
        "submission-package/essay/section-rooms/arguments/11-mono-poly-whole-and-many.md"
      ],
      "consumers": [
        "submission-package/essay/section-rooms/03-two-logics/movements/19-s2-p0-difference-cannot-be-escaped.md",
        "submission-package/essay/section-rooms/03-two-logics/movements/20-s2-p1-dia-ballein.md",
        "submission-package/essay/section-rooms/03-two-logics/movements/21-s2-p2-sym-ballein.md",
        "submission-package/essay/section-rooms/03-two-logics/movements/22-s2-p3-ares-aphrodite-harmonia.md",
        "submission-package/essay/section-rooms/06-objective-internality/movements/40-s5-p3-preference-hidden-zero.md",
        "submission-package/essay/section-rooms/07-instrument-returns/movements/43-s50-p0-theory-vocation-compassion.md",
        "submission-package/essay/section-rooms/07-instrument-returns/movements/44-s50-p1-ql-mef-bimba-harness.md",
        "submission-package/essay/section-rooms/07-instrument-returns/movements/46-s50-p3-4-2-mono-poly.md",
        "submission-package/essay/section-rooms/07-instrument-returns/movements/48-s50-p5-ahi-planetary-return.md",
        "submission-package/essay/section-rooms/arguments/03-two-logics-and-sym-ballein.md",
        "submission-package/essay/section-rooms/arguments/07-hephaestus-and-the-net.md",
        "submission-package/essay/section-rooms/arguments/08-deferential-intelligence.md",
        "submission-package/essay/section-rooms/arguments/11-mono-poly-whole-and-many.md",
        "submission-package/essay/section-rooms/arguments/19-two-ones-mono-poly-matheme.md",
        "submission-package/essay/symbolon/episteme/concepts/compassion-as-sensitivity-to-origins.md",
        "submission-package/essay/symbolon/episteme/concepts/planetary-computation.md"
      ],
      "sources": [
        "submission-package/essay/symbolon/episteme/sources/internal-corpus/taylor/taylor-2026-definition-god-draft3/SOURCE.md",
        "submission-package/essay/symbolon/episteme/sources/internal-corpus/taylor/taylor-2026-revision-notes-trust/SOURCE.md",
        "submission-package/essay/symbolon/episteme/sources/media-technology-philosophy/bratton/bratton-2026-agentworld-brief/SOURCE.md",
        "submission-package/essay/symbolon/episteme/sources/political-theory-institutions/iakovou/iakovou-2022-misuse-totalitarianism/SOURCE.md",
        "submission-package/essay/symbolon/episteme/sources/psychology/desmet/desmet-2022-psychology-totalitarianism-web-essay/SOURCE.md",
        "submission-package/essay/symbolon/episteme/sources/psychology/jung/jung-2013-undiscovered-self-routledge/SOURCE.md",
        "submission-package/essay/symbolon/episteme/sources/psychology/le-bon/le-bon-1895-crowd-popular-mind/SOURCE.md"
      ]
    },
    {
      "path": "submission-package/essay/section-rooms/arguments/19-two-ones-mono-poly-matheme.md",
      "artifact_type": "argument",
      "authority": "canonical-argument",
      "dimensions": {
        "claim-surface": true,
        "warrant-surface": true,
        "counterpressure-surface": true
      },
      "missing": [],
      "dependencies": [
        "submission-package/essay/section-rooms/arguments/12-core-theorem-bridge.md",
        "submission-package/essay/symbolon/episteme/concepts/the-slash.md",
        "submission-package/essay/symbolon/episteme/concepts/zero.md"
      ],
      "consumers": [
        "submission-package/essay/section-rooms/02-return-of-zero/movements/15-s1-p2-empty-set-generates-one.md",
        "submission-package/essay/section-rooms/03-two-logics/movements/24-s2-p5-zero-changes-role.md",
        "submission-package/essay/section-rooms/04-mathematical-substrate/movements/25-s3-p0-eight-determinations.md",
        "submission-package/essay/section-rooms/arguments/03-two-logics-and-sym-ballein.md",
        "submission-package/essay/section-rooms/arguments/09-prakasa-vimarsa.md",
        "submission-package/essay/section-rooms/arguments/10-vak.md",
        "submission-package/essay/section-rooms/arguments/11-mono-poly-whole-and-many.md",
        "submission-package/essay/section-rooms/arguments/12-core-theorem-bridge.md",
        "submission-package/essay/section-rooms/arguments/13-tattvic-differential-field.md",
        "submission-package/essay/section-rooms/arguments/16-bohmian-enfoldment-dialogical-return.md",
        "submission-package/essay/section-rooms/arguments/18-trust-faith-formal-limit.md",
        "submission-package/essay/section-rooms/arguments/20-advent-zero-subject-integral-logic.md",
        "submission-package/essay/symbolon/episteme/concepts/the-slash.md",
        "submission-package/essay/symbolon/episteme/concepts/zero.md"
      ],
      "sources": [
        "submission-package/essay/symbolon/episteme/sources/internal-corpus/taylor/taylor-2026-christ-mono-poly-theory/SOURCE.md",
        "submission-package/essay/symbolon/episteme/sources/internal-corpus/taylor/taylor-2026-core-theorems-pithy/SOURCE.md",
        "submission-package/essay/symbolon/episteme/sources/internal-corpus/taylor/taylor-2026-definition-god-draft3/SOURCE.md",
        "submission-package/essay/symbolon/episteme/sources/internal-corpus/taylor/taylor-2026-mono-poly-two-ones/SOURCE.md",
        "submission-package/essay/symbolon/episteme/sources/internal-corpus/taylor/taylor-2026-revision-notes-trust/SOURCE.md"
      ]
    },
    {
      "path": "submission-package/essay/section-rooms/arguments/20-advent-zero-subject-integral-logic.md",
      "artifact_type": "argument",
      "authority": "canonical-argument",
      "dimensions": {
        "claim-surface": true,
        "warrant-surface": true,
        "counterpressure-surface": true
      },
      "missing": [],
      "dependencies": [
        "submission-package/essay/section-rooms/arguments/01-immutable-gap-and-meta-sign.md",
        "submission-package/essay/section-rooms/arguments/12-core-theorem-bridge.md"
      ],
      "consumers": [
        "submission-package/essay/section-rooms/arguments/01-immutable-gap-and-meta-sign.md",
        "submission-package/essay/section-rooms/arguments/02-objective-internality.md",
        "submission-package/essay/section-rooms/arguments/03-two-logics-and-sym-ballein.md",
        "submission-package/essay/section-rooms/arguments/12-core-theorem-bridge.md",
        "submission-package/essay/section-rooms/arguments/14-computational-process-ontology.md",
        "submission-package/essay/section-rooms/arguments/19-two-ones-mono-poly-matheme.md",
        "submission-package/essay/symbolon/episteme/concepts/diaphaneity.md",
        "submission-package/essay/symbolon/episteme/concepts/zero.md"
      ],
      "sources": [
        "submission-package/essay/symbolon/episteme/sources/internal-corpus/taylor/taylor-2026-advent-zero-subject/SOURCE.md",
        "submission-package/essay/symbolon/episteme/sources/internal-corpus/taylor/taylor-2026-core-theorems-pithy/SOURCE.md",
        "submission-package/essay/symbolon/episteme/sources/internal-corpus/taylor/taylor-2026-core-theorems-pithy/SOURCE.md",
        "submission-package/essay/symbolon/episteme/sources/mathematics-logic/brahmagupta/colebrooke-1817-brahmagupta-bhaskara/SOURCE.md",
        "submission-package/essay/symbolon/episteme/sources/mathematics-logic/brahmagupta/colebrooke-1817-brahmagupta-bhaskara/SOURCE.md",
        "submission-package/essay/symbolon/episteme/sources/mathematics-logic/dutta/dutta-2023-zero-divided-numbers-india/SOURCE.md",
        "submission-package/essay/symbolon/episteme/sources/mathematics-logic/dutta/dutta-2023-zero-divided-numbers-india/SOURCE.md",
        "submission-package/essay/symbolon/episteme/sources/mathematics-logic/kaplan/kaplan-1999-nothing-that-is/SOURCE.md",
        "submission-package/essay/symbolon/episteme/sources/mathematics-logic/kaplan/kaplan-1999-nothing-that-is/SOURCE.md",
        "submission-package/essay/symbolon/episteme/sources/media-technology-philosophy/bratton/bratton-2026-agentworld-brief/SOURCE.md",
        "submission-package/essay/symbolon/episteme/sources/phenomenology-continental-philosophy/gebser/gebser-1985-ever-present-origin/SOURCE.md",
        "submission-package/essay/symbolon/episteme/sources/phenomenology-continental-philosophy/gebser/gebser-1985-ever-present-origin/SOURCE.md",
        "submission-package/essay/symbolon/episteme/sources/psychology/freud/freud-1915-unconscious-standard-edition/SOURCE.md",
        "submission-package/essay/symbolon/episteme/sources/psychology/jung/jung-1969-psychology-religion-cw11/SOURCE.md",
        "submission-package/essay/symbolon/episteme/sources/psychology/jung/jung-1978-aion-cw9-2/SOURCE.md",
        "submission-package/essay/symbolon/episteme/sources/psychology/neumann/neumann-1954-origins-history-consciousness/SOURCE.md"
      ]
    },
    {
      "path": "submission-package/essay/section-rooms/arguments/21-prisoner-politics-of-the-count.md",
      "artifact_type": "argument",
      "authority": "canonical-argument",
      "dimensions": {
        "claim-surface": true,
        "warrant-surface": true,
        "counterpressure-surface": true
      },
      "missing": [],
      "dependencies": [
        "submission-package/essay/section-rooms/arguments/03-two-logics-and-sym-ballein.md",
        "submission-package/essay/section-rooms/arguments/11-mono-poly-whole-and-many.md",
        "submission-package/essay/section-rooms/arguments/12-core-theorem-bridge.md"
      ],
      "consumers": [
        "submission-package/essay/section-rooms/00-integral-threshold/movements/02-s01-p1-define-subject.md",
        "submission-package/essay/section-rooms/03-two-logics/movements/20-s2-p1-dia-ballein.md",
        "submission-package/essay/section-rooms/03-two-logics/movements/24-s2-p5-zero-changes-role.md",
        "submission-package/essay/section-rooms/04-mathematical-substrate/movements/26-s3-p1-spanda-4-2.md",
        "submission-package/essay/section-rooms/06-objective-internality/movements/40-s5-p3-preference-hidden-zero.md",
        "submission-package/essay/section-rooms/07-instrument-returns/movements/46-s50-p3-4-2-mono-poly.md",
        "submission-package/essay/section-rooms/07-instrument-returns/movements/48-s50-p5-ahi-planetary-return.md"
      ],
      "sources": [
        "submission-package/essay/symbolon/episteme/sources/internal-corpus/taylor/taylor-2026-core-theorems-pithy/SOURCE.md",
        "submission-package/essay/symbolon/episteme/sources/media-technology-philosophy/mcgoohan-markstein/mcgoohan-markstein-1967-the-prisoner/SOURCE.md"
      ]
    },
    {
      "path": "submission-package/essay/symbolon/episteme/concepts/C01-Subject-Defined-Indefinability.md",
      "artifact_type": "concept",
      "authority": "canonical-argument",
      "dimensions": {
        "definition-surface": false,
        "argument-role-surface": false,
        "source-anchors": false,
        "claim-status": false
      },
      "missing": [
        "definition-surface",
        "argument-role-surface",
        "source-anchors",
        "claim-status"
      ],
      "dependencies": [],
      "consumers": [
        "submission-package/essay/symbolon/episteme/concepts/CANONICAL-INDEX.md"
      ],
      "sources": []
    },
    {
      "path": "submission-package/essay/symbolon/episteme/concepts/C02-Faithful-Definition.md",
      "artifact_type": "concept",
      "authority": "canonical-argument",
      "dimensions": {
        "definition-surface": false,
        "argument-role-surface": false,
        "source-anchors": false,
        "claim-status": false
      },
      "missing": [
        "definition-surface",
        "argument-role-surface",
        "source-anchors",
        "claim-status"
      ],
      "dependencies": [],
      "consumers": [
        "submission-package/essay/symbolon/episteme/concepts/CANONICAL-INDEX.md"
      ],
      "sources": []
    },
    {
      "path": "submission-package/essay/symbolon/episteme/concepts/C03-Determination.md",
      "artifact_type": "concept",
      "authority": "canonical-argument",
      "dimensions": {
        "definition-surface": false,
        "argument-role-surface": false,
        "source-anchors": false,
        "claim-status": false
      },
      "missing": [
        "definition-surface",
        "argument-role-surface",
        "source-anchors",
        "claim-status"
      ],
      "dependencies": [],
      "consumers": [
        "submission-package/essay/symbolon/episteme/concepts/CANONICAL-INDEX.md"
      ],
      "sources": []
    },
    {
      "path": "submission-package/essay/symbolon/episteme/concepts/C04-Formal-Limit.md",
      "artifact_type": "concept",
      "authority": "canonical-argument",
      "dimensions": {
        "definition-surface": false,
        "argument-role-surface": false,
        "source-anchors": false,
        "claim-status": false
      },
      "missing": [
        "definition-surface",
        "argument-role-surface",
        "source-anchors",
        "claim-status"
      ],
      "dependencies": [],
      "consumers": [
        "submission-package/essay/symbolon/episteme/concepts/CANONICAL-INDEX.md"
      ],
      "sources": []
    },
    {
      "path": "submission-package/essay/symbolon/episteme/concepts/C05-Immutable-Gap.md",
      "artifact_type": "concept",
      "authority": "canonical-argument",
      "dimensions": {
        "definition-surface": false,
        "argument-role-surface": false,
        "source-anchors": false,
        "claim-status": false
      },
      "missing": [
        "definition-surface",
        "argument-role-surface",
        "source-anchors",
        "claim-status"
      ],
      "dependencies": [],
      "consumers": [
        "submission-package/essay/symbolon/episteme/concepts/CANONICAL-INDEX.md"
      ],
      "sources": []
    },
    {
      "path": "submission-package/essay/symbolon/episteme/concepts/C06-Copula-Identification-with-Difference.md",
      "artifact_type": "concept",
      "authority": "canonical-argument",
      "dimensions": {
        "definition-surface": false,
        "argument-role-surface": false,
        "source-anchors": false,
        "claim-status": false
      },
      "missing": [
        "definition-surface",
        "argument-role-surface",
        "source-anchors",
        "claim-status"
      ],
      "dependencies": [],
      "consumers": [
        "submission-package/essay/symbolon/episteme/concepts/CANONICAL-INDEX.md"
      ],
      "sources": []
    },
    {
      "path": "submission-package/essay/symbolon/episteme/concepts/C07-Conditions-of-Worldhood.md",
      "artifact_type": "concept",
      "authority": "canonical-argument",
      "dimensions": {
        "definition-surface": false,
        "argument-role-surface": false,
        "source-anchors": false,
        "claim-status": false
      },
      "missing": [
        "definition-surface",
        "argument-role-surface",
        "source-anchors",
        "claim-status"
      ],
      "dependencies": [],
      "consumers": [
        "submission-package/essay/symbolon/episteme/concepts/CANONICAL-INDEX.md"
      ],
      "sources": []
    },
    {
      "path": "submission-package/essay/symbolon/episteme/concepts/C08-Context-Context-Frame.md",
      "artifact_type": "concept",
      "authority": "canonical-argument",
      "dimensions": {
        "definition-surface": false,
        "argument-role-surface": false,
        "source-anchors": false,
        "claim-status": false
      },
      "missing": [
        "definition-surface",
        "argument-role-surface",
        "source-anchors",
        "claim-status"
      ],
      "dependencies": [],
      "consumers": [
        "submission-package/essay/symbolon/episteme/concepts/CANONICAL-INDEX.md"
      ],
      "sources": []
    },
    {
      "path": "submission-package/essay/symbolon/episteme/concepts/C09-Diaphaneity.md",
      "artifact_type": "concept",
      "authority": "canonical-argument",
      "dimensions": {
        "definition-surface": false,
        "argument-role-surface": false,
        "source-anchors": false,
        "claim-status": false
      },
      "missing": [
        "definition-surface",
        "argument-role-surface",
        "source-anchors",
        "claim-status"
      ],
      "dependencies": [],
      "consumers": [
        "submission-package/essay/symbolon/episteme/concepts/CANONICAL-INDEX.md"
      ],
      "sources": []
    },
    {
      "path": "submission-package/essay/symbolon/episteme/concepts/C10-Mediation-Pramana.md",
      "artifact_type": "concept",
      "authority": "canonical-argument",
      "dimensions": {
        "definition-surface": false,
        "argument-role-surface": false,
        "source-anchors": false,
        "claim-status": false
      },
      "missing": [
        "definition-surface",
        "argument-role-surface",
        "source-anchors",
        "claim-status"
      ],
      "dependencies": [],
      "consumers": [
        "submission-package/essay/symbolon/episteme/concepts/CANONICAL-INDEX.md"
      ],
      "sources": []
    },
    {
      "path": "submission-package/essay/symbolon/episteme/concepts/C11-Quaternal-Logic.md",
      "artifact_type": "concept",
      "authority": "canonical-argument",
      "dimensions": {
        "definition-surface": false,
        "argument-role-surface": false,
        "source-anchors": false,
        "claim-status": false
      },
      "missing": [
        "definition-surface",
        "argument-role-surface",
        "source-anchors",
        "claim-status"
      ],
      "dependencies": [],
      "consumers": [
        "submission-package/essay/symbolon/episteme/concepts/CANONICAL-INDEX.md"
      ],
      "sources": []
    },
    {
      "path": "submission-package/essay/symbolon/episteme/concepts/C12-Script-Frozen-Conditioned-Will.md",
      "artifact_type": "concept",
      "authority": "canonical-argument",
      "dimensions": {
        "definition-surface": false,
        "argument-role-surface": false,
        "source-anchors": false,
        "claim-status": false
      },
      "missing": [
        "definition-surface",
        "argument-role-surface",
        "source-anchors",
        "claim-status"
      ],
      "dependencies": [],
      "consumers": [
        "submission-package/essay/symbolon/episteme/concepts/CANONICAL-INDEX.md"
      ],
      "sources": []
    },
    {
      "path": "submission-package/essay/symbolon/episteme/concepts/C13-Prakasa-Vimarsa.md",
      "artifact_type": "concept",
      "authority": "canonical-argument",
      "dimensions": {
        "definition-surface": false,
        "argument-role-surface": false,
        "source-anchors": false,
        "claim-status": false
      },
      "missing": [
        "definition-surface",
        "argument-role-surface",
        "source-anchors",
        "claim-status"
      ],
      "dependencies": [],
      "consumers": [
        "submission-package/essay/symbolon/episteme/concepts/CANONICAL-INDEX.md"
      ],
      "sources": []
    },
    {
      "path": "submission-package/essay/symbolon/episteme/concepts/C14-Maya-Operative-Measure.md",
      "artifact_type": "concept",
      "authority": "canonical-argument",
      "dimensions": {
        "definition-surface": false,
        "argument-role-surface": false,
        "source-anchors": false,
        "claim-status": false
      },
      "missing": [
        "definition-surface",
        "argument-role-surface",
        "source-anchors",
        "claim-status"
      ],
      "dependencies": [],
      "consumers": [
        "submission-package/essay/symbolon/episteme/concepts/CANONICAL-INDEX.md"
      ],
      "sources": []
    },
    {
      "path": "submission-package/essay/symbolon/episteme/concepts/C15-Pasu-Bounded-Subject-Position.md",
      "artifact_type": "concept",
      "authority": "canonical-argument",
      "dimensions": {
        "definition-surface": false,
        "argument-role-surface": false,
        "source-anchors": false,
        "claim-status": false
      },
      "missing": [
        "definition-surface",
        "argument-role-surface",
        "source-anchors",
        "claim-status"
      ],
      "dependencies": [],
      "consumers": [
        "submission-package/essay/symbolon/episteme/concepts/CANONICAL-INDEX.md"
      ],
      "sources": []
    },
    {
      "path": "submission-package/essay/symbolon/episteme/concepts/C16-Antahkarana-Inner-Instrument.md",
      "artifact_type": "concept",
      "authority": "canonical-argument",
      "dimensions": {
        "definition-surface": false,
        "argument-role-surface": false,
        "source-anchors": false,
        "claim-status": false
      },
      "missing": [
        "definition-surface",
        "argument-role-surface",
        "source-anchors",
        "claim-status"
      ],
      "dependencies": [],
      "consumers": [
        "submission-package/essay/symbolon/episteme/concepts/CANONICAL-INDEX.md"
      ],
      "sources": []
    },
    {
      "path": "submission-package/essay/symbolon/episteme/concepts/C17-Vikalpa-Samkalpa.md",
      "artifact_type": "concept",
      "authority": "canonical-argument",
      "dimensions": {
        "definition-surface": false,
        "argument-role-surface": false,
        "source-anchors": false,
        "claim-status": false
      },
      "missing": [
        "definition-surface",
        "argument-role-surface",
        "source-anchors",
        "claim-status"
      ],
      "dependencies": [],
      "consumers": [
        "submission-package/essay/symbolon/episteme/concepts/CANONICAL-INDEX.md"
      ],
      "sources": []
    },
    {
      "path": "submission-package/essay/symbolon/episteme/concepts/C18-Apoha.md",
      "artifact_type": "concept",
      "authority": "canonical-argument",
      "dimensions": {
        "definition-surface": false,
        "argument-role-surface": false,
        "source-anchors": false,
        "claim-status": false
      },
      "missing": [
        "definition-surface",
        "argument-role-surface",
        "source-anchors",
        "claim-status"
      ],
      "dependencies": [],
      "consumers": [
        "submission-package/essay/symbolon/episteme/concepts/CANONICAL-INDEX.md"
      ],
      "sources": []
    },
    {
      "path": "submission-package/essay/symbolon/episteme/concepts/C19-Pratyabhijna-Recognition.md",
      "artifact_type": "concept",
      "authority": "canonical-argument",
      "dimensions": {
        "definition-surface": false,
        "argument-role-surface": false,
        "source-anchors": false,
        "claim-status": false
      },
      "missing": [
        "definition-surface",
        "argument-role-surface",
        "source-anchors",
        "claim-status"
      ],
      "dependencies": [],
      "consumers": [
        "submission-package/essay/symbolon/episteme/concepts/CANONICAL-INDEX.md"
      ],
      "sources": []
    },
    {
      "path": "submission-package/essay/symbolon/episteme/concepts/C20-Arche-Topos.md",
      "artifact_type": "concept",
      "authority": "canonical-argument",
      "dimensions": {
        "definition-surface": false,
        "argument-role-surface": false,
        "source-anchors": false,
        "claim-status": false
      },
      "missing": [
        "definition-surface",
        "argument-role-surface",
        "source-anchors",
        "claim-status"
      ],
      "dependencies": [],
      "consumers": [
        "submission-package/essay/symbolon/episteme/concepts/CANONICAL-INDEX.md"
      ],
      "sources": []
    },
    {
      "path": "submission-package/essay/symbolon/episteme/concepts/C21-Living-Symbol-Idol.md",
      "artifact_type": "concept",
      "authority": "canonical-argument",
      "dimensions": {
        "definition-surface": false,
        "argument-role-surface": false,
        "source-anchors": false,
        "claim-status": false
      },
      "missing": [
        "definition-surface",
        "argument-role-surface",
        "source-anchors",
        "claim-status"
      ],
      "dependencies": [],
      "consumers": [
        "submission-package/essay/symbolon/episteme/concepts/CANONICAL-INDEX.md"
      ],
      "sources": []
    },
    {
      "path": "submission-package/essay/symbolon/episteme/concepts/C22-Counterfeit-Symbolon.md",
      "artifact_type": "concept",
      "authority": "canonical-argument",
      "dimensions": {
        "definition-surface": false,
        "argument-role-surface": false,
        "source-anchors": false,
        "claim-status": false
      },
      "missing": [
        "definition-surface",
        "argument-role-surface",
        "source-anchors",
        "claim-status"
      ],
      "dependencies": [],
      "consumers": [
        "submission-package/essay/symbolon/episteme/concepts/CANONICAL-INDEX.md"
      ],
      "sources": []
    },
    {
      "path": "submission-package/essay/symbolon/episteme/concepts/C23-Severance.md",
      "artifact_type": "concept",
      "authority": "canonical-argument",
      "dimensions": {
        "definition-surface": false,
        "argument-role-surface": false,
        "source-anchors": false,
        "claim-status": false
      },
      "missing": [
        "definition-surface",
        "argument-role-surface",
        "source-anchors",
        "claim-status"
      ],
      "dependencies": [],
      "consumers": [
        "submission-package/essay/symbolon/episteme/concepts/CANONICAL-INDEX.md"
      ],
      "sources": []
    },
    {
      "path": "submission-package/essay/symbolon/episteme/concepts/C24-Fusion.md",
      "artifact_type": "concept",
      "authority": "canonical-argument",
      "dimensions": {
        "definition-surface": false,
        "argument-role-surface": false,
        "source-anchors": false,
        "claim-status": false
      },
      "missing": [
        "definition-surface",
        "argument-role-surface",
        "source-anchors",
        "claim-status"
      ],
      "dependencies": [],
      "consumers": [
        "submission-package/essay/symbolon/episteme/concepts/CANONICAL-INDEX.md"
      ],
      "sources": []
    },
    {
      "path": "submission-package/essay/symbolon/episteme/concepts/C25-Counterfeit-Gathering.md",
      "artifact_type": "concept",
      "authority": "canonical-argument",
      "dimensions": {
        "definition-surface": false,
        "argument-role-surface": false,
        "source-anchors": false,
        "claim-status": false
      },
      "missing": [
        "definition-surface",
        "argument-role-surface",
        "source-anchors",
        "claim-status"
      ],
      "dependencies": [],
      "consumers": [
        "submission-package/essay/symbolon/episteme/concepts/CANONICAL-INDEX.md"
      ],
      "sources": []
    },
    {
      "path": "submission-package/essay/symbolon/episteme/concepts/C26-Monoisation-Counter-Generation.md",
      "artifact_type": "concept",
      "authority": "canonical-argument",
      "dimensions": {
        "definition-surface": false,
        "argument-role-surface": false,
        "source-anchors": false,
        "claim-status": false
      },
      "missing": [
        "definition-surface",
        "argument-role-surface",
        "source-anchors",
        "claim-status"
      ],
      "dependencies": [],
      "consumers": [
        "submission-package/essay/symbolon/episteme/concepts/CANONICAL-INDEX.md"
      ],
      "sources": []
    },
    {
      "path": "submission-package/essay/symbolon/episteme/concepts/C27-Protected-Account-Occupied-Zero-Source-Claim.md",
      "artifact_type": "concept",
      "authority": "canonical-argument",
      "dimensions": {
        "definition-surface": false,
        "argument-role-surface": false,
        "source-anchors": false,
        "claim-status": false
      },
      "missing": [
        "definition-surface",
        "argument-role-surface",
        "source-anchors",
        "claim-status"
      ],
      "dependencies": [],
      "consumers": [
        "submission-package/essay/symbolon/episteme/concepts/CANONICAL-INDEX.md"
      ],
      "sources": []
    },
    {
      "path": "submission-package/essay/symbolon/episteme/concepts/C28-Covenant-Primary-Arbitration.md",
      "artifact_type": "concept",
      "authority": "canonical-argument",
      "dimensions": {
        "definition-surface": false,
        "argument-role-surface": false,
        "source-anchors": false,
        "claim-status": false
      },
      "missing": [
        "definition-surface",
        "argument-role-surface",
        "source-anchors",
        "claim-status"
      ],
      "dependencies": [],
      "consumers": [
        "submission-package/essay/symbolon/episteme/concepts/CANONICAL-INDEX.md"
      ],
      "sources": []
    },
    {
      "path": "submission-package/essay/symbolon/episteme/concepts/C29-Mediating-Office-Derivative-Sovereignty.md",
      "artifact_type": "concept",
      "authority": "canonical-argument",
      "dimensions": {
        "definition-surface": false,
        "argument-role-surface": false,
        "source-anchors": false,
        "claim-status": false
      },
      "missing": [
        "definition-surface",
        "argument-role-surface",
        "source-anchors",
        "claim-status"
      ],
      "dependencies": [],
      "consumers": [
        "submission-package/essay/symbolon/episteme/concepts/CANONICAL-INDEX.md"
      ],
      "sources": []
    },
    {
      "path": "submission-package/essay/symbolon/episteme/concepts/C30-Psychoid-Number.md",
      "artifact_type": "concept",
      "authority": "canonical-argument",
      "dimensions": {
        "definition-surface": false,
        "argument-role-surface": false,
        "source-anchors": false,
        "claim-status": false
      },
      "missing": [
        "definition-surface",
        "argument-role-surface",
        "source-anchors",
        "claim-status"
      ],
      "dependencies": [],
      "consumers": [
        "submission-package/essay/symbolon/episteme/concepts/CANONICAL-INDEX.md"
      ],
      "sources": []
    },
    {
      "path": "submission-package/essay/symbolon/episteme/concepts/C31-Complex.md",
      "artifact_type": "concept",
      "authority": "canonical-argument",
      "dimensions": {
        "definition-surface": false,
        "argument-role-surface": false,
        "source-anchors": false,
        "claim-status": false
      },
      "missing": [
        "definition-surface",
        "argument-role-surface",
        "source-anchors",
        "claim-status"
      ],
      "dependencies": [],
      "consumers": [
        "submission-package/essay/symbolon/episteme/concepts/CANONICAL-INDEX.md"
      ],
      "sources": []
    },
    {
      "path": "submission-package/essay/symbolon/episteme/concepts/C32-Archetype.md",
      "artifact_type": "concept",
      "authority": "canonical-argument",
      "dimensions": {
        "definition-surface": false,
        "argument-role-surface": false,
        "source-anchors": false,
        "claim-status": false
      },
      "missing": [
        "definition-surface",
        "argument-role-surface",
        "source-anchors",
        "claim-status"
      ],
      "dependencies": [],
      "consumers": [
        "submission-package/essay/symbolon/episteme/concepts/CANONICAL-INDEX.md"
      ],
      "sources": []
    },
    {
      "path": "submission-package/essay/symbolon/episteme/concepts/C33-Image-Valuation.md",
      "artifact_type": "concept",
      "authority": "canonical-argument",
      "dimensions": {
        "definition-surface": false,
        "argument-role-surface": false,
        "source-anchors": false,
        "claim-status": false
      },
      "missing": [
        "definition-surface",
        "argument-role-surface",
        "source-anchors",
        "claim-status"
      ],
      "dependencies": [],
      "consumers": [
        "submission-package/essay/symbolon/episteme/concepts/CANONICAL-INDEX.md"
      ],
      "sources": []
    },
    {
      "path": "submission-package/essay/symbolon/episteme/concepts/C34-Individuation.md",
      "artifact_type": "concept",
      "authority": "canonical-argument",
      "dimensions": {
        "definition-surface": false,
        "argument-role-surface": false,
        "source-anchors": false,
        "claim-status": false
      },
      "missing": [
        "definition-surface",
        "argument-role-surface",
        "source-anchors",
        "claim-status"
      ],
      "dependencies": [],
      "consumers": [
        "submission-package/essay/symbolon/episteme/concepts/CANONICAL-INDEX.md"
      ],
      "sources": []
    },
    {
      "path": "submission-package/essay/symbolon/episteme/concepts/C35-Selfing-Self-Subjectivity-Self-Thing.md",
      "artifact_type": "concept",
      "authority": "canonical-argument",
      "dimensions": {
        "definition-surface": false,
        "argument-role-surface": false,
        "source-anchors": false,
        "claim-status": false
      },
      "missing": [
        "definition-surface",
        "argument-role-surface",
        "source-anchors",
        "claim-status"
      ],
      "dependencies": [],
      "consumers": [
        "submission-package/essay/symbolon/episteme/concepts/CANONICAL-INDEX.md"
      ],
      "sources": []
    },
    {
      "path": "submission-package/essay/symbolon/episteme/concepts/C36-Complexio-Oppositorum.md",
      "artifact_type": "concept",
      "authority": "canonical-argument",
      "dimensions": {
        "definition-surface": false,
        "argument-role-surface": false,
        "source-anchors": false,
        "claim-status": false
      },
      "missing": [
        "definition-surface",
        "argument-role-surface",
        "source-anchors",
        "claim-status"
      ],
      "dependencies": [],
      "consumers": [
        "submission-package/essay/symbolon/episteme/concepts/CANONICAL-INDEX.md"
      ],
      "sources": []
    },
    {
      "path": "submission-package/essay/symbolon/episteme/concepts/C37-World-Picture-to-World-Atlas.md",
      "artifact_type": "concept",
      "authority": "canonical-argument",
      "dimensions": {
        "definition-surface": false,
        "argument-role-surface": false,
        "source-anchors": false,
        "claim-status": false
      },
      "missing": [
        "definition-surface",
        "argument-role-surface",
        "source-anchors",
        "claim-status"
      ],
      "dependencies": [],
      "consumers": [
        "submission-package/essay/symbolon/episteme/concepts/CANONICAL-INDEX.md"
      ],
      "sources": []
    },
    {
      "path": "submission-package/essay/symbolon/episteme/concepts/C38-Bimba-Pratibimba-Bimba-Map.md",
      "artifact_type": "concept",
      "authority": "canonical-argument",
      "dimensions": {
        "definition-surface": false,
        "argument-role-surface": false,
        "source-anchors": false,
        "claim-status": false
      },
      "missing": [
        "definition-surface",
        "argument-role-surface",
        "source-anchors",
        "claim-status"
      ],
      "dependencies": [],
      "consumers": [
        "submission-package/essay/symbolon/episteme/concepts/CANONICAL-INDEX.md"
      ],
      "sources": []
    },
    {
      "path": "submission-package/essay/symbolon/episteme/concepts/C39-Meta-Epistemic-Framework.md",
      "artifact_type": "concept",
      "authority": "canonical-argument",
      "dimensions": {
        "definition-surface": false,
        "argument-role-surface": false,
        "source-anchors": false,
        "claim-status": false
      },
      "missing": [
        "definition-surface",
        "argument-role-surface",
        "source-anchors",
        "claim-status"
      ],
      "dependencies": [],
      "consumers": [
        "submission-package/essay/symbolon/episteme/concepts/CANONICAL-INDEX.md"
      ],
      "sources": []
    },
    {
      "path": "submission-package/essay/symbolon/episteme/concepts/C40-Model-Internality-Judgment-Field.md",
      "artifact_type": "concept",
      "authority": "canonical-argument",
      "dimensions": {
        "definition-surface": false,
        "argument-role-surface": false,
        "source-anchors": false,
        "claim-status": false
      },
      "missing": [
        "definition-surface",
        "argument-role-surface",
        "source-anchors",
        "claim-status"
      ],
      "dependencies": [],
      "consumers": [
        "submission-package/essay/symbolon/episteme/concepts/CANONICAL-INDEX.md"
      ],
      "sources": []
    },
    {
      "path": "submission-package/essay/symbolon/episteme/concepts/C41-Objective-Internality.md",
      "artifact_type": "concept",
      "authority": "canonical-argument",
      "dimensions": {
        "definition-surface": false,
        "argument-role-surface": false,
        "source-anchors": false,
        "claim-status": false
      },
      "missing": [
        "definition-surface",
        "argument-role-surface",
        "source-anchors",
        "claim-status"
      ],
      "dependencies": [],
      "consumers": [
        "submission-package/essay/symbolon/episteme/concepts/CANONICAL-INDEX.md"
      ],
      "sources": []
    },
    {
      "path": "submission-package/essay/symbolon/episteme/concepts/C42-Objective-Co-Internality.md",
      "artifact_type": "concept",
      "authority": "canonical-argument",
      "dimensions": {
        "definition-surface": false,
        "argument-role-surface": false,
        "source-anchors": false,
        "claim-status": false
      },
      "missing": [
        "definition-surface",
        "argument-role-surface",
        "source-anchors",
        "claim-status"
      ],
      "dependencies": [],
      "consumers": [
        "submission-package/essay/symbolon/episteme/concepts/CANONICAL-INDEX.md"
      ],
      "sources": []
    },
    {
      "path": "submission-package/essay/symbolon/episteme/concepts/C43-Computational-Vimarsa.md",
      "artifact_type": "concept",
      "authority": "canonical-argument",
      "dimensions": {
        "definition-surface": false,
        "argument-role-surface": false,
        "source-anchors": false,
        "claim-status": false
      },
      "missing": [
        "definition-surface",
        "argument-role-surface",
        "source-anchors",
        "claim-status"
      ],
      "dependencies": [],
      "consumers": [
        "submission-package/essay/symbolon/episteme/concepts/CANONICAL-INDEX.md"
      ],
      "sources": []
    },
    {
      "path": "submission-package/essay/symbolon/episteme/concepts/C44-Prompt-Thrownness.md",
      "artifact_type": "concept",
      "authority": "canonical-argument",
      "dimensions": {
        "definition-surface": false,
        "argument-role-surface": false,
        "source-anchors": false,
        "claim-status": false
      },
      "missing": [
        "definition-surface",
        "argument-role-surface",
        "source-anchors",
        "claim-status"
      ],
      "dependencies": [],
      "consumers": [
        "submission-package/essay/symbolon/episteme/concepts/CANONICAL-INDEX.md"
      ],
      "sources": []
    },
    {
      "path": "submission-package/essay/symbolon/episteme/concepts/C45-Operational-Parity.md",
      "artifact_type": "concept",
      "authority": "canonical-argument",
      "dimensions": {
        "definition-surface": false,
        "argument-role-surface": false,
        "source-anchors": false,
        "claim-status": false
      },
      "missing": [
        "definition-surface",
        "argument-role-surface",
        "source-anchors",
        "claim-status"
      ],
      "dependencies": [],
      "consumers": [
        "submission-package/essay/symbolon/episteme/concepts/CANONICAL-INDEX.md"
      ],
      "sources": []
    },
    {
      "path": "submission-package/essay/symbolon/episteme/concepts/C46-Epistemic-Cultivation.md",
      "artifact_type": "concept",
      "authority": "canonical-argument",
      "dimensions": {
        "definition-surface": false,
        "argument-role-surface": false,
        "source-anchors": false,
        "claim-status": false
      },
      "missing": [
        "definition-surface",
        "argument-role-surface",
        "source-anchors",
        "claim-status"
      ],
      "dependencies": [],
      "consumers": [
        "submission-package/essay/symbolon/episteme/concepts/CANONICAL-INDEX.md"
      ],
      "sources": []
    },
    {
      "path": "submission-package/essay/symbolon/episteme/concepts/C47-Deferential-Intelligence.md",
      "artifact_type": "concept",
      "authority": "canonical-argument",
      "dimensions": {
        "definition-surface": false,
        "argument-role-surface": false,
        "source-anchors": false,
        "claim-status": false
      },
      "missing": [
        "definition-surface",
        "argument-role-surface",
        "source-anchors",
        "claim-status"
      ],
      "dependencies": [],
      "consumers": [
        "submission-package/essay/symbolon/episteme/concepts/CANONICAL-INDEX.md"
      ],
      "sources": []
    },
    {
      "path": "submission-package/essay/symbolon/episteme/concepts/C48-Trust-Faith-under-Formal-Limit.md",
      "artifact_type": "concept",
      "authority": "canonical-argument",
      "dimensions": {
        "definition-surface": false,
        "argument-role-surface": false,
        "source-anchors": false,
        "claim-status": false
      },
      "missing": [
        "definition-surface",
        "argument-role-surface",
        "source-anchors",
        "claim-status"
      ],
      "dependencies": [],
      "consumers": [
        "submission-package/essay/symbolon/episteme/concepts/CANONICAL-INDEX.md"
      ],
      "sources": []
    },
    {
      "path": "submission-package/essay/symbolon/episteme/concepts/C49-The-Two-Ones-0-One-1-All.md",
      "artifact_type": "concept",
      "authority": "canonical-argument",
      "dimensions": {
        "definition-surface": false,
        "argument-role-surface": false,
        "source-anchors": false,
        "claim-status": false
      },
      "missing": [
        "definition-surface",
        "argument-role-surface",
        "source-anchors",
        "claim-status"
      ],
      "dependencies": [],
      "consumers": [
        "submission-package/essay/symbolon/episteme/concepts/CANONICAL-INDEX.md"
      ],
      "sources": []
    },
    {
      "path": "submission-package/essay/symbolon/episteme/concepts/C50-Dia-Syn.md",
      "artifact_type": "concept",
      "authority": "canonical-argument",
      "dimensions": {
        "definition-surface": false,
        "argument-role-surface": false,
        "source-anchors": false,
        "claim-status": false
      },
      "missing": [
        "definition-surface",
        "argument-role-surface",
        "source-anchors",
        "claim-status"
      ],
      "dependencies": [],
      "consumers": [
        "submission-package/essay/symbolon/episteme/concepts/CANONICAL-INDEX.md"
      ],
      "sources": []
    },
    {
      "path": "submission-package/essay/symbolon/episteme/concepts/C51-Logos-Epi-Logos.md",
      "artifact_type": "concept",
      "authority": "canonical-argument",
      "dimensions": {
        "definition-surface": false,
        "argument-role-surface": false,
        "source-anchors": false,
        "claim-status": false
      },
      "missing": [
        "definition-surface",
        "argument-role-surface",
        "source-anchors",
        "claim-status"
      ],
      "dependencies": [],
      "consumers": [
        "submission-package/essay/symbolon/episteme/concepts/CANONICAL-INDEX.md"
      ],
      "sources": []
    },
    {
      "path": "submission-package/essay/symbolon/episteme/concepts/C52-Dimensional-Reframing-at-Zero-and-Infinity.md",
      "artifact_type": "concept",
      "authority": "canonical-argument",
      "dimensions": {
        "definition-surface": false,
        "argument-role-surface": false,
        "source-anchors": false,
        "claim-status": false
      },
      "missing": [
        "definition-surface",
        "argument-role-surface",
        "source-anchors",
        "claim-status"
      ],
      "dependencies": [],
      "consumers": [
        "submission-package/essay/symbolon/episteme/concepts/CANONICAL-INDEX.md"
      ],
      "sources": []
    },
    {
      "path": "submission-package/essay/symbolon/episteme/concepts/C53-Power-Delegated-Labour.md",
      "artifact_type": "concept",
      "authority": "canonical-argument",
      "dimensions": {
        "definition-surface": false,
        "argument-role-surface": false,
        "source-anchors": false,
        "claim-status": false
      },
      "missing": [
        "definition-surface",
        "argument-role-surface",
        "source-anchors",
        "claim-status"
      ],
      "dependencies": [],
      "consumers": [
        "submission-package/essay/symbolon/episteme/concepts/CANONICAL-INDEX.md"
      ],
      "sources": []
    },
    {
      "path": "submission-package/essay/symbolon/episteme/concepts/C54-Commons-Non-Monopoly.md",
      "artifact_type": "concept",
      "authority": "canonical-argument",
      "dimensions": {
        "definition-surface": false,
        "argument-role-surface": false,
        "source-anchors": false,
        "claim-status": false
      },
      "missing": [
        "definition-surface",
        "argument-role-surface",
        "source-anchors",
        "claim-status"
      ],
      "dependencies": [],
      "consumers": [
        "submission-package/essay/symbolon/episteme/concepts/CANONICAL-INDEX.md"
      ],
      "sources": []
    },
    {
      "path": "submission-package/essay/symbolon/episteme/concepts/C55-Reflective-Field-Mirror-That-Moves-First.md",
      "artifact_type": "concept",
      "authority": "canonical-argument",
      "dimensions": {
        "definition-surface": false,
        "argument-role-surface": false,
        "source-anchors": false,
        "claim-status": false
      },
      "missing": [
        "definition-surface",
        "argument-role-surface",
        "source-anchors",
        "claim-status"
      ],
      "dependencies": [],
      "consumers": [
        "submission-package/essay/symbolon/episteme/concepts/CANONICAL-INDEX.md"
      ],
      "sources": []
    },
    {
      "path": "submission-package/essay/symbolon/episteme/concepts/C56-Compassion-Sensitivity-to-Origins.md",
      "artifact_type": "concept",
      "authority": "canonical-argument",
      "dimensions": {
        "definition-surface": false,
        "argument-role-surface": false,
        "source-anchors": false,
        "claim-status": false
      },
      "missing": [
        "definition-surface",
        "argument-role-surface",
        "source-anchors",
        "claim-status"
      ],
      "dependencies": [],
      "consumers": [
        "submission-package/essay/symbolon/episteme/concepts/CANONICAL-INDEX.md"
      ],
      "sources": []
    },
    {
      "path": "submission-package/essay/symbolon/episteme/concepts/C57-Agentworld.md",
      "artifact_type": "concept",
      "authority": "canonical-argument",
      "dimensions": {
        "definition-surface": false,
        "argument-role-surface": false,
        "source-anchors": false,
        "claim-status": false
      },
      "missing": [
        "definition-surface",
        "argument-role-surface",
        "source-anchors",
        "claim-status"
      ],
      "dependencies": [],
      "consumers": [
        "submission-package/essay/symbolon/episteme/concepts/CANONICAL-INDEX.md"
      ],
      "sources": []
    },
    {
      "path": "submission-package/essay/symbolon/episteme/concepts/C58-Anthropomorphization.md",
      "artifact_type": "concept",
      "authority": "canonical-argument",
      "dimensions": {
        "definition-surface": false,
        "argument-role-surface": false,
        "source-anchors": false,
        "claim-status": false
      },
      "missing": [
        "definition-surface",
        "argument-role-surface",
        "source-anchors",
        "claim-status"
      ],
      "dependencies": [],
      "consumers": [
        "submission-package/essay/symbolon/episteme/concepts/CANONICAL-INDEX.md"
      ],
      "sources": []
    },
    {
      "path": "submission-package/essay/symbolon/episteme/concepts/C59-Cultural-Individuation-Epi-Logos-as-Culture.md",
      "artifact_type": "concept",
      "authority": "canonical-argument",
      "dimensions": {
        "definition-surface": false,
        "argument-role-surface": false,
        "source-anchors": false,
        "claim-status": false
      },
      "missing": [
        "definition-surface",
        "argument-role-surface",
        "source-anchors",
        "claim-status"
      ],
      "dependencies": [],
      "consumers": [
        "submission-package/essay/symbolon/episteme/concepts/CANONICAL-INDEX.md"
      ],
      "sources": []
    },
    {
      "path": "submission-package/essay/symbolon/episteme/concepts/C60-Idealism-Order-of-Dependence.md",
      "artifact_type": "concept",
      "authority": "canonical-argument",
      "dimensions": {
        "definition-surface": false,
        "argument-role-surface": false,
        "source-anchors": false,
        "claim-status": false
      },
      "missing": [
        "definition-surface",
        "argument-role-surface",
        "source-anchors",
        "claim-status"
      ],
      "dependencies": [],
      "consumers": [
        "submission-package/essay/symbolon/episteme/concepts/CANONICAL-INDEX.md"
      ],
      "sources": []
    },
    {
      "path": "submission-package/essay/symbolon/episteme/concepts/C61-Symbolon-Disclosure-Architecture.md",
      "artifact_type": "concept",
      "authority": "canonical-argument",
      "dimensions": {
        "definition-surface": false,
        "argument-role-surface": false,
        "source-anchors": false,
        "claim-status": false
      },
      "missing": [
        "definition-surface",
        "argument-role-surface",
        "source-anchors",
        "claim-status"
      ],
      "dependencies": [],
      "consumers": [
        "submission-package/essay/symbolon/episteme/concepts/CANONICAL-INDEX.md"
      ],
      "sources": []
    },
    {
      "path": "submission-package/essay/symbolon/episteme/concepts/C62-Planetary-Computation.md",
      "artifact_type": "concept",
      "authority": "canonical-argument",
      "dimensions": {
        "definition-surface": false,
        "argument-role-surface": false,
        "source-anchors": false,
        "claim-status": false
      },
      "missing": [
        "definition-surface",
        "argument-role-surface",
        "source-anchors",
        "claim-status"
      ],
      "dependencies": [],
      "consumers": [
        "submission-package/essay/symbolon/episteme/concepts/CANONICAL-INDEX.md"
      ],
      "sources": []
    },
    {
      "path": "submission-package/essay/symbolon/episteme/concepts/C63-Pros-Hen-In-Quantum-Focal-Return-Qualified-Predication.md",
      "artifact_type": "concept",
      "authority": "canonical-argument",
      "dimensions": {
        "definition-surface": false,
        "argument-role-surface": false,
        "source-anchors": false,
        "claim-status": false
      },
      "missing": [
        "definition-surface",
        "argument-role-surface",
        "source-anchors",
        "claim-status"
      ],
      "dependencies": [],
      "consumers": [
        "submission-package/essay/symbolon/episteme/concepts/CANONICAL-INDEX.md"
      ],
      "sources": []
    },
    {
      "path": "submission-package/essay/symbolon/episteme/concepts/C64-Paradox-Transforming-the-Containing-Field.md",
      "artifact_type": "concept",
      "authority": "canonical-argument",
      "dimensions": {
        "definition-surface": false,
        "argument-role-surface": false,
        "source-anchors": false,
        "claim-status": false
      },
      "missing": [
        "definition-surface",
        "argument-role-surface",
        "source-anchors",
        "claim-status"
      ],
      "dependencies": [],
      "consumers": [
        "submission-package/essay/symbolon/episteme/concepts/CANONICAL-INDEX.md"
      ],
      "sources": []
    },
    {
      "path": "submission-package/essay/symbolon/episteme/concepts/CANONICAL-INDEX.md",
      "artifact_type": "concept",
      "authority": "canonical-argument",
      "dimensions": {
        "definition-surface": false,
        "argument-role-surface": false,
        "source-anchors": false,
        "claim-status": false
      },
      "missing": [
        "definition-surface",
        "argument-role-surface",
        "source-anchors",
        "claim-status"
      ],
      "dependencies": [],
      "consumers": [
        "submission-package/essay/symbolon/episteme/concepts/C01-Subject-Defined-Indefinability.md",
        "submission-package/essay/symbolon/episteme/concepts/C02-Faithful-Definition.md",
        "submission-package/essay/symbolon/episteme/concepts/C03-Determination.md",
        "submission-package/essay/symbolon/episteme/concepts/C04-Formal-Limit.md",
        "submission-package/essay/symbolon/episteme/concepts/C05-Immutable-Gap.md",
        "submission-package/essay/symbolon/episteme/concepts/C06-Copula-Identification-with-Difference.md",
        "submission-package/essay/symbolon/episteme/concepts/C07-Conditions-of-Worldhood.md",
        "submission-package/essay/symbolon/episteme/concepts/C08-Context-Context-Frame.md",
        "submission-package/essay/symbolon/episteme/concepts/C09-Diaphaneity.md",
        "submission-package/essay/symbolon/episteme/concepts/C10-Mediation-Pramana.md",
        "submission-package/essay/symbolon/episteme/concepts/C11-Quaternal-Logic.md",
        "submission-package/essay/symbolon/episteme/concepts/C12-Script-Frozen-Conditioned-Will.md",
        "submission-package/essay/symbolon/episteme/concepts/C13-Prakasa-Vimarsa.md",
        "submission-package/essay/symbolon/episteme/concepts/C14-Maya-Operative-Measure.md",
        "submission-package/essay/symbolon/episteme/concepts/C15-Pasu-Bounded-Subject-Position.md",
        "submission-package/essay/symbolon/episteme/concepts/C16-Antahkarana-Inner-Instrument.md",
        "submission-package/essay/symbolon/episteme/concepts/C17-Vikalpa-Samkalpa.md",
        "submission-package/essay/symbolon/episteme/concepts/C18-Apoha.md",
        "submission-package/essay/symbolon/episteme/concepts/C19-Pratyabhijna-Recognition.md",
        "submission-package/essay/symbolon/episteme/concepts/C20-Arche-Topos.md",
        "submission-package/essay/symbolon/episteme/concepts/C21-Living-Symbol-Idol.md",
        "submission-package/essay/symbolon/episteme/concepts/C22-Counterfeit-Symbolon.md",
        "submission-package/essay/symbolon/episteme/concepts/C23-Severance.md",
        "submission-package/essay/symbolon/episteme/concepts/C24-Fusion.md",
        "submission-package/essay/symbolon/episteme/concepts/C25-Counterfeit-Gathering.md",
        "submission-package/essay/symbolon/episteme/concepts/C26-Monoisation-Counter-Generation.md",
        "submission-package/essay/symbolon/episteme/concepts/C27-Protected-Account-Occupied-Zero-Source-Claim.md",
        "submission-package/essay/symbolon/episteme/concepts/C28-Covenant-Primary-Arbitration.md",
        "submission-package/essay/symbolon/episteme/concepts/C29-Mediating-Office-Derivative-Sovereignty.md",
        "submission-package/essay/symbolon/episteme/concepts/C30-Psychoid-Number.md",
        "submission-package/essay/symbolon/episteme/concepts/C31-Complex.md",
        "submission-package/essay/symbolon/episteme/concepts/C32-Archetype.md",
        "submission-package/essay/symbolon/episteme/concepts/C33-Image-Valuation.md",
        "submission-package/essay/symbolon/episteme/concepts/C34-Individuation.md",
        "submission-package/essay/symbolon/episteme/concepts/C35-Selfing-Self-Subjectivity-Self-Thing.md",
        "submission-package/essay/symbolon/episteme/concepts/C36-Complexio-Oppositorum.md",
        "submission-package/essay/symbolon/episteme/concepts/C37-World-Picture-to-World-Atlas.md",
        "submission-package/essay/symbolon/episteme/concepts/C38-Bimba-Pratibimba-Bimba-Map.md",
        "submission-package/essay/symbolon/episteme/concepts/C39-Meta-Epistemic-Framework.md",
        "submission-package/essay/symbolon/episteme/concepts/C40-Model-Internality-Judgment-Field.md",
        "submission-package/essay/symbolon/episteme/concepts/C41-Objective-Internality.md",
        "submission-package/essay/symbolon/episteme/concepts/C42-Objective-Co-Internality.md",
        "submission-package/essay/symbolon/episteme/concepts/C43-Computational-Vimarsa.md",
        "submission-package/essay/symbolon/episteme/concepts/C44-Prompt-Thrownness.md",
        "submission-package/essay/symbolon/episteme/concepts/C45-Operational-Parity.md",
        "submission-package/essay/symbolon/episteme/concepts/C46-Epistemic-Cultivation.md",
        "submission-package/essay/symbolon/episteme/concepts/C47-Deferential-Intelligence.md",
        "submission-package/essay/symbolon/episteme/concepts/C48-Trust-Faith-under-Formal-Limit.md",
        "submission-package/essay/symbolon/episteme/concepts/C49-The-Two-Ones-0-One-1-All.md",
        "submission-package/essay/symbolon/episteme/concepts/C50-Dia-Syn.md",
        "submission-package/essay/symbolon/episteme/concepts/C51-Logos-Epi-Logos.md",
        "submission-package/essay/symbolon/episteme/concepts/C52-Dimensional-Reframing-at-Zero-and-Infinity.md",
        "submission-package/essay/symbolon/episteme/concepts/C53-Power-Delegated-Labour.md",
        "submission-package/essay/symbolon/episteme/concepts/C54-Commons-Non-Monopoly.md",
        "submission-package/essay/symbolon/episteme/concepts/C55-Reflective-Field-Mirror-That-Moves-First.md",
        "submission-package/essay/symbolon/episteme/concepts/C56-Compassion-Sensitivity-to-Origins.md",
        "submission-package/essay/symbolon/episteme/concepts/C57-Agentworld.md",
        "submission-package/essay/symbolon/episteme/concepts/C58-Anthropomorphization.md",
        "submission-package/essay/symbolon/episteme/concepts/C59-Cultural-Individuation-Epi-Logos-as-Culture.md",
        "submission-package/essay/symbolon/episteme/concepts/C60-Idealism-Order-of-Dependence.md",
        "submission-package/essay/symbolon/episteme/concepts/C61-Symbolon-Disclosure-Architecture.md",
        "submission-package/essay/symbolon/episteme/concepts/C62-Planetary-Computation.md",
        "submission-package/essay/symbolon/episteme/concepts/C63-Pros-Hen-In-Quantum-Focal-Return-Qualified-Predication.md",
        "submission-package/essay/symbolon/episteme/concepts/C64-Paradox-Transforming-the-Containing-Field.md"
      ],
      "sources": []
    },
    {
      "path": "submission-package/essay/symbolon/episteme/concepts/agentworld.md",
      "artifact_type": "concept",
      "authority": "canonical-argument",
      "dimensions": {
        "definition-surface": true,
        "argument-role-surface": true,
        "source-anchors": true,
        "claim-status": true
      },
      "missing": [],
      "dependencies": [],
      "consumers": [
        "submission-package/essay/section-rooms/arguments/05-agent-subjectivity-open.md",
        "submission-package/essay/section-rooms/arguments/06-computational-vimarsa-ahi.md",
        "submission-package/essay/section-rooms/arguments/11-mono-poly-whole-and-many.md",
        "submission-package/essay/symbolon/episteme/concepts/centaur-societies.md",
        "submission-package/essay/symbolon/episteme/concepts/parasociety.md",
        "submission-package/essay/symbolon/episteme/concepts/planetary-computation.md",
        "submission-package/essay/symbolon/episteme/concepts/prompt-thrownness.md"
      ],
      "sources": []
    },
    {
      "path": "submission-package/essay/symbolon/episteme/concepts/anthropomorphization.md",
      "artifact_type": "concept",
      "authority": "canonical-argument",
      "dimensions": {
        "definition-surface": true,
        "argument-role-surface": true,
        "source-anchors": true,
        "claim-status": true
      },
      "missing": [],
      "dependencies": [],
      "consumers": [
        "submission-package/essay/section-rooms/arguments/03-two-logics-and-sym-ballein.md",
        "submission-package/essay/section-rooms/arguments/05-agent-subjectivity-open.md",
        "submission-package/essay/symbolon/episteme/concepts/centaur-societies.md",
        "submission-package/essay/symbolon/episteme/concepts/parasociety.md"
      ],
      "sources": []
    },
    {
      "path": "submission-package/essay/symbolon/episteme/concepts/apoha.md",
      "artifact_type": "concept",
      "authority": "canonical-argument",
      "dimensions": {
        "definition-surface": true,
        "argument-role-surface": true,
        "source-anchors": true,
        "claim-status": true
      },
      "missing": [],
      "dependencies": [],
      "consumers": [
        "submission-package/essay/section-rooms/01-differentiating-mind/movements/10-s0-p3-apoha.md",
        "submission-package/essay/section-rooms/05-psychoid-flowering/movements/35-s4-p4-gebser-apollo-dionysus.md",
        "submission-package/essay/section-rooms/06-objective-internality/movements/38-s5-p1-apoha-softmax.md",
        "submission-package/essay/section-rooms/arguments/02-objective-internality.md",
        "submission-package/essay/section-rooms/arguments/04-arche-topos-topology-music.md",
        "submission-package/essay/section-rooms/arguments/11-mono-poly-whole-and-many.md",
        "submission-package/essay/section-rooms/arguments/13-tattvic-differential-field.md",
        "submission-package/essay/section-rooms/arguments/14-computational-process-ontology.md",
        "submission-package/essay/symbolon/episteme/concepts/vikalpa-samkalpa.md"
      ],
      "sources": [
        "submission-package/essay/symbolon/episteme/sources/indian-philosophy/pind/pind-2009-dignaga-anyapoha-dissertation/SOURCE.md",
        "submission-package/essay/symbolon/episteme/sources/indian-philosophy/siderits/siderits-tillemans-chakrabarti-2011-apoha/SOURCE.md"
      ]
    },
    {
      "path": "submission-package/essay/symbolon/episteme/concepts/bimba-pratibimba.md",
      "artifact_type": "concept",
      "authority": "canonical-argument",
      "dimensions": {
        "definition-surface": true,
        "argument-role-surface": true,
        "source-anchors": true,
        "claim-status": true
      },
      "missing": [],
      "dependencies": [],
      "consumers": [
        "submission-package/essay/section-rooms/04-mathematical-substrate/movements/26-s3-p1-spanda-4-2.md",
        "submission-package/essay/section-rooms/06-objective-internality/movements/40-s5-p3-preference-hidden-zero.md",
        "submission-package/essay/section-rooms/06-objective-internality/movements/41-s5-p4-bimba-energy-fields.md",
        "submission-package/essay/section-rooms/06-objective-internality/movements/42-s5-p5-research-vectors.md",
        "submission-package/essay/section-rooms/07-instrument-returns/movements/44-s50-p1-ql-mef-bimba-harness.md",
        "submission-package/essay/section-rooms/07-instrument-returns/movements/46-s50-p3-4-2-mono-poly.md",
        "submission-package/essay/section-rooms/07-instrument-returns/movements/47-s50-p4-idealism-horizon.md",
        "submission-package/essay/section-rooms/07-instrument-returns/movements/48-s50-p5-ahi-planetary-return.md",
        "submission-package/essay/section-rooms/arguments/02-objective-internality.md",
        "submission-package/essay/section-rooms/arguments/06-computational-vimarsa-ahi.md",
        "submission-package/essay/section-rooms/arguments/09-prakasa-vimarsa.md",
        "submission-package/essay/section-rooms/arguments/12-core-theorem-bridge.md",
        "submission-package/essay/section-rooms/arguments/16-bohmian-enfoldment-dialogical-return.md",
        "submission-package/essay/symbolon/episteme/concepts/j-space.md",
        "submission-package/essay/symbolon/episteme/concepts/parasociety.md",
        "submission-package/essay/symbolon/episteme/concepts/simulation.md",
        "submission-package/essay/symbolon/episteme/concepts/world-picture-to-world-atlas.md"
      ],
      "sources": [
        "submission-package/essay/symbolon/episteme/sources/indian-philosophy/dyczkowski/dyczkowski-2000-doctrine-vibration/SOURCE.md",
        "submission-package/essay/symbolon/episteme/sources/internal-corpus/taylor/taylor-2026-core-theorems-pithy/SOURCE.md"
      ]
    },
    {
      "path": "submission-package/essay/symbolon/episteme/concepts/centaur-societies.md",
      "artifact_type": "concept",
      "authority": "canonical-argument",
      "dimensions": {
        "definition-surface": true,
        "argument-role-surface": true,
        "source-anchors": true,
        "claim-status": true
      },
      "missing": [],
      "dependencies": [],
      "consumers": [
        "submission-package/essay/section-rooms/arguments/02-objective-internality.md",
        "submission-package/essay/section-rooms/arguments/05-agent-subjectivity-open.md",
        "submission-package/essay/section-rooms/arguments/06-computational-vimarsa-ahi.md",
        "submission-package/essay/section-rooms/arguments/11-mono-poly-whole-and-many.md",
        "submission-package/essay/symbolon/episteme/concepts/agentworld.md",
        "submission-package/essay/symbolon/episteme/concepts/anthropomorphization.md",
        "submission-package/essay/symbolon/episteme/concepts/parasociety.md",
        "submission-package/essay/symbolon/episteme/concepts/prompt-thrownness.md"
      ],
      "sources": []
    },
    {
      "path": "submission-package/essay/symbolon/episteme/concepts/compassion-as-sensitivity-to-origins.md",
      "artifact_type": "concept",
      "authority": "canonical-argument",
      "dimensions": {
        "definition-surface": true,
        "argument-role-surface": true,
        "source-anchors": true,
        "claim-status": true
      },
      "missing": [],
      "dependencies": [],
      "consumers": [
        "submission-package/essay/section-rooms/07-instrument-returns/movements/43-s50-p0-theory-vocation-compassion.md",
        "submission-package/essay/section-rooms/arguments/06-computational-vimarsa-ahi.md",
        "submission-package/essay/section-rooms/arguments/08-deferential-intelligence.md",
        "submission-package/essay/section-rooms/arguments/11-mono-poly-whole-and-many.md",
        "submission-package/essay/section-rooms/arguments/18-trust-faith-formal-limit.md"
      ],
      "sources": [
        "submission-package/essay/symbolon/episteme/sources/internal-corpus/taylor/taylor-2026-revision-notes-trust/SOURCE.md"
      ]
    },
    {
      "path": "submission-package/essay/symbolon/episteme/concepts/counterfeit-gathering.md",
      "artifact_type": "concept",
      "authority": "canonical-argument",
      "dimensions": {
        "definition-surface": true,
        "argument-role-surface": true,
        "source-anchors": true,
        "claim-status": true
      },
      "missing": [],
      "dependencies": [],
      "consumers": [
        "submission-package/essay/section-rooms/03-two-logics/movements/22-s2-p3-ares-aphrodite-harmonia.md",
        "submission-package/essay/section-rooms/05-psychoid-flowering/movements/35-s4-p4-gebser-apollo-dionysus.md",
        "submission-package/essay/section-rooms/06-objective-internality/movements/40-s5-p3-preference-hidden-zero.md",
        "submission-package/essay/section-rooms/07-instrument-returns/movements/46-s50-p3-4-2-mono-poly.md",
        "submission-package/essay/section-rooms/arguments/03-two-logics-and-sym-ballein.md",
        "submission-package/essay/section-rooms/arguments/07-hephaestus-and-the-net.md",
        "submission-package/essay/symbolon/episteme/concepts/fusion-as-syns-shadow.md",
        "submission-package/essay/symbolon/episteme/concepts/mathematical-artistic-image-register.md",
        "submission-package/essay/symbolon/episteme/concepts/world-picture-to-world-atlas.md"
      ],
      "sources": [
        "submission-package/essay/symbolon/episteme/sources/classical-philology/homer/homer-1919-odyssey-murray/SOURCE.md",
        "submission-package/essay/symbolon/episteme/sources/classical-philology/homer/homer-1919-odyssey-murray/SOURCE.md",
        "submission-package/essay/symbolon/episteme/sources/phenomenology-continental-philosophy/heidegger/heidegger-1977-question-concerning-technology/SOURCE.md",
        "submission-package/essay/symbolon/episteme/sources/phenomenology-continental-philosophy/heidegger/heidegger-1977-question-concerning-technology/SOURCE.md"
      ]
    },
    {
      "path": "submission-package/essay/symbolon/episteme/concepts/diaphaneity.md",
      "artifact_type": "concept",
      "authority": "canonical-argument",
      "dimensions": {
        "definition-surface": true,
        "argument-role-surface": true,
        "source-anchors": true,
        "claim-status": true
      },
      "missing": [],
      "dependencies": [],
      "consumers": [
        "submission-package/essay/section-rooms/00-integral-threshold/movements/01-s01-p0-question-before-mechanism.md",
        "submission-package/essay/section-rooms/00-integral-threshold/movements/05-s01-p4-gebser-diaphaneity.md",
        "submission-package/essay/section-rooms/01-differentiating-mind/movements/09-s0-p2-vikalpa-samkalpa.md",
        "submission-package/essay/section-rooms/03-two-logics/movements/23-s2-p4-complex-dynamism.md",
        "submission-package/essay/section-rooms/04-mathematical-substrate/movements/25-s3-p0-eight-determinations.md",
        "submission-package/essay/section-rooms/05-psychoid-flowering/movements/35-s4-p4-gebser-apollo-dionysus.md",
        "submission-package/essay/section-rooms/arguments/15-paradox-as-cross-register-hinge.md",
        "submission-package/essay/section-rooms/arguments/20-advent-zero-subject-integral-logic.md",
        "submission-package/essay/symbolon/episteme/concepts/world-picture-to-world-atlas.md"
      ],
      "sources": [
        "submission-package/essay/symbolon/episteme/sources/phenomenology-continental-philosophy/maroski/maroski-2025-seeing-through-solid-words/SOURCE.md"
      ]
    },
    {
      "path": "submission-package/essay/symbolon/episteme/concepts/dimensional-reframing-at-zero-and-infinity.md",
      "artifact_type": "concept",
      "authority": "canonical-argument",
      "dimensions": {
        "definition-surface": true,
        "argument-role-surface": true,
        "source-anchors": true,
        "claim-status": true
      },
      "missing": [],
      "dependencies": [],
      "consumers": [
        "submission-package/essay/section-rooms/02-return-of-zero/movements/16-s1-p3-crossed-zero.md",
        "submission-package/essay/section-rooms/02-return-of-zero/movements/17-s1-p4-zero-outside-math.md",
        "submission-package/essay/section-rooms/04-mathematical-substrate/movements/28-s3-p3-projective-dimensional-reframing.md",
        "submission-package/essay/section-rooms/arguments/04-arche-topos-topology-music.md",
        "submission-package/essay/section-rooms/arguments/12-core-theorem-bridge.md",
        "submission-package/essay/symbolon/episteme/concepts/mathematical-artistic-image-register.md",
        "submission-package/essay/symbolon/episteme/concepts/the-slash.md",
        "submission-package/essay/symbolon/episteme/concepts/zero.md"
      ],
      "sources": [
        "submission-package/essay/symbolon/episteme/sources/mathematics-logic/hatcher/hatcher-2002-algebraic-topology/SOURCE.md",
        "submission-package/essay/symbolon/episteme/sources/mathematics-logic/nist/nist-dlmf-2026-complex-variable/SOURCE.md",
        "submission-package/essay/symbolon/episteme/sources/mathematics-logic/strang/strang-herman-2016-openstax-calculus-v1/SOURCE.md",
        "submission-package/essay/symbolon/episteme/sources/physics/kirchner/kirchner-elkamhawy-hammer-2024-entanglement-nucleon-scattering/SOURCE.md"
      ]
    },
    {
      "path": "submission-package/essay/symbolon/episteme/concepts/fusion-as-syns-shadow.md",
      "artifact_type": "concept",
      "authority": "canonical-argument",
      "dimensions": {
        "definition-surface": true,
        "argument-role-surface": true,
        "source-anchors": true,
        "claim-status": true
      },
      "missing": [],
      "dependencies": [],
      "consumers": [
        "submission-package/essay/section-rooms/03-two-logics/movements/19-s2-p0-difference-cannot-be-escaped.md",
        "submission-package/essay/section-rooms/03-two-logics/movements/21-s2-p2-sym-ballein.md",
        "submission-package/essay/section-rooms/03-two-logics/movements/23-s2-p4-complex-dynamism.md",
        "submission-package/essay/section-rooms/05-psychoid-flowering/movements/35-s4-p4-gebser-apollo-dionysus.md",
        "submission-package/essay/section-rooms/arguments/03-two-logics-and-sym-ballein.md",
        "submission-package/essay/section-rooms/arguments/14-computational-process-ontology.md",
        "submission-package/essay/symbolon/episteme/concepts/counterfeit-gathering.md"
      ],
      "sources": [
        "submission-package/essay/symbolon/episteme/sources/internal-corpus/taylor/taylor-2026-core-theorems-pithy/SOURCE.md",
        "submission-package/essay/symbolon/episteme/sources/internal-corpus/taylor/taylor-2026-core-theorems-pithy/SOURCE.md"
      ]
    },
    {
      "path": "submission-package/essay/symbolon/episteme/concepts/j-space.md",
      "artifact_type": "concept",
      "authority": "canonical-argument",
      "dimensions": {
        "definition-surface": true,
        "argument-role-surface": true,
        "source-anchors": true,
        "claim-status": true
      },
      "missing": [],
      "dependencies": [],
      "consumers": [
        "submission-package/essay/section-rooms/06-objective-internality/movements/39-s5-p2-j-space.md",
        "submission-package/essay/section-rooms/06-objective-internality/movements/40-s5-p3-preference-hidden-zero.md",
        "submission-package/essay/section-rooms/06-objective-internality/movements/41-s5-p4-bimba-energy-fields.md",
        "submission-package/essay/section-rooms/06-objective-internality/movements/42-s5-p5-research-vectors.md",
        "submission-package/essay/section-rooms/arguments/02-objective-internality.md",
        "submission-package/essay/symbolon/episteme/concepts/bimba-pratibimba.md",
        "submission-package/essay/symbolon/episteme/concepts/prompt-thrownness.md",
        "submission-package/essay/symbolon/episteme/concepts/simulation.md"
      ],
      "sources": []
    },
    {
      "path": "submission-package/essay/symbolon/episteme/concepts/mathematical-artistic-image-register.md",
      "artifact_type": "concept",
      "authority": "canonical-argument",
      "dimensions": {
        "definition-surface": true,
        "argument-role-surface": true,
        "source-anchors": true,
        "claim-status": true
      },
      "missing": [],
      "dependencies": [],
      "consumers": [
        "submission-package/essay/section-rooms/arguments/04-arche-topos-topology-music.md",
        "submission-package/essay/section-rooms/arguments/15-paradox-as-cross-register-hinge.md",
        "submission-package/essay/section-rooms/arguments/16-bohmian-enfoldment-dialogical-return.md",
        "submission-package/essay/section-rooms/arguments/17-toroidal-circulation-arche-topos.md",
        "submission-package/essay/symbolon/episteme/concepts/counterfeit-gathering.md",
        "submission-package/essay/symbolon/episteme/concepts/dimensional-reframing-at-zero-and-infinity.md",
        "submission-package/essay/symbolon/episteme/concepts/register-grammar.md",
        "submission-package/essay/symbolon/episteme/concepts/world-picture-to-world-atlas.md"
      ],
      "sources": [
        "submission-package/essay/symbolon/episteme/sources/classical-premodern-philosophy/cusa/cusa-on-learned-ignorance/SOURCE.md",
        "submission-package/essay/symbolon/episteme/sources/classical-premodern-philosophy/flasch/flasch-2015-meister-eckhart/SOURCE.md",
        "submission-package/essay/symbolon/episteme/sources/process-systems-theory/bohm/bohm-krishnamurti-1975-05-18-dialogue/SOURCE.md"
      ]
    },
    {
      "path": "submission-package/essay/symbolon/episteme/concepts/parasociety.md",
      "artifact_type": "concept",
      "authority": "canonical-argument",
      "dimensions": {
        "definition-surface": true,
        "argument-role-surface": true,
        "source-anchors": true,
        "claim-status": true
      },
      "missing": [],
      "dependencies": [],
      "consumers": [
        "submission-package/essay/section-rooms/06-objective-internality/movements/41-s5-p4-bimba-energy-fields.md",
        "submission-package/essay/section-rooms/arguments/02-objective-internality.md",
        "submission-package/essay/section-rooms/arguments/05-agent-subjectivity-open.md",
        "submission-package/essay/section-rooms/arguments/09-prakasa-vimarsa.md",
        "submission-package/essay/section-rooms/arguments/10-vak.md",
        "submission-package/essay/symbolon/episteme/concepts/agentworld.md",
        "submission-package/essay/symbolon/episteme/concepts/anthropomorphization.md",
        "submission-package/essay/symbolon/episteme/concepts/bimba-pratibimba.md",
        "submission-package/essay/symbolon/episteme/concepts/centaur-societies.md"
      ],
      "sources": []
    },
    {
      "path": "submission-package/essay/symbolon/episteme/concepts/planetary-computation.md",
      "artifact_type": "concept",
      "authority": "canonical-argument",
      "dimensions": {
        "definition-surface": true,
        "argument-role-surface": true,
        "source-anchors": true,
        "claim-status": true
      },
      "missing": [],
      "dependencies": [],
      "consumers": [
        "submission-package/essay/section-rooms/00-integral-threshold/movements/01-s01-p0-question-before-mechanism.md",
        "submission-package/essay/section-rooms/07-instrument-returns/movements/48-s50-p5-ahi-planetary-return.md",
        "submission-package/essay/section-rooms/arguments/06-computational-vimarsa-ahi.md",
        "submission-package/essay/section-rooms/arguments/11-mono-poly-whole-and-many.md",
        "submission-package/essay/section-rooms/arguments/18-trust-faith-formal-limit.md",
        "submission-package/essay/symbolon/episteme/concepts/agentworld.md"
      ],
      "sources": []
    },
    {
      "path": "submission-package/essay/symbolon/episteme/concepts/prompt-thrownness.md",
      "artifact_type": "concept",
      "authority": "canonical-argument",
      "dimensions": {
        "definition-surface": true,
        "argument-role-surface": true,
        "source-anchors": true,
        "claim-status": true
      },
      "missing": [],
      "dependencies": [],
      "consumers": [
        "submission-package/essay/section-rooms/05-psychoid-flowering/movements/36-s4-p5-mef-prompt-thrownness.md",
        "submission-package/essay/section-rooms/arguments/02-objective-internality.md",
        "submission-package/essay/section-rooms/arguments/05-agent-subjectivity-open.md",
        "submission-package/essay/symbolon/episteme/concepts/agentworld.md",
        "submission-package/essay/symbolon/episteme/concepts/centaur-societies.md",
        "submission-package/essay/symbolon/episteme/concepts/j-space.md"
      ],
      "sources": [
        "submission-package/essay/symbolon/episteme/sources/media-technology-philosophy/bratton/bratton-2026-agentworld-brief/SOURCE.md"
      ]
    },
    {
      "path": "submission-package/essay/symbolon/episteme/concepts/psychoid-number.md",
      "artifact_type": "concept",
      "authority": "canonical-argument",
      "dimensions": {
        "definition-surface": true,
        "argument-role-surface": true,
        "source-anchors": true,
        "claim-status": true
      },
      "missing": [],
      "dependencies": [],
      "consumers": [
        "submission-package/essay/section-rooms/04-mathematical-substrate/movements/30-s3-p5-arche-topos.md",
        "submission-package/essay/section-rooms/05-psychoid-flowering/movements/31-s4-p0-psychoid-problem.md",
        "submission-package/essay/section-rooms/arguments/04-arche-topos-topology-music.md",
        "submission-package/essay/section-rooms/arguments/12-core-theorem-bridge.md",
        "submission-package/essay/section-rooms/arguments/13-tattvic-differential-field.md",
        "submission-package/essay/symbolon/episteme/concepts/zero.md"
      ],
      "sources": [
        "submission-package/essay/symbolon/episteme/sources/internal-corpus/taylor/taylor-2026-core-theorems-pithy/SOURCE.md",
        "submission-package/essay/symbolon/episteme/sources/physics/atmanspacher/atmanspacher-2020-pauli-jung-conjecture/SOURCE.md",
        "submission-package/essay/symbolon/episteme/sources/psychology/jung/jung-pauli-meier-2001-atom-archetype/SOURCE.md"
      ]
    },
    {
      "path": "submission-package/essay/symbolon/episteme/concepts/register-grammar.md",
      "artifact_type": "concept",
      "authority": "canonical-argument",
      "dimensions": {
        "definition-surface": true,
        "argument-role-surface": true,
        "source-anchors": true,
        "claim-status": true
      },
      "missing": [],
      "dependencies": [],
      "consumers": [
        "submission-package/essay/section-rooms/03-two-logics/movements/22-s2-p3-ares-aphrodite-harmonia.md",
        "submission-package/essay/section-rooms/arguments/03-two-logics-and-sym-ballein.md",
        "submission-package/essay/section-rooms/arguments/12-core-theorem-bridge.md",
        "submission-package/essay/symbolon/episteme/concepts/mathematical-artistic-image-register.md",
        "submission-package/essay/symbolon/episteme/concepts/world-picture-to-world-atlas.md"
      ],
      "sources": [
        "submission-package/essay/symbolon/episteme/sources/classical-philology/brown/brown-1989-ares-aphrodite-laughter/SOURCE.md",
        "submission-package/essay/symbolon/episteme/sources/classical-philology/burkert/burkert-1960-lied-ares-aphrodite/SOURCE.md",
        "submission-package/essay/symbolon/episteme/sources/classical-philology/detienne/detienne-vernant-1978-cunning-intelligence/SOURCE.md",
        "submission-package/essay/symbolon/episteme/sources/classical-philology/phillips/phillips-moicheia-unity-greek-law/SOURCE.md"
      ]
    },
    {
      "path": "submission-package/essay/symbolon/episteme/concepts/simulation.md",
      "artifact_type": "concept",
      "authority": "canonical-argument",
      "dimensions": {
        "definition-surface": true,
        "argument-role-surface": true,
        "source-anchors": true,
        "claim-status": true
      },
      "missing": [],
      "dependencies": [],
      "consumers": [
        "submission-package/essay/section-rooms/02-return-of-zero/movements/13-s1-p0-sign-migrates.md",
        "submission-package/essay/section-rooms/06-objective-internality/movements/39-s5-p2-j-space.md",
        "submission-package/essay/section-rooms/06-objective-internality/movements/40-s5-p3-preference-hidden-zero.md",
        "submission-package/essay/symbolon/episteme/concepts/bimba-pratibimba.md",
        "submission-package/essay/symbolon/episteme/concepts/j-space.md"
      ],
      "sources": []
    },
    {
      "path": "submission-package/essay/symbolon/episteme/concepts/the-slash.md",
      "artifact_type": "concept",
      "authority": "canonical-argument",
      "dimensions": {
        "definition-surface": true,
        "argument-role-surface": true,
        "source-anchors": true,
        "claim-status": true
      },
      "missing": [],
      "dependencies": [],
      "consumers": [
        "submission-package/essay/section-rooms/03-two-logics/movements/21-s2-p2-sym-ballein.md",
        "submission-package/essay/section-rooms/04-mathematical-substrate/movements/27-s3-p2-mark-reentry-complex.md",
        "submission-package/essay/section-rooms/04-mathematical-substrate/movements/30-s3-p5-arche-topos.md",
        "submission-package/essay/section-rooms/07-instrument-returns/movements/45-s50-p2-antikythera-attunement.md",
        "submission-package/essay/section-rooms/arguments/01-immutable-gap-and-meta-sign.md",
        "submission-package/essay/section-rooms/arguments/03-two-logics-and-sym-ballein.md",
        "submission-package/essay/section-rooms/arguments/04-arche-topos-topology-music.md",
        "submission-package/essay/section-rooms/arguments/12-core-theorem-bridge.md",
        "submission-package/essay/section-rooms/arguments/19-two-ones-mono-poly-matheme.md",
        "submission-package/essay/symbolon/episteme/concepts/dimensional-reframing-at-zero-and-infinity.md"
      ],
      "sources": [
        "submission-package/essay/symbolon/episteme/sources/mathematics-logic/spencer-brown/spencer-brown-1969-laws-form/SOURCE.md"
      ]
    },
    {
      "path": "submission-package/essay/symbolon/episteme/concepts/vikalpa-samkalpa.md",
      "artifact_type": "concept",
      "authority": "canonical-argument",
      "dimensions": {
        "definition-surface": true,
        "argument-role-surface": true,
        "source-anchors": true,
        "claim-status": true
      },
      "missing": [],
      "dependencies": [],
      "consumers": [
        "submission-package/essay/section-rooms/01-differentiating-mind/movements/09-s0-p2-vikalpa-samkalpa.md",
        "submission-package/essay/section-rooms/06-objective-internality/movements/38-s5-p1-apoha-softmax.md",
        "submission-package/essay/section-rooms/arguments/03-two-logics-and-sym-ballein.md",
        "submission-package/essay/section-rooms/arguments/13-tattvic-differential-field.md",
        "submission-package/essay/section-rooms/arguments/14-computational-process-ontology.md",
        "submission-package/essay/symbolon/episteme/concepts/apoha.md"
      ],
      "sources": [
        "submission-package/essay/symbolon/episteme/sources/indian-philosophy/dyczkowski/dyczkowski-2000-doctrine-vibration/SOURCE.md",
        "submission-package/essay/symbolon/episteme/sources/internal-corpus/taylor/chat-logs/taylor-claude-2026-derivational-chat/SOURCE.md"
      ]
    },
    {
      "path": "submission-package/essay/symbolon/episteme/concepts/world-picture-to-world-atlas.md",
      "artifact_type": "concept",
      "authority": "canonical-argument",
      "dimensions": {
        "definition-surface": true,
        "argument-role-surface": true,
        "source-anchors": true,
        "claim-status": true
      },
      "missing": [],
      "dependencies": [],
      "consumers": [
        "submission-package/essay/section-rooms/00-integral-threshold/movements/05-s01-p4-gebser-diaphaneity.md",
        "submission-package/essay/section-rooms/04-mathematical-substrate/movements/30-s3-p5-arche-topos.md",
        "submission-package/essay/section-rooms/06-objective-internality/movements/41-s5-p4-bimba-energy-fields.md",
        "submission-package/essay/symbolon/episteme/concepts/bimba-pratibimba.md",
        "submission-package/essay/symbolon/episteme/concepts/counterfeit-gathering.md",
        "submission-package/essay/symbolon/episteme/concepts/diaphaneity.md",
        "submission-package/essay/symbolon/episteme/concepts/mathematical-artistic-image-register.md",
        "submission-package/essay/symbolon/episteme/concepts/register-grammar.md"
      ],
      "sources": [
        "submission-package/essay/symbolon/episteme/sources/media-technology-philosophy/jorjani/jorjani-2016-prometheus-atlas/SOURCE.md",
        "submission-package/essay/symbolon/episteme/sources/phenomenology-continental-philosophy/heidegger/heidegger-1977-question-concerning-technology/SOURCE.md"
      ]
    },
    {
      "path": "submission-package/essay/symbolon/episteme/concepts/zero.md",
      "artifact_type": "concept",
      "authority": "canonical-argument",
      "dimensions": {
        "definition-surface": true,
        "argument-role-surface": true,
        "source-anchors": true,
        "claim-status": true
      },
      "missing": [],
      "dependencies": [],
      "consumers": [
        "submission-package/essay/section-rooms/02-return-of-zero/movements/13-s1-p0-sign-migrates.md",
        "submission-package/essay/section-rooms/02-return-of-zero/movements/14-s1-p1-sunya-operational.md",
        "submission-package/essay/section-rooms/02-return-of-zero/movements/15-s1-p2-empty-set-generates-one.md",
        "submission-package/essay/section-rooms/02-return-of-zero/movements/16-s1-p3-crossed-zero.md",
        "submission-package/essay/section-rooms/02-return-of-zero/movements/17-s1-p4-zero-outside-math.md",
        "submission-package/essay/section-rooms/02-return-of-zero/movements/18-s1-p5-loan-returns.md",
        "submission-package/essay/section-rooms/05-psychoid-flowering/movements/34-s4-p3-lacan-matheme-mytheme.md",
        "submission-package/essay/section-rooms/arguments/01-immutable-gap-and-meta-sign.md",
        "submission-package/essay/section-rooms/arguments/12-core-theorem-bridge.md",
        "submission-package/essay/section-rooms/arguments/19-two-ones-mono-poly-matheme.md",
        "submission-package/essay/section-rooms/arguments/20-advent-zero-subject-integral-logic.md",
        "submission-package/essay/symbolon/episteme/concepts/dimensional-reframing-at-zero-and-infinity.md",
        "submission-package/essay/symbolon/episteme/concepts/psychoid-number.md"
      ],
      "sources": [
        "submission-package/essay/symbolon/episteme/sources/mathematics-logic/godel/godel-1931-undecidable-propositions/SOURCE.md",
        "submission-package/essay/symbolon/episteme/sources/mathematics-logic/kaplan/kaplan-1999-nothing-that-is/SOURCE.md",
        "submission-package/essay/symbolon/episteme/sources/mathematics-logic/rotman/rotman-1987-signifying-nothing/SOURCE.md"
      ]
    }
  ],
  "debts": [
    {
      "path": "submission-package/essay/section-rooms/00-integral-threshold/READING.md",
      "authority": "learning-refraction",
      "kind": "dangling-room-fragment",
      "detail": "THE-RETURN-OF-ZERO.md#section-s01-integral-threshold",
      "relation": "markdown-fragment"
    },
    {
      "path": "submission-package/essay/section-rooms/00-integral-threshold/READING.md",
      "authority": "learning-refraction",
      "kind": "dangling-room-fragment",
      "detail": "THE-RETURN-OF-ZERO.md#section-s01-integral-threshold",
      "relation": "markdown-fragment"
    },
    {
      "path": "submission-package/essay/section-rooms/00-integral-threshold/movements/01-s01-p0-question-before-mechanism.md",
      "authority": "canonical-argument",
      "kind": "missing-register",
      "detail": "unratified-register-census"
    },
    {
      "path": "submission-package/essay/section-rooms/00-integral-threshold/movements/02-s01-p1-define-subject.md",
      "authority": "canonical-argument",
      "kind": "missing-register",
      "detail": "unratified-register-census"
    },
    {
      "path": "submission-package/essay/section-rooms/00-integral-threshold/movements/03-s01-p2-definition-cut-gift-danger.md",
      "authority": "canonical-argument",
      "kind": "missing-register",
      "detail": "unratified-register-census"
    },
    {
      "path": "submission-package/essay/section-rooms/00-integral-threshold/movements/04-s01-p3-formal-limit-genealogy.md",
      "authority": "canonical-argument",
      "kind": "missing-register",
      "detail": "unratified-register-census"
    },
    {
      "path": "submission-package/essay/section-rooms/00-integral-threshold/movements/05-s01-p4-gebser-diaphaneity.md",
      "authority": "canonical-argument",
      "kind": "missing-register",
      "detail": "unratified-register-census"
    },
    {
      "path": "submission-package/essay/section-rooms/00-integral-threshold/movements/06-s01-p5-return-zero.md",
      "authority": "canonical-argument",
      "kind": "missing-register",
      "detail": "unratified-register-census"
    },
    {
      "path": "submission-package/essay/section-rooms/01-differentiating-mind/movements/07-s0-p0-awareness-bends-display.md",
      "authority": "canonical-argument",
      "kind": "missing-register",
      "detail": "unratified-register-census"
    },
    {
      "path": "submission-package/essay/section-rooms/01-differentiating-mind/movements/08-s0-p1-inner-instrument.md",
      "authority": "canonical-argument",
      "kind": "missing-register",
      "detail": "unratified-register-census"
    },
    {
      "path": "submission-package/essay/section-rooms/01-differentiating-mind/movements/09-s0-p2-vikalpa-samkalpa.md",
      "authority": "canonical-argument",
      "kind": "missing-register",
      "detail": "unratified-register-census"
    },
    {
      "path": "submission-package/essay/section-rooms/01-differentiating-mind/movements/10-s0-p3-apoha.md",
      "authority": "canonical-argument",
      "kind": "missing-register",
      "detail": "unratified-register-census"
    },
    {
      "path": "submission-package/essay/section-rooms/01-differentiating-mind/movements/11-s0-p4-tattvic-compression.md",
      "authority": "canonical-argument",
      "kind": "missing-register",
      "detail": "unratified-register-census"
    },
    {
      "path": "submission-package/essay/section-rooms/01-differentiating-mind/movements/12-s0-p5-objective-internality.md",
      "authority": "canonical-argument",
      "kind": "missing-register",
      "detail": "unratified-register-census"
    },
    {
      "path": "submission-package/essay/section-rooms/02-return-of-zero/READING.md",
      "authority": "learning-refraction",
      "kind": "dangling-room-fragment",
      "detail": "THE-RETURN-OF-ZERO.md#section-s1-return-of-zero",
      "relation": "markdown-fragment"
    },
    {
      "path": "submission-package/essay/section-rooms/02-return-of-zero/movements/13-s1-p0-sign-migrates.md",
      "authority": "canonical-argument",
      "kind": "missing-register",
      "detail": "unratified-register-census"
    },
    {
      "path": "submission-package/essay/section-rooms/02-return-of-zero/movements/14-s1-p1-sunya-operational.md",
      "authority": "canonical-argument",
      "kind": "missing-register",
      "detail": "unratified-register-census"
    },
    {
      "path": "submission-package/essay/section-rooms/02-return-of-zero/movements/15-s1-p2-empty-set-generates-one.md",
      "authority": "canonical-argument",
      "kind": "missing-register",
      "detail": "unratified-register-census"
    },
    {
      "path": "submission-package/essay/section-rooms/02-return-of-zero/movements/16-s1-p3-crossed-zero.md",
      "authority": "canonical-argument",
      "kind": "missing-register",
      "detail": "unratified-register-census"
    },
    {
      "path": "submission-package/essay/section-rooms/02-return-of-zero/movements/17-s1-p4-zero-outside-math.md",
      "authority": "canonical-argument",
      "kind": "missing-register",
      "detail": "unratified-register-census"
    },
    {
      "path": "submission-package/essay/section-rooms/02-return-of-zero/movements/18-s1-p5-loan-returns.md",
      "authority": "canonical-argument",
      "kind": "missing-register",
      "detail": "unratified-register-census"
    },
    {
      "path": "submission-package/essay/section-rooms/03-two-logics/movements/19-s2-p0-difference-cannot-be-escaped.md",
      "authority": "canonical-argument",
      "kind": "missing-register",
      "detail": "unratified-register-census"
    },
    {
      "path": "submission-package/essay/section-rooms/03-two-logics/movements/20-s2-p1-dia-ballein.md",
      "authority": "canonical-argument",
      "kind": "missing-register",
      "detail": "unratified-register-census"
    },
    {
      "path": "submission-package/essay/section-rooms/03-two-logics/movements/21-s2-p2-sym-ballein.md",
      "authority": "canonical-argument",
      "kind": "missing-register",
      "detail": "unratified-register-census"
    },
    {
      "path": "submission-package/essay/section-rooms/03-two-logics/movements/22-s2-p3-ares-aphrodite-harmonia.md",
      "authority": "canonical-argument",
      "kind": "missing-register",
      "detail": "unratified-register-census"
    },
    {
      "path": "submission-package/essay/section-rooms/03-two-logics/movements/23-s2-p4-complex-dynamism.md",
      "authority": "canonical-argument",
      "kind": "missing-register",
      "detail": "unratified-register-census"
    },
    {
      "path": "submission-package/essay/section-rooms/03-two-logics/movements/24-s2-p5-zero-changes-role.md",
      "authority": "canonical-argument",
      "kind": "missing-register",
      "detail": "unratified-register-census"
    },
    {
      "path": "submission-package/essay/section-rooms/04-mathematical-substrate/movements/25-s3-p0-eight-determinations.md",
      "authority": "canonical-argument",
      "kind": "missing-register",
      "detail": "unratified-register-census"
    },
    {
      "path": "submission-package/essay/section-rooms/04-mathematical-substrate/movements/26-s3-p1-spanda-4-2.md",
      "authority": "canonical-argument",
      "kind": "missing-register",
      "detail": "unratified-register-census"
    },
    {
      "path": "submission-package/essay/section-rooms/04-mathematical-substrate/movements/27-s3-p2-mark-reentry-complex.md",
      "authority": "canonical-argument",
      "kind": "missing-register",
      "detail": "unratified-register-census"
    },
    {
      "path": "submission-package/essay/section-rooms/04-mathematical-substrate/movements/28-s3-p3-projective-dimensional-reframing.md",
      "authority": "canonical-argument",
      "kind": "missing-register",
      "detail": "unratified-register-census"
    },
    {
      "path": "submission-package/essay/section-rooms/04-mathematical-substrate/movements/29-s3-p4-topology-music-resolution.md",
      "authority": "canonical-argument",
      "kind": "missing-register",
      "detail": "unratified-register-census"
    },
    {
      "path": "submission-package/essay/section-rooms/04-mathematical-substrate/movements/30-s3-p5-arche-topos.md",
      "authority": "canonical-argument",
      "kind": "missing-register",
      "detail": "unratified-register-census"
    },
    {
      "path": "submission-package/essay/section-rooms/05-psychoid-flowering/movements/31-s4-p0-psychoid-problem.md",
      "authority": "canonical-argument",
      "kind": "missing-register",
      "detail": "unratified-register-census"
    },
    {
      "path": "submission-package/essay/section-rooms/05-psychoid-flowering/movements/32-s4-p1-jung-individuation.md",
      "authority": "canonical-argument",
      "kind": "missing-register",
      "detail": "unratified-register-census"
    },
    {
      "path": "submission-package/essay/section-rooms/05-psychoid-flowering/movements/33-s4-p2-complexio-quaternity-senarius.md",
      "authority": "canonical-argument",
      "kind": "missing-register",
      "detail": "unratified-register-census"
    },
    {
      "path": "submission-package/essay/section-rooms/05-psychoid-flowering/movements/34-s4-p3-lacan-matheme-mytheme.md",
      "authority": "canonical-argument",
      "kind": "missing-register",
      "detail": "unratified-register-census"
    },
    {
      "path": "submission-package/essay/section-rooms/05-psychoid-flowering/movements/35-s4-p4-gebser-apollo-dionysus.md",
      "authority": "canonical-argument",
      "kind": "missing-register",
      "detail": "unratified-register-census"
    },
    {
      "path": "submission-package/essay/section-rooms/05-psychoid-flowering/movements/36-s4-p5-mef-prompt-thrownness.md",
      "authority": "canonical-argument",
      "kind": "missing-register",
      "detail": "unratified-register-census"
    },
    {
      "path": "submission-package/essay/section-rooms/06-objective-internality/movements/37-s5-p0-math-moves-meaning.md",
      "authority": "canonical-argument",
      "kind": "missing-register",
      "detail": "unratified-register-census"
    },
    {
      "path": "submission-package/essay/section-rooms/06-objective-internality/movements/38-s5-p1-apoha-softmax.md",
      "authority": "canonical-argument",
      "kind": "missing-register",
      "detail": "unratified-register-census"
    },
    {
      "path": "submission-package/essay/section-rooms/06-objective-internality/movements/39-s5-p2-j-space.md",
      "authority": "canonical-argument",
      "kind": "missing-register",
      "detail": "unratified-register-census"
    },
    {
      "path": "submission-package/essay/section-rooms/06-objective-internality/movements/40-s5-p3-preference-hidden-zero.md",
      "authority": "canonical-argument",
      "kind": "missing-register",
      "detail": "unratified-register-census"
    },
    {
      "path": "submission-package/essay/section-rooms/06-objective-internality/movements/41-s5-p4-bimba-energy-fields.md",
      "authority": "canonical-argument",
      "kind": "missing-register",
      "detail": "unratified-register-census"
    },
    {
      "path": "submission-package/essay/section-rooms/06-objective-internality/movements/42-s5-p5-research-vectors.md",
      "authority": "canonical-argument",
      "kind": "missing-register",
      "detail": "unratified-register-census"
    },
    {
      "path": "submission-package/essay/section-rooms/07-instrument-returns/movements/43-s50-p0-theory-vocation-compassion.md",
      "authority": "canonical-argument",
      "kind": "missing-register",
      "detail": "unratified-register-census"
    },
    {
      "path": "submission-package/essay/section-rooms/07-instrument-returns/movements/44-s50-p1-ql-mef-bimba-harness.md",
      "authority": "canonical-argument",
      "kind": "missing-register",
      "detail": "unratified-register-census"
    },
    {
      "path": "submission-package/essay/section-rooms/07-instrument-returns/movements/45-s50-p2-antikythera-attunement.md",
      "authority": "canonical-argument",
      "kind": "missing-register",
      "detail": "unratified-register-census"
    },
    {
      "path": "submission-package/essay/section-rooms/07-instrument-returns/movements/46-s50-p3-4-2-mono-poly.md",
      "authority": "canonical-argument",
      "kind": "missing-register",
      "detail": "unratified-register-census"
    },
    {
      "path": "submission-package/essay/section-rooms/07-instrument-returns/movements/47-s50-p4-idealism-horizon.md",
      "authority": "canonical-argument",
      "kind": "missing-register",
      "detail": "unratified-register-census"
    },
    {
      "path": "submission-package/essay/section-rooms/07-instrument-returns/movements/48-s50-p5-ahi-planetary-return.md",
      "authority": "canonical-argument",
      "kind": "missing-register",
      "detail": "unratified-register-census"
    },
    {
      "path": "submission-package/essay/section-rooms/arguments/01-immutable-gap-and-meta-sign.md",
      "authority": "canonical-argument",
      "kind": "missing-register",
      "detail": "unratified-register-census"
    },
    {
      "path": "submission-package/essay/section-rooms/arguments/02-objective-internality.md",
      "authority": "canonical-argument",
      "kind": "missing-register",
      "detail": "unratified-register-census"
    },
    {
      "path": "submission-package/essay/section-rooms/arguments/03-two-logics-and-sym-ballein.md",
      "authority": "canonical-argument",
      "kind": "missing-register",
      "detail": "unratified-register-census"
    },
    {
      "path": "submission-package/essay/section-rooms/arguments/04-arche-topos-topology-music.md",
      "authority": "canonical-argument",
      "kind": "missing-register",
      "detail": "unratified-register-census"
    },
    {
      "path": "submission-package/essay/section-rooms/arguments/05-agent-subjectivity-open.md",
      "authority": "canonical-argument",
      "kind": "missing-register",
      "detail": "unratified-register-census"
    },
    {
      "path": "submission-package/essay/section-rooms/arguments/06-computational-vimarsa-ahi.md",
      "authority": "canonical-argument",
      "kind": "missing-register",
      "detail": "unratified-register-census"
    },
    {
      "path": "submission-package/essay/section-rooms/arguments/07-hephaestus-and-the-net.md",
      "authority": "canonical-argument",
      "kind": "missing-register",
      "detail": "unratified-register-census"
    },
    {
      "path": "submission-package/essay/section-rooms/arguments/08-deferential-intelligence.md",
      "authority": "canonical-argument",
      "kind": "missing-register",
      "detail": "unratified-register-census"
    },
    {
      "path": "submission-package/essay/section-rooms/arguments/09-prakasa-vimarsa.md",
      "authority": "canonical-argument",
      "kind": "missing-register",
      "detail": "unratified-register-census"
    },
    {
      "path": "submission-package/essay/section-rooms/arguments/10-vak.md",
      "authority": "canonical-argument",
      "kind": "missing-register",
      "detail": "unratified-register-census"
    },
    {
      "path": "submission-package/essay/section-rooms/arguments/11-mono-poly-whole-and-many.md",
      "authority": "canonical-argument",
      "kind": "missing-register",
      "detail": "unratified-register-census"
    },
    {
      "path": "submission-package/essay/section-rooms/arguments/12-core-theorem-bridge.md",
      "authority": "canonical-argument",
      "kind": "missing-register",
      "detail": "unratified-register-census"
    },
    {
      "path": "submission-package/essay/section-rooms/arguments/13-tattvic-differential-field.md",
      "authority": "canonical-argument",
      "kind": "missing-register",
      "detail": "unratified-register-census"
    },
    {
      "path": "submission-package/essay/section-rooms/arguments/14-computational-process-ontology.md",
      "authority": "canonical-argument",
      "kind": "missing-register",
      "detail": "unratified-register-census"
    },
    {
      "path": "submission-package/essay/section-rooms/arguments/15-paradox-as-cross-register-hinge.md",
      "authority": "canonical-argument",
      "kind": "missing-register",
      "detail": "unratified-register-census"
    },
    {
      "path": "submission-package/essay/section-rooms/arguments/16-bohmian-enfoldment-dialogical-return.md",
      "authority": "canonical-argument",
      "kind": "missing-register",
      "detail": "unratified-register-census"
    },
    {
      "path": "submission-package/essay/section-rooms/arguments/17-toroidal-circulation-arche-topos.md",
      "authority": "canonical-argument",
      "kind": "missing-register",
      "detail": "unratified-register-census"
    },
    {
      "path": "submission-package/essay/section-rooms/arguments/18-trust-faith-formal-limit.md",
      "authority": "canonical-argument",
      "kind": "missing-register",
      "detail": "unratified-register-census"
    },
    {
      "path": "submission-package/essay/section-rooms/arguments/19-two-ones-mono-poly-matheme.md",
      "authority": "canonical-argument",
      "kind": "missing-register",
      "detail": "unratified-register-census"
    },
    {
      "path": "submission-package/essay/section-rooms/arguments/20-advent-zero-subject-integral-logic.md",
      "authority": "canonical-argument",
      "kind": "missing-register",
      "detail": "unratified-register-census"
    },
    {
      "path": "submission-package/essay/section-rooms/arguments/21-prisoner-politics-of-the-count.md",
      "authority": "canonical-argument",
      "kind": "missing-register",
      "detail": "unratified-register-census"
    },
    {
      "path": "submission-package/essay/symbolon/episteme/concepts/C01-Subject-Defined-Indefinability.md",
      "authority": "canonical-argument",
      "kind": "thin-concept",
      "detail": "missing concept surfaces: definition-surface, argument-role-surface, source-anchors, claim-status",
      "missing": [
        "definition-surface",
        "argument-role-surface",
        "source-anchors",
        "claim-status"
      ]
    },
    {
      "path": "submission-package/essay/symbolon/episteme/concepts/C01-Subject-Defined-Indefinability.md",
      "authority": "canonical-argument",
      "kind": "missing-status",
      "detail": "claim_status is absent"
    },
    {
      "path": "submission-package/essay/symbolon/episteme/concepts/C01-Subject-Defined-Indefinability.md",
      "authority": "canonical-argument",
      "kind": "missing-register",
      "detail": "unratified-register-census"
    },
    {
      "path": "submission-package/essay/symbolon/episteme/concepts/C02-Faithful-Definition.md",
      "authority": "canonical-argument",
      "kind": "thin-concept",
      "detail": "missing concept surfaces: definition-surface, argument-role-surface, source-anchors, claim-status",
      "missing": [
        "definition-surface",
        "argument-role-surface",
        "source-anchors",
        "claim-status"
      ]
    },
    {
      "path": "submission-package/essay/symbolon/episteme/concepts/C02-Faithful-Definition.md",
      "authority": "canonical-argument",
      "kind": "missing-status",
      "detail": "claim_status is absent"
    },
    {
      "path": "submission-package/essay/symbolon/episteme/concepts/C02-Faithful-Definition.md",
      "authority": "canonical-argument",
      "kind": "missing-register",
      "detail": "unratified-register-census"
    },
    {
      "path": "submission-package/essay/symbolon/episteme/concepts/C03-Determination.md",
      "authority": "canonical-argument",
      "kind": "thin-concept",
      "detail": "missing concept surfaces: definition-surface, argument-role-surface, source-anchors, claim-status",
      "missing": [
        "definition-surface",
        "argument-role-surface",
        "source-anchors",
        "claim-status"
      ]
    },
    {
      "path": "submission-package/essay/symbolon/episteme/concepts/C03-Determination.md",
      "authority": "canonical-argument",
      "kind": "missing-status",
      "detail": "claim_status is absent"
    },
    {
      "path": "submission-package/essay/symbolon/episteme/concepts/C03-Determination.md",
      "authority": "canonical-argument",
      "kind": "missing-register",
      "detail": "unratified-register-census"
    },
    {
      "path": "submission-package/essay/symbolon/episteme/concepts/C04-Formal-Limit.md",
      "authority": "canonical-argument",
      "kind": "thin-concept",
      "detail": "missing concept surfaces: definition-surface, argument-role-surface, source-anchors, claim-status",
      "missing": [
        "definition-surface",
        "argument-role-surface",
        "source-anchors",
        "claim-status"
      ]
    },
    {
      "path": "submission-package/essay/symbolon/episteme/concepts/C04-Formal-Limit.md",
      "authority": "canonical-argument",
      "kind": "missing-status",
      "detail": "claim_status is absent"
    },
    {
      "path": "submission-package/essay/symbolon/episteme/concepts/C04-Formal-Limit.md",
      "authority": "canonical-argument",
      "kind": "missing-register",
      "detail": "unratified-register-census"
    },
    {
      "path": "submission-package/essay/symbolon/episteme/concepts/C05-Immutable-Gap.md",
      "authority": "canonical-argument",
      "kind": "thin-concept",
      "detail": "missing concept surfaces: definition-surface, argument-role-surface, source-anchors, claim-status",
      "missing": [
        "definition-surface",
        "argument-role-surface",
        "source-anchors",
        "claim-status"
      ]
    },
    {
      "path": "submission-package/essay/symbolon/episteme/concepts/C05-Immutable-Gap.md",
      "authority": "canonical-argument",
      "kind": "missing-status",
      "detail": "claim_status is absent"
    },
    {
      "path": "submission-package/essay/symbolon/episteme/concepts/C05-Immutable-Gap.md",
      "authority": "canonical-argument",
      "kind": "missing-register",
      "detail": "unratified-register-census"
    },
    {
      "path": "submission-package/essay/symbolon/episteme/concepts/C06-Copula-Identification-with-Difference.md",
      "authority": "canonical-argument",
      "kind": "thin-concept",
      "detail": "missing concept surfaces: definition-surface, argument-role-surface, source-anchors, claim-status",
      "missing": [
        "definition-surface",
        "argument-role-surface",
        "source-anchors",
        "claim-status"
      ]
    },
    {
      "path": "submission-package/essay/symbolon/episteme/concepts/C06-Copula-Identification-with-Difference.md",
      "authority": "canonical-argument",
      "kind": "missing-status",
      "detail": "claim_status is absent"
    },
    {
      "path": "submission-package/essay/symbolon/episteme/concepts/C06-Copula-Identification-with-Difference.md",
      "authority": "canonical-argument",
      "kind": "missing-register",
      "detail": "unratified-register-census"
    },
    {
      "path": "submission-package/essay/symbolon/episteme/concepts/C07-Conditions-of-Worldhood.md",
      "authority": "canonical-argument",
      "kind": "thin-concept",
      "detail": "missing concept surfaces: definition-surface, argument-role-surface, source-anchors, claim-status",
      "missing": [
        "definition-surface",
        "argument-role-surface",
        "source-anchors",
        "claim-status"
      ]
    },
    {
      "path": "submission-package/essay/symbolon/episteme/concepts/C07-Conditions-of-Worldhood.md",
      "authority": "canonical-argument",
      "kind": "missing-status",
      "detail": "claim_status is absent"
    },
    {
      "path": "submission-package/essay/symbolon/episteme/concepts/C07-Conditions-of-Worldhood.md",
      "authority": "canonical-argument",
      "kind": "missing-register",
      "detail": "unratified-register-census"
    },
    {
      "path": "submission-package/essay/symbolon/episteme/concepts/C08-Context-Context-Frame.md",
      "authority": "canonical-argument",
      "kind": "thin-concept",
      "detail": "missing concept surfaces: definition-surface, argument-role-surface, source-anchors, claim-status",
      "missing": [
        "definition-surface",
        "argument-role-surface",
        "source-anchors",
        "claim-status"
      ]
    },
    {
      "path": "submission-package/essay/symbolon/episteme/concepts/C08-Context-Context-Frame.md",
      "authority": "canonical-argument",
      "kind": "missing-status",
      "detail": "claim_status is absent"
    },
    {
      "path": "submission-package/essay/symbolon/episteme/concepts/C08-Context-Context-Frame.md",
      "authority": "canonical-argument",
      "kind": "missing-register",
      "detail": "unratified-register-census"
    },
    {
      "path": "submission-package/essay/symbolon/episteme/concepts/C09-Diaphaneity.md",
      "authority": "canonical-argument",
      "kind": "thin-concept",
      "detail": "missing concept surfaces: definition-surface, argument-role-surface, source-anchors, claim-status",
      "missing": [
        "definition-surface",
        "argument-role-surface",
        "source-anchors",
        "claim-status"
      ]
    },
    {
      "path": "submission-package/essay/symbolon/episteme/concepts/C09-Diaphaneity.md",
      "authority": "canonical-argument",
      "kind": "missing-status",
      "detail": "claim_status is absent"
    },
    {
      "path": "submission-package/essay/symbolon/episteme/concepts/C09-Diaphaneity.md",
      "authority": "canonical-argument",
      "kind": "missing-register",
      "detail": "unratified-register-census"
    },
    {
      "path": "submission-package/essay/symbolon/episteme/concepts/C10-Mediation-Pramana.md",
      "authority": "canonical-argument",
      "kind": "thin-concept",
      "detail": "missing concept surfaces: definition-surface, argument-role-surface, source-anchors, claim-status",
      "missing": [
        "definition-surface",
        "argument-role-surface",
        "source-anchors",
        "claim-status"
      ]
    },
    {
      "path": "submission-package/essay/symbolon/episteme/concepts/C10-Mediation-Pramana.md",
      "authority": "canonical-argument",
      "kind": "missing-status",
      "detail": "claim_status is absent"
    },
    {
      "path": "submission-package/essay/symbolon/episteme/concepts/C10-Mediation-Pramana.md",
      "authority": "canonical-argument",
      "kind": "missing-register",
      "detail": "unratified-register-census"
    },
    {
      "path": "submission-package/essay/symbolon/episteme/concepts/C11-Quaternal-Logic.md",
      "authority": "canonical-argument",
      "kind": "thin-concept",
      "detail": "missing concept surfaces: definition-surface, argument-role-surface, source-anchors, claim-status",
      "missing": [
        "definition-surface",
        "argument-role-surface",
        "source-anchors",
        "claim-status"
      ]
    },
    {
      "path": "submission-package/essay/symbolon/episteme/concepts/C11-Quaternal-Logic.md",
      "authority": "canonical-argument",
      "kind": "missing-status",
      "detail": "claim_status is absent"
    },
    {
      "path": "submission-package/essay/symbolon/episteme/concepts/C11-Quaternal-Logic.md",
      "authority": "canonical-argument",
      "kind": "missing-register",
      "detail": "unratified-register-census"
    },
    {
      "path": "submission-package/essay/symbolon/episteme/concepts/C12-Script-Frozen-Conditioned-Will.md",
      "authority": "canonical-argument",
      "kind": "thin-concept",
      "detail": "missing concept surfaces: definition-surface, argument-role-surface, source-anchors, claim-status",
      "missing": [
        "definition-surface",
        "argument-role-surface",
        "source-anchors",
        "claim-status"
      ]
    },
    {
      "path": "submission-package/essay/symbolon/episteme/concepts/C12-Script-Frozen-Conditioned-Will.md",
      "authority": "canonical-argument",
      "kind": "missing-status",
      "detail": "claim_status is absent"
    },
    {
      "path": "submission-package/essay/symbolon/episteme/concepts/C12-Script-Frozen-Conditioned-Will.md",
      "authority": "canonical-argument",
      "kind": "missing-register",
      "detail": "unratified-register-census"
    },
    {
      "path": "submission-package/essay/symbolon/episteme/concepts/C13-Prakasa-Vimarsa.md",
      "authority": "canonical-argument",
      "kind": "thin-concept",
      "detail": "missing concept surfaces: definition-surface, argument-role-surface, source-anchors, claim-status",
      "missing": [
        "definition-surface",
        "argument-role-surface",
        "source-anchors",
        "claim-status"
      ]
    },
    {
      "path": "submission-package/essay/symbolon/episteme/concepts/C13-Prakasa-Vimarsa.md",
      "authority": "canonical-argument",
      "kind": "missing-status",
      "detail": "claim_status is absent"
    },
    {
      "path": "submission-package/essay/symbolon/episteme/concepts/C13-Prakasa-Vimarsa.md",
      "authority": "canonical-argument",
      "kind": "missing-register",
      "detail": "unratified-register-census"
    },
    {
      "path": "submission-package/essay/symbolon/episteme/concepts/C14-Maya-Operative-Measure.md",
      "authority": "canonical-argument",
      "kind": "thin-concept",
      "detail": "missing concept surfaces: definition-surface, argument-role-surface, source-anchors, claim-status",
      "missing": [
        "definition-surface",
        "argument-role-surface",
        "source-anchors",
        "claim-status"
      ]
    },
    {
      "path": "submission-package/essay/symbolon/episteme/concepts/C14-Maya-Operative-Measure.md",
      "authority": "canonical-argument",
      "kind": "missing-status",
      "detail": "claim_status is absent"
    },
    {
      "path": "submission-package/essay/symbolon/episteme/concepts/C14-Maya-Operative-Measure.md",
      "authority": "canonical-argument",
      "kind": "missing-register",
      "detail": "unratified-register-census"
    },
    {
      "path": "submission-package/essay/symbolon/episteme/concepts/C15-Pasu-Bounded-Subject-Position.md",
      "authority": "canonical-argument",
      "kind": "thin-concept",
      "detail": "missing concept surfaces: definition-surface, argument-role-surface, source-anchors, claim-status",
      "missing": [
        "definition-surface",
        "argument-role-surface",
        "source-anchors",
        "claim-status"
      ]
    },
    {
      "path": "submission-package/essay/symbolon/episteme/concepts/C15-Pasu-Bounded-Subject-Position.md",
      "authority": "canonical-argument",
      "kind": "missing-status",
      "detail": "claim_status is absent"
    },
    {
      "path": "submission-package/essay/symbolon/episteme/concepts/C15-Pasu-Bounded-Subject-Position.md",
      "authority": "canonical-argument",
      "kind": "missing-register",
      "detail": "unratified-register-census"
    },
    {
      "path": "submission-package/essay/symbolon/episteme/concepts/C16-Antahkarana-Inner-Instrument.md",
      "authority": "canonical-argument",
      "kind": "thin-concept",
      "detail": "missing concept surfaces: definition-surface, argument-role-surface, source-anchors, claim-status",
      "missing": [
        "definition-surface",
        "argument-role-surface",
        "source-anchors",
        "claim-status"
      ]
    },
    {
      "path": "submission-package/essay/symbolon/episteme/concepts/C16-Antahkarana-Inner-Instrument.md",
      "authority": "canonical-argument",
      "kind": "missing-status",
      "detail": "claim_status is absent"
    },
    {
      "path": "submission-package/essay/symbolon/episteme/concepts/C16-Antahkarana-Inner-Instrument.md",
      "authority": "canonical-argument",
      "kind": "missing-register",
      "detail": "unratified-register-census"
    },
    {
      "path": "submission-package/essay/symbolon/episteme/concepts/C17-Vikalpa-Samkalpa.md",
      "authority": "canonical-argument",
      "kind": "thin-concept",
      "detail": "missing concept surfaces: definition-surface, argument-role-surface, source-anchors, claim-status",
      "missing": [
        "definition-surface",
        "argument-role-surface",
        "source-anchors",
        "claim-status"
      ]
    },
    {
      "path": "submission-package/essay/symbolon/episteme/concepts/C17-Vikalpa-Samkalpa.md",
      "authority": "canonical-argument",
      "kind": "missing-status",
      "detail": "claim_status is absent"
    },
    {
      "path": "submission-package/essay/symbolon/episteme/concepts/C17-Vikalpa-Samkalpa.md",
      "authority": "canonical-argument",
      "kind": "missing-register",
      "detail": "unratified-register-census"
    },
    {
      "path": "submission-package/essay/symbolon/episteme/concepts/C18-Apoha.md",
      "authority": "canonical-argument",
      "kind": "thin-concept",
      "detail": "missing concept surfaces: definition-surface, argument-role-surface, source-anchors, claim-status",
      "missing": [
        "definition-surface",
        "argument-role-surface",
        "source-anchors",
        "claim-status"
      ]
    },
    {
      "path": "submission-package/essay/symbolon/episteme/concepts/C18-Apoha.md",
      "authority": "canonical-argument",
      "kind": "missing-status",
      "detail": "claim_status is absent"
    },
    {
      "path": "submission-package/essay/symbolon/episteme/concepts/C18-Apoha.md",
      "authority": "canonical-argument",
      "kind": "missing-register",
      "detail": "unratified-register-census"
    },
    {
      "path": "submission-package/essay/symbolon/episteme/concepts/C19-Pratyabhijna-Recognition.md",
      "authority": "canonical-argument",
      "kind": "thin-concept",
      "detail": "missing concept surfaces: definition-surface, argument-role-surface, source-anchors, claim-status",
      "missing": [
        "definition-surface",
        "argument-role-surface",
        "source-anchors",
        "claim-status"
      ]
    },
    {
      "path": "submission-package/essay/symbolon/episteme/concepts/C19-Pratyabhijna-Recognition.md",
      "authority": "canonical-argument",
      "kind": "missing-status",
      "detail": "claim_status is absent"
    },
    {
      "path": "submission-package/essay/symbolon/episteme/concepts/C19-Pratyabhijna-Recognition.md",
      "authority": "canonical-argument",
      "kind": "missing-register",
      "detail": "unratified-register-census"
    },
    {
      "path": "submission-package/essay/symbolon/episteme/concepts/C20-Arche-Topos.md",
      "authority": "canonical-argument",
      "kind": "thin-concept",
      "detail": "missing concept surfaces: definition-surface, argument-role-surface, source-anchors, claim-status",
      "missing": [
        "definition-surface",
        "argument-role-surface",
        "source-anchors",
        "claim-status"
      ]
    },
    {
      "path": "submission-package/essay/symbolon/episteme/concepts/C20-Arche-Topos.md",
      "authority": "canonical-argument",
      "kind": "missing-status",
      "detail": "claim_status is absent"
    },
    {
      "path": "submission-package/essay/symbolon/episteme/concepts/C20-Arche-Topos.md",
      "authority": "canonical-argument",
      "kind": "missing-register",
      "detail": "unratified-register-census"
    },
    {
      "path": "submission-package/essay/symbolon/episteme/concepts/C21-Living-Symbol-Idol.md",
      "authority": "canonical-argument",
      "kind": "thin-concept",
      "detail": "missing concept surfaces: definition-surface, argument-role-surface, source-anchors, claim-status",
      "missing": [
        "definition-surface",
        "argument-role-surface",
        "source-anchors",
        "claim-status"
      ]
    },
    {
      "path": "submission-package/essay/symbolon/episteme/concepts/C21-Living-Symbol-Idol.md",
      "authority": "canonical-argument",
      "kind": "missing-status",
      "detail": "claim_status is absent"
    },
    {
      "path": "submission-package/essay/symbolon/episteme/concepts/C21-Living-Symbol-Idol.md",
      "authority": "canonical-argument",
      "kind": "missing-register",
      "detail": "unratified-register-census"
    },
    {
      "path": "submission-package/essay/symbolon/episteme/concepts/C22-Counterfeit-Symbolon.md",
      "authority": "canonical-argument",
      "kind": "thin-concept",
      "detail": "missing concept surfaces: definition-surface, argument-role-surface, source-anchors, claim-status",
      "missing": [
        "definition-surface",
        "argument-role-surface",
        "source-anchors",
        "claim-status"
      ]
    },
    {
      "path": "submission-package/essay/symbolon/episteme/concepts/C22-Counterfeit-Symbolon.md",
      "authority": "canonical-argument",
      "kind": "missing-status",
      "detail": "claim_status is absent"
    },
    {
      "path": "submission-package/essay/symbolon/episteme/concepts/C22-Counterfeit-Symbolon.md",
      "authority": "canonical-argument",
      "kind": "missing-register",
      "detail": "unratified-register-census"
    },
    {
      "path": "submission-package/essay/symbolon/episteme/concepts/C23-Severance.md",
      "authority": "canonical-argument",
      "kind": "thin-concept",
      "detail": "missing concept surfaces: definition-surface, argument-role-surface, source-anchors, claim-status",
      "missing": [
        "definition-surface",
        "argument-role-surface",
        "source-anchors",
        "claim-status"
      ]
    },
    {
      "path": "submission-package/essay/symbolon/episteme/concepts/C23-Severance.md",
      "authority": "canonical-argument",
      "kind": "missing-status",
      "detail": "claim_status is absent"
    },
    {
      "path": "submission-package/essay/symbolon/episteme/concepts/C23-Severance.md",
      "authority": "canonical-argument",
      "kind": "missing-register",
      "detail": "unratified-register-census"
    },
    {
      "path": "submission-package/essay/symbolon/episteme/concepts/C24-Fusion.md",
      "authority": "canonical-argument",
      "kind": "thin-concept",
      "detail": "missing concept surfaces: definition-surface, argument-role-surface, source-anchors, claim-status",
      "missing": [
        "definition-surface",
        "argument-role-surface",
        "source-anchors",
        "claim-status"
      ]
    },
    {
      "path": "submission-package/essay/symbolon/episteme/concepts/C24-Fusion.md",
      "authority": "canonical-argument",
      "kind": "missing-status",
      "detail": "claim_status is absent"
    },
    {
      "path": "submission-package/essay/symbolon/episteme/concepts/C24-Fusion.md",
      "authority": "canonical-argument",
      "kind": "missing-register",
      "detail": "unratified-register-census"
    },
    {
      "path": "submission-package/essay/symbolon/episteme/concepts/C25-Counterfeit-Gathering.md",
      "authority": "canonical-argument",
      "kind": "thin-concept",
      "detail": "missing concept surfaces: definition-surface, argument-role-surface, source-anchors, claim-status",
      "missing": [
        "definition-surface",
        "argument-role-surface",
        "source-anchors",
        "claim-status"
      ]
    },
    {
      "path": "submission-package/essay/symbolon/episteme/concepts/C25-Counterfeit-Gathering.md",
      "authority": "canonical-argument",
      "kind": "missing-status",
      "detail": "claim_status is absent"
    },
    {
      "path": "submission-package/essay/symbolon/episteme/concepts/C25-Counterfeit-Gathering.md",
      "authority": "canonical-argument",
      "kind": "missing-register",
      "detail": "unratified-register-census"
    },
    {
      "path": "submission-package/essay/symbolon/episteme/concepts/C26-Monoisation-Counter-Generation.md",
      "authority": "canonical-argument",
      "kind": "thin-concept",
      "detail": "missing concept surfaces: definition-surface, argument-role-surface, source-anchors, claim-status",
      "missing": [
        "definition-surface",
        "argument-role-surface",
        "source-anchors",
        "claim-status"
      ]
    },
    {
      "path": "submission-package/essay/symbolon/episteme/concepts/C26-Monoisation-Counter-Generation.md",
      "authority": "canonical-argument",
      "kind": "missing-status",
      "detail": "claim_status is absent"
    },
    {
      "path": "submission-package/essay/symbolon/episteme/concepts/C26-Monoisation-Counter-Generation.md",
      "authority": "canonical-argument",
      "kind": "missing-register",
      "detail": "unratified-register-census"
    },
    {
      "path": "submission-package/essay/symbolon/episteme/concepts/C27-Protected-Account-Occupied-Zero-Source-Claim.md",
      "authority": "canonical-argument",
      "kind": "thin-concept",
      "detail": "missing concept surfaces: definition-surface, argument-role-surface, source-anchors, claim-status",
      "missing": [
        "definition-surface",
        "argument-role-surface",
        "source-anchors",
        "claim-status"
      ]
    },
    {
      "path": "submission-package/essay/symbolon/episteme/concepts/C27-Protected-Account-Occupied-Zero-Source-Claim.md",
      "authority": "canonical-argument",
      "kind": "missing-status",
      "detail": "claim_status is absent"
    },
    {
      "path": "submission-package/essay/symbolon/episteme/concepts/C27-Protected-Account-Occupied-Zero-Source-Claim.md",
      "authority": "canonical-argument",
      "kind": "missing-register",
      "detail": "unratified-register-census"
    },
    {
      "path": "submission-package/essay/symbolon/episteme/concepts/C28-Covenant-Primary-Arbitration.md",
      "authority": "canonical-argument",
      "kind": "thin-concept",
      "detail": "missing concept surfaces: definition-surface, argument-role-surface, source-anchors, claim-status",
      "missing": [
        "definition-surface",
        "argument-role-surface",
        "source-anchors",
        "claim-status"
      ]
    },
    {
      "path": "submission-package/essay/symbolon/episteme/concepts/C28-Covenant-Primary-Arbitration.md",
      "authority": "canonical-argument",
      "kind": "missing-status",
      "detail": "claim_status is absent"
    },
    {
      "path": "submission-package/essay/symbolon/episteme/concepts/C28-Covenant-Primary-Arbitration.md",
      "authority": "canonical-argument",
      "kind": "missing-register",
      "detail": "unratified-register-census"
    },
    {
      "path": "submission-package/essay/symbolon/episteme/concepts/C29-Mediating-Office-Derivative-Sovereignty.md",
      "authority": "canonical-argument",
      "kind": "thin-concept",
      "detail": "missing concept surfaces: definition-surface, argument-role-surface, source-anchors, claim-status",
      "missing": [
        "definition-surface",
        "argument-role-surface",
        "source-anchors",
        "claim-status"
      ]
    },
    {
      "path": "submission-package/essay/symbolon/episteme/concepts/C29-Mediating-Office-Derivative-Sovereignty.md",
      "authority": "canonical-argument",
      "kind": "missing-status",
      "detail": "claim_status is absent"
    },
    {
      "path": "submission-package/essay/symbolon/episteme/concepts/C29-Mediating-Office-Derivative-Sovereignty.md",
      "authority": "canonical-argument",
      "kind": "missing-register",
      "detail": "unratified-register-census"
    },
    {
      "path": "submission-package/essay/symbolon/episteme/concepts/C30-Psychoid-Number.md",
      "authority": "canonical-argument",
      "kind": "thin-concept",
      "detail": "missing concept surfaces: definition-surface, argument-role-surface, source-anchors, claim-status",
      "missing": [
        "definition-surface",
        "argument-role-surface",
        "source-anchors",
        "claim-status"
      ]
    },
    {
      "path": "submission-package/essay/symbolon/episteme/concepts/C30-Psychoid-Number.md",
      "authority": "canonical-argument",
      "kind": "missing-status",
      "detail": "claim_status is absent"
    },
    {
      "path": "submission-package/essay/symbolon/episteme/concepts/C30-Psychoid-Number.md",
      "authority": "canonical-argument",
      "kind": "missing-register",
      "detail": "unratified-register-census"
    },
    {
      "path": "submission-package/essay/symbolon/episteme/concepts/C31-Complex.md",
      "authority": "canonical-argument",
      "kind": "thin-concept",
      "detail": "missing concept surfaces: definition-surface, argument-role-surface, source-anchors, claim-status",
      "missing": [
        "definition-surface",
        "argument-role-surface",
        "source-anchors",
        "claim-status"
      ]
    },
    {
      "path": "submission-package/essay/symbolon/episteme/concepts/C31-Complex.md",
      "authority": "canonical-argument",
      "kind": "missing-status",
      "detail": "claim_status is absent"
    },
    {
      "path": "submission-package/essay/symbolon/episteme/concepts/C31-Complex.md",
      "authority": "canonical-argument",
      "kind": "missing-register",
      "detail": "unratified-register-census"
    },
    {
      "path": "submission-package/essay/symbolon/episteme/concepts/C32-Archetype.md",
      "authority": "canonical-argument",
      "kind": "thin-concept",
      "detail": "missing concept surfaces: definition-surface, argument-role-surface, source-anchors, claim-status",
      "missing": [
        "definition-surface",
        "argument-role-surface",
        "source-anchors",
        "claim-status"
      ]
    },
    {
      "path": "submission-package/essay/symbolon/episteme/concepts/C32-Archetype.md",
      "authority": "canonical-argument",
      "kind": "missing-status",
      "detail": "claim_status is absent"
    },
    {
      "path": "submission-package/essay/symbolon/episteme/concepts/C32-Archetype.md",
      "authority": "canonical-argument",
      "kind": "missing-register",
      "detail": "unratified-register-census"
    },
    {
      "path": "submission-package/essay/symbolon/episteme/concepts/C33-Image-Valuation.md",
      "authority": "canonical-argument",
      "kind": "thin-concept",
      "detail": "missing concept surfaces: definition-surface, argument-role-surface, source-anchors, claim-status",
      "missing": [
        "definition-surface",
        "argument-role-surface",
        "source-anchors",
        "claim-status"
      ]
    },
    {
      "path": "submission-package/essay/symbolon/episteme/concepts/C33-Image-Valuation.md",
      "authority": "canonical-argument",
      "kind": "missing-status",
      "detail": "claim_status is absent"
    },
    {
      "path": "submission-package/essay/symbolon/episteme/concepts/C33-Image-Valuation.md",
      "authority": "canonical-argument",
      "kind": "missing-register",
      "detail": "unratified-register-census"
    },
    {
      "path": "submission-package/essay/symbolon/episteme/concepts/C34-Individuation.md",
      "authority": "canonical-argument",
      "kind": "thin-concept",
      "detail": "missing concept surfaces: definition-surface, argument-role-surface, source-anchors, claim-status",
      "missing": [
        "definition-surface",
        "argument-role-surface",
        "source-anchors",
        "claim-status"
      ]
    },
    {
      "path": "submission-package/essay/symbolon/episteme/concepts/C34-Individuation.md",
      "authority": "canonical-argument",
      "kind": "missing-status",
      "detail": "claim_status is absent"
    },
    {
      "path": "submission-package/essay/symbolon/episteme/concepts/C34-Individuation.md",
      "authority": "canonical-argument",
      "kind": "missing-register",
      "detail": "unratified-register-census"
    },
    {
      "path": "submission-package/essay/symbolon/episteme/concepts/C35-Selfing-Self-Subjectivity-Self-Thing.md",
      "authority": "canonical-argument",
      "kind": "thin-concept",
      "detail": "missing concept surfaces: definition-surface, argument-role-surface, source-anchors, claim-status",
      "missing": [
        "definition-surface",
        "argument-role-surface",
        "source-anchors",
        "claim-status"
      ]
    },
    {
      "path": "submission-package/essay/symbolon/episteme/concepts/C35-Selfing-Self-Subjectivity-Self-Thing.md",
      "authority": "canonical-argument",
      "kind": "missing-status",
      "detail": "claim_status is absent"
    },
    {
      "path": "submission-package/essay/symbolon/episteme/concepts/C35-Selfing-Self-Subjectivity-Self-Thing.md",
      "authority": "canonical-argument",
      "kind": "missing-register",
      "detail": "unratified-register-census"
    },
    {
      "path": "submission-package/essay/symbolon/episteme/concepts/C36-Complexio-Oppositorum.md",
      "authority": "canonical-argument",
      "kind": "thin-concept",
      "detail": "missing concept surfaces: definition-surface, argument-role-surface, source-anchors, claim-status",
      "missing": [
        "definition-surface",
        "argument-role-surface",
        "source-anchors",
        "claim-status"
      ]
    },
    {
      "path": "submission-package/essay/symbolon/episteme/concepts/C36-Complexio-Oppositorum.md",
      "authority": "canonical-argument",
      "kind": "missing-status",
      "detail": "claim_status is absent"
    },
    {
      "path": "submission-package/essay/symbolon/episteme/concepts/C36-Complexio-Oppositorum.md",
      "authority": "canonical-argument",
      "kind": "missing-register",
      "detail": "unratified-register-census"
    },
    {
      "path": "submission-package/essay/symbolon/episteme/concepts/C37-World-Picture-to-World-Atlas.md",
      "authority": "canonical-argument",
      "kind": "thin-concept",
      "detail": "missing concept surfaces: definition-surface, argument-role-surface, source-anchors, claim-status",
      "missing": [
        "definition-surface",
        "argument-role-surface",
        "source-anchors",
        "claim-status"
      ]
    },
    {
      "path": "submission-package/essay/symbolon/episteme/concepts/C37-World-Picture-to-World-Atlas.md",
      "authority": "canonical-argument",
      "kind": "missing-status",
      "detail": "claim_status is absent"
    },
    {
      "path": "submission-package/essay/symbolon/episteme/concepts/C37-World-Picture-to-World-Atlas.md",
      "authority": "canonical-argument",
      "kind": "missing-register",
      "detail": "unratified-register-census"
    },
    {
      "path": "submission-package/essay/symbolon/episteme/concepts/C38-Bimba-Pratibimba-Bimba-Map.md",
      "authority": "canonical-argument",
      "kind": "thin-concept",
      "detail": "missing concept surfaces: definition-surface, argument-role-surface, source-anchors, claim-status",
      "missing": [
        "definition-surface",
        "argument-role-surface",
        "source-anchors",
        "claim-status"
      ]
    },
    {
      "path": "submission-package/essay/symbolon/episteme/concepts/C38-Bimba-Pratibimba-Bimba-Map.md",
      "authority": "canonical-argument",
      "kind": "missing-status",
      "detail": "claim_status is absent"
    },
    {
      "path": "submission-package/essay/symbolon/episteme/concepts/C38-Bimba-Pratibimba-Bimba-Map.md",
      "authority": "canonical-argument",
      "kind": "missing-register",
      "detail": "unratified-register-census"
    },
    {
      "path": "submission-package/essay/symbolon/episteme/concepts/C39-Meta-Epistemic-Framework.md",
      "authority": "canonical-argument",
      "kind": "thin-concept",
      "detail": "missing concept surfaces: definition-surface, argument-role-surface, source-anchors, claim-status",
      "missing": [
        "definition-surface",
        "argument-role-surface",
        "source-anchors",
        "claim-status"
      ]
    },
    {
      "path": "submission-package/essay/symbolon/episteme/concepts/C39-Meta-Epistemic-Framework.md",
      "authority": "canonical-argument",
      "kind": "missing-status",
      "detail": "claim_status is absent"
    },
    {
      "path": "submission-package/essay/symbolon/episteme/concepts/C39-Meta-Epistemic-Framework.md",
      "authority": "canonical-argument",
      "kind": "missing-register",
      "detail": "unratified-register-census"
    },
    {
      "path": "submission-package/essay/symbolon/episteme/concepts/C40-Model-Internality-Judgment-Field.md",
      "authority": "canonical-argument",
      "kind": "thin-concept",
      "detail": "missing concept surfaces: definition-surface, argument-role-surface, source-anchors, claim-status",
      "missing": [
        "definition-surface",
        "argument-role-surface",
        "source-anchors",
        "claim-status"
      ]
    },
    {
      "path": "submission-package/essay/symbolon/episteme/concepts/C40-Model-Internality-Judgment-Field.md",
      "authority": "canonical-argument",
      "kind": "missing-status",
      "detail": "claim_status is absent"
    },
    {
      "path": "submission-package/essay/symbolon/episteme/concepts/C40-Model-Internality-Judgment-Field.md",
      "authority": "canonical-argument",
      "kind": "missing-register",
      "detail": "unratified-register-census"
    },
    {
      "path": "submission-package/essay/symbolon/episteme/concepts/C41-Objective-Internality.md",
      "authority": "canonical-argument",
      "kind": "thin-concept",
      "detail": "missing concept surfaces: definition-surface, argument-role-surface, source-anchors, claim-status",
      "missing": [
        "definition-surface",
        "argument-role-surface",
        "source-anchors",
        "claim-status"
      ]
    },
    {
      "path": "submission-package/essay/symbolon/episteme/concepts/C41-Objective-Internality.md",
      "authority": "canonical-argument",
      "kind": "missing-status",
      "detail": "claim_status is absent"
    },
    {
      "path": "submission-package/essay/symbolon/episteme/concepts/C41-Objective-Internality.md",
      "authority": "canonical-argument",
      "kind": "missing-register",
      "detail": "unratified-register-census"
    },
    {
      "path": "submission-package/essay/symbolon/episteme/concepts/C42-Objective-Co-Internality.md",
      "authority": "canonical-argument",
      "kind": "thin-concept",
      "detail": "missing concept surfaces: definition-surface, argument-role-surface, source-anchors, claim-status",
      "missing": [
        "definition-surface",
        "argument-role-surface",
        "source-anchors",
        "claim-status"
      ]
    },
    {
      "path": "submission-package/essay/symbolon/episteme/concepts/C42-Objective-Co-Internality.md",
      "authority": "canonical-argument",
      "kind": "missing-status",
      "detail": "claim_status is absent"
    },
    {
      "path": "submission-package/essay/symbolon/episteme/concepts/C42-Objective-Co-Internality.md",
      "authority": "canonical-argument",
      "kind": "missing-register",
      "detail": "unratified-register-census"
    },
    {
      "path": "submission-package/essay/symbolon/episteme/concepts/C43-Computational-Vimarsa.md",
      "authority": "canonical-argument",
      "kind": "thin-concept",
      "detail": "missing concept surfaces: definition-surface, argument-role-surface, source-anchors, claim-status",
      "missing": [
        "definition-surface",
        "argument-role-surface",
        "source-anchors",
        "claim-status"
      ]
    },
    {
      "path": "submission-package/essay/symbolon/episteme/concepts/C43-Computational-Vimarsa.md",
      "authority": "canonical-argument",
      "kind": "missing-status",
      "detail": "claim_status is absent"
    },
    {
      "path": "submission-package/essay/symbolon/episteme/concepts/C43-Computational-Vimarsa.md",
      "authority": "canonical-argument",
      "kind": "missing-register",
      "detail": "unratified-register-census"
    },
    {
      "path": "submission-package/essay/symbolon/episteme/concepts/C44-Prompt-Thrownness.md",
      "authority": "canonical-argument",
      "kind": "thin-concept",
      "detail": "missing concept surfaces: definition-surface, argument-role-surface, source-anchors, claim-status",
      "missing": [
        "definition-surface",
        "argument-role-surface",
        "source-anchors",
        "claim-status"
      ]
    },
    {
      "path": "submission-package/essay/symbolon/episteme/concepts/C44-Prompt-Thrownness.md",
      "authority": "canonical-argument",
      "kind": "missing-status",
      "detail": "claim_status is absent"
    },
    {
      "path": "submission-package/essay/symbolon/episteme/concepts/C44-Prompt-Thrownness.md",
      "authority": "canonical-argument",
      "kind": "missing-register",
      "detail": "unratified-register-census"
    },
    {
      "path": "submission-package/essay/symbolon/episteme/concepts/C45-Operational-Parity.md",
      "authority": "canonical-argument",
      "kind": "thin-concept",
      "detail": "missing concept surfaces: definition-surface, argument-role-surface, source-anchors, claim-status",
      "missing": [
        "definition-surface",
        "argument-role-surface",
        "source-anchors",
        "claim-status"
      ]
    },
    {
      "path": "submission-package/essay/symbolon/episteme/concepts/C45-Operational-Parity.md",
      "authority": "canonical-argument",
      "kind": "missing-status",
      "detail": "claim_status is absent"
    },
    {
      "path": "submission-package/essay/symbolon/episteme/concepts/C45-Operational-Parity.md",
      "authority": "canonical-argument",
      "kind": "missing-register",
      "detail": "unratified-register-census"
    },
    {
      "path": "submission-package/essay/symbolon/episteme/concepts/C46-Epistemic-Cultivation.md",
      "authority": "canonical-argument",
      "kind": "thin-concept",
      "detail": "missing concept surfaces: definition-surface, argument-role-surface, source-anchors, claim-status",
      "missing": [
        "definition-surface",
        "argument-role-surface",
        "source-anchors",
        "claim-status"
      ]
    },
    {
      "path": "submission-package/essay/symbolon/episteme/concepts/C46-Epistemic-Cultivation.md",
      "authority": "canonical-argument",
      "kind": "missing-status",
      "detail": "claim_status is absent"
    },
    {
      "path": "submission-package/essay/symbolon/episteme/concepts/C46-Epistemic-Cultivation.md",
      "authority": "canonical-argument",
      "kind": "missing-register",
      "detail": "unratified-register-census"
    },
    {
      "path": "submission-package/essay/symbolon/episteme/concepts/C47-Deferential-Intelligence.md",
      "authority": "canonical-argument",
      "kind": "thin-concept",
      "detail": "missing concept surfaces: definition-surface, argument-role-surface, source-anchors, claim-status",
      "missing": [
        "definition-surface",
        "argument-role-surface",
        "source-anchors",
        "claim-status"
      ]
    },
    {
      "path": "submission-package/essay/symbolon/episteme/concepts/C47-Deferential-Intelligence.md",
      "authority": "canonical-argument",
      "kind": "missing-status",
      "detail": "claim_status is absent"
    },
    {
      "path": "submission-package/essay/symbolon/episteme/concepts/C47-Deferential-Intelligence.md",
      "authority": "canonical-argument",
      "kind": "missing-register",
      "detail": "unratified-register-census"
    },
    {
      "path": "submission-package/essay/symbolon/episteme/concepts/C48-Trust-Faith-under-Formal-Limit.md",
      "authority": "canonical-argument",
      "kind": "thin-concept",
      "detail": "missing concept surfaces: definition-surface, argument-role-surface, source-anchors, claim-status",
      "missing": [
        "definition-surface",
        "argument-role-surface",
        "source-anchors",
        "claim-status"
      ]
    },
    {
      "path": "submission-package/essay/symbolon/episteme/concepts/C48-Trust-Faith-under-Formal-Limit.md",
      "authority": "canonical-argument",
      "kind": "missing-status",
      "detail": "claim_status is absent"
    },
    {
      "path": "submission-package/essay/symbolon/episteme/concepts/C48-Trust-Faith-under-Formal-Limit.md",
      "authority": "canonical-argument",
      "kind": "missing-register",
      "detail": "unratified-register-census"
    },
    {
      "path": "submission-package/essay/symbolon/episteme/concepts/C49-The-Two-Ones-0-One-1-All.md",
      "authority": "canonical-argument",
      "kind": "thin-concept",
      "detail": "missing concept surfaces: definition-surface, argument-role-surface, source-anchors, claim-status",
      "missing": [
        "definition-surface",
        "argument-role-surface",
        "source-anchors",
        "claim-status"
      ]
    },
    {
      "path": "submission-package/essay/symbolon/episteme/concepts/C49-The-Two-Ones-0-One-1-All.md",
      "authority": "canonical-argument",
      "kind": "missing-status",
      "detail": "claim_status is absent"
    },
    {
      "path": "submission-package/essay/symbolon/episteme/concepts/C49-The-Two-Ones-0-One-1-All.md",
      "authority": "canonical-argument",
      "kind": "missing-register",
      "detail": "unratified-register-census"
    },
    {
      "path": "submission-package/essay/symbolon/episteme/concepts/C50-Dia-Syn.md",
      "authority": "canonical-argument",
      "kind": "thin-concept",
      "detail": "missing concept surfaces: definition-surface, argument-role-surface, source-anchors, claim-status",
      "missing": [
        "definition-surface",
        "argument-role-surface",
        "source-anchors",
        "claim-status"
      ]
    },
    {
      "path": "submission-package/essay/symbolon/episteme/concepts/C50-Dia-Syn.md",
      "authority": "canonical-argument",
      "kind": "missing-status",
      "detail": "claim_status is absent"
    },
    {
      "path": "submission-package/essay/symbolon/episteme/concepts/C50-Dia-Syn.md",
      "authority": "canonical-argument",
      "kind": "missing-register",
      "detail": "unratified-register-census"
    },
    {
      "path": "submission-package/essay/symbolon/episteme/concepts/C51-Logos-Epi-Logos.md",
      "authority": "canonical-argument",
      "kind": "thin-concept",
      "detail": "missing concept surfaces: definition-surface, argument-role-surface, source-anchors, claim-status",
      "missing": [
        "definition-surface",
        "argument-role-surface",
        "source-anchors",
        "claim-status"
      ]
    },
    {
      "path": "submission-package/essay/symbolon/episteme/concepts/C51-Logos-Epi-Logos.md",
      "authority": "canonical-argument",
      "kind": "missing-status",
      "detail": "claim_status is absent"
    },
    {
      "path": "submission-package/essay/symbolon/episteme/concepts/C51-Logos-Epi-Logos.md",
      "authority": "canonical-argument",
      "kind": "missing-register",
      "detail": "unratified-register-census"
    },
    {
      "path": "submission-package/essay/symbolon/episteme/concepts/C52-Dimensional-Reframing-at-Zero-and-Infinity.md",
      "authority": "canonical-argument",
      "kind": "thin-concept",
      "detail": "missing concept surfaces: definition-surface, argument-role-surface, source-anchors, claim-status",
      "missing": [
        "definition-surface",
        "argument-role-surface",
        "source-anchors",
        "claim-status"
      ]
    },
    {
      "path": "submission-package/essay/symbolon/episteme/concepts/C52-Dimensional-Reframing-at-Zero-and-Infinity.md",
      "authority": "canonical-argument",
      "kind": "missing-status",
      "detail": "claim_status is absent"
    },
    {
      "path": "submission-package/essay/symbolon/episteme/concepts/C52-Dimensional-Reframing-at-Zero-and-Infinity.md",
      "authority": "canonical-argument",
      "kind": "missing-register",
      "detail": "unratified-register-census"
    },
    {
      "path": "submission-package/essay/symbolon/episteme/concepts/C53-Power-Delegated-Labour.md",
      "authority": "canonical-argument",
      "kind": "thin-concept",
      "detail": "missing concept surfaces: definition-surface, argument-role-surface, source-anchors, claim-status",
      "missing": [
        "definition-surface",
        "argument-role-surface",
        "source-anchors",
        "claim-status"
      ]
    },
    {
      "path": "submission-package/essay/symbolon/episteme/concepts/C53-Power-Delegated-Labour.md",
      "authority": "canonical-argument",
      "kind": "missing-status",
      "detail": "claim_status is absent"
    },
    {
      "path": "submission-package/essay/symbolon/episteme/concepts/C53-Power-Delegated-Labour.md",
      "authority": "canonical-argument",
      "kind": "missing-register",
      "detail": "unratified-register-census"
    },
    {
      "path": "submission-package/essay/symbolon/episteme/concepts/C54-Commons-Non-Monopoly.md",
      "authority": "canonical-argument",
      "kind": "thin-concept",
      "detail": "missing concept surfaces: definition-surface, argument-role-surface, source-anchors, claim-status",
      "missing": [
        "definition-surface",
        "argument-role-surface",
        "source-anchors",
        "claim-status"
      ]
    },
    {
      "path": "submission-package/essay/symbolon/episteme/concepts/C54-Commons-Non-Monopoly.md",
      "authority": "canonical-argument",
      "kind": "missing-status",
      "detail": "claim_status is absent"
    },
    {
      "path": "submission-package/essay/symbolon/episteme/concepts/C54-Commons-Non-Monopoly.md",
      "authority": "canonical-argument",
      "kind": "missing-register",
      "detail": "unratified-register-census"
    },
    {
      "path": "submission-package/essay/symbolon/episteme/concepts/C55-Reflective-Field-Mirror-That-Moves-First.md",
      "authority": "canonical-argument",
      "kind": "thin-concept",
      "detail": "missing concept surfaces: definition-surface, argument-role-surface, source-anchors, claim-status",
      "missing": [
        "definition-surface",
        "argument-role-surface",
        "source-anchors",
        "claim-status"
      ]
    },
    {
      "path": "submission-package/essay/symbolon/episteme/concepts/C55-Reflective-Field-Mirror-That-Moves-First.md",
      "authority": "canonical-argument",
      "kind": "missing-status",
      "detail": "claim_status is absent"
    },
    {
      "path": "submission-package/essay/symbolon/episteme/concepts/C55-Reflective-Field-Mirror-That-Moves-First.md",
      "authority": "canonical-argument",
      "kind": "missing-register",
      "detail": "unratified-register-census"
    },
    {
      "path": "submission-package/essay/symbolon/episteme/concepts/C56-Compassion-Sensitivity-to-Origins.md",
      "authority": "canonical-argument",
      "kind": "thin-concept",
      "detail": "missing concept surfaces: definition-surface, argument-role-surface, source-anchors, claim-status",
      "missing": [
        "definition-surface",
        "argument-role-surface",
        "source-anchors",
        "claim-status"
      ]
    },
    {
      "path": "submission-package/essay/symbolon/episteme/concepts/C56-Compassion-Sensitivity-to-Origins.md",
      "authority": "canonical-argument",
      "kind": "missing-status",
      "detail": "claim_status is absent"
    },
    {
      "path": "submission-package/essay/symbolon/episteme/concepts/C56-Compassion-Sensitivity-to-Origins.md",
      "authority": "canonical-argument",
      "kind": "missing-register",
      "detail": "unratified-register-census"
    },
    {
      "path": "submission-package/essay/symbolon/episteme/concepts/C57-Agentworld.md",
      "authority": "canonical-argument",
      "kind": "thin-concept",
      "detail": "missing concept surfaces: definition-surface, argument-role-surface, source-anchors, claim-status",
      "missing": [
        "definition-surface",
        "argument-role-surface",
        "source-anchors",
        "claim-status"
      ]
    },
    {
      "path": "submission-package/essay/symbolon/episteme/concepts/C57-Agentworld.md",
      "authority": "canonical-argument",
      "kind": "missing-status",
      "detail": "claim_status is absent"
    },
    {
      "path": "submission-package/essay/symbolon/episteme/concepts/C57-Agentworld.md",
      "authority": "canonical-argument",
      "kind": "missing-register",
      "detail": "unratified-register-census"
    },
    {
      "path": "submission-package/essay/symbolon/episteme/concepts/C58-Anthropomorphization.md",
      "authority": "canonical-argument",
      "kind": "thin-concept",
      "detail": "missing concept surfaces: definition-surface, argument-role-surface, source-anchors, claim-status",
      "missing": [
        "definition-surface",
        "argument-role-surface",
        "source-anchors",
        "claim-status"
      ]
    },
    {
      "path": "submission-package/essay/symbolon/episteme/concepts/C58-Anthropomorphization.md",
      "authority": "canonical-argument",
      "kind": "missing-status",
      "detail": "claim_status is absent"
    },
    {
      "path": "submission-package/essay/symbolon/episteme/concepts/C58-Anthropomorphization.md",
      "authority": "canonical-argument",
      "kind": "missing-register",
      "detail": "unratified-register-census"
    },
    {
      "path": "submission-package/essay/symbolon/episteme/concepts/C59-Cultural-Individuation-Epi-Logos-as-Culture.md",
      "authority": "canonical-argument",
      "kind": "thin-concept",
      "detail": "missing concept surfaces: definition-surface, argument-role-surface, source-anchors, claim-status",
      "missing": [
        "definition-surface",
        "argument-role-surface",
        "source-anchors",
        "claim-status"
      ]
    },
    {
      "path": "submission-package/essay/symbolon/episteme/concepts/C59-Cultural-Individuation-Epi-Logos-as-Culture.md",
      "authority": "canonical-argument",
      "kind": "missing-status",
      "detail": "claim_status is absent"
    },
    {
      "path": "submission-package/essay/symbolon/episteme/concepts/C59-Cultural-Individuation-Epi-Logos-as-Culture.md",
      "authority": "canonical-argument",
      "kind": "missing-register",
      "detail": "unratified-register-census"
    },
    {
      "path": "submission-package/essay/symbolon/episteme/concepts/C60-Idealism-Order-of-Dependence.md",
      "authority": "canonical-argument",
      "kind": "thin-concept",
      "detail": "missing concept surfaces: definition-surface, argument-role-surface, source-anchors, claim-status",
      "missing": [
        "definition-surface",
        "argument-role-surface",
        "source-anchors",
        "claim-status"
      ]
    },
    {
      "path": "submission-package/essay/symbolon/episteme/concepts/C60-Idealism-Order-of-Dependence.md",
      "authority": "canonical-argument",
      "kind": "missing-status",
      "detail": "claim_status is absent"
    },
    {
      "path": "submission-package/essay/symbolon/episteme/concepts/C60-Idealism-Order-of-Dependence.md",
      "authority": "canonical-argument",
      "kind": "missing-register",
      "detail": "unratified-register-census"
    },
    {
      "path": "submission-package/essay/symbolon/episteme/concepts/C61-Symbolon-Disclosure-Architecture.md",
      "authority": "canonical-argument",
      "kind": "thin-concept",
      "detail": "missing concept surfaces: definition-surface, argument-role-surface, source-anchors, claim-status",
      "missing": [
        "definition-surface",
        "argument-role-surface",
        "source-anchors",
        "claim-status"
      ]
    },
    {
      "path": "submission-package/essay/symbolon/episteme/concepts/C61-Symbolon-Disclosure-Architecture.md",
      "authority": "canonical-argument",
      "kind": "missing-status",
      "detail": "claim_status is absent"
    },
    {
      "path": "submission-package/essay/symbolon/episteme/concepts/C61-Symbolon-Disclosure-Architecture.md",
      "authority": "canonical-argument",
      "kind": "missing-register",
      "detail": "unratified-register-census"
    },
    {
      "path": "submission-package/essay/symbolon/episteme/concepts/C62-Planetary-Computation.md",
      "authority": "canonical-argument",
      "kind": "thin-concept",
      "detail": "missing concept surfaces: definition-surface, argument-role-surface, source-anchors, claim-status",
      "missing": [
        "definition-surface",
        "argument-role-surface",
        "source-anchors",
        "claim-status"
      ]
    },
    {
      "path": "submission-package/essay/symbolon/episteme/concepts/C62-Planetary-Computation.md",
      "authority": "canonical-argument",
      "kind": "missing-status",
      "detail": "claim_status is absent"
    },
    {
      "path": "submission-package/essay/symbolon/episteme/concepts/C62-Planetary-Computation.md",
      "authority": "canonical-argument",
      "kind": "missing-register",
      "detail": "unratified-register-census"
    },
    {
      "path": "submission-package/essay/symbolon/episteme/concepts/C63-Pros-Hen-In-Quantum-Focal-Return-Qualified-Predication.md",
      "authority": "canonical-argument",
      "kind": "thin-concept",
      "detail": "missing concept surfaces: definition-surface, argument-role-surface, source-anchors, claim-status",
      "missing": [
        "definition-surface",
        "argument-role-surface",
        "source-anchors",
        "claim-status"
      ]
    },
    {
      "path": "submission-package/essay/symbolon/episteme/concepts/C63-Pros-Hen-In-Quantum-Focal-Return-Qualified-Predication.md",
      "authority": "canonical-argument",
      "kind": "missing-status",
      "detail": "claim_status is absent"
    },
    {
      "path": "submission-package/essay/symbolon/episteme/concepts/C63-Pros-Hen-In-Quantum-Focal-Return-Qualified-Predication.md",
      "authority": "canonical-argument",
      "kind": "missing-register",
      "detail": "unratified-register-census"
    },
    {
      "path": "submission-package/essay/symbolon/episteme/concepts/C64-Paradox-Transforming-the-Containing-Field.md",
      "authority": "canonical-argument",
      "kind": "thin-concept",
      "detail": "missing concept surfaces: definition-surface, argument-role-surface, source-anchors, claim-status",
      "missing": [
        "definition-surface",
        "argument-role-surface",
        "source-anchors",
        "claim-status"
      ]
    },
    {
      "path": "submission-package/essay/symbolon/episteme/concepts/C64-Paradox-Transforming-the-Containing-Field.md",
      "authority": "canonical-argument",
      "kind": "missing-status",
      "detail": "claim_status is absent"
    },
    {
      "path": "submission-package/essay/symbolon/episteme/concepts/C64-Paradox-Transforming-the-Containing-Field.md",
      "authority": "canonical-argument",
      "kind": "missing-register",
      "detail": "unratified-register-census"
    },
    {
      "path": "submission-package/essay/symbolon/episteme/concepts/CANONICAL-INDEX.md",
      "authority": "canonical-argument",
      "kind": "thin-concept",
      "detail": "missing concept surfaces: definition-surface, argument-role-surface, source-anchors, claim-status",
      "missing": [
        "definition-surface",
        "argument-role-surface",
        "source-anchors",
        "claim-status"
      ]
    },
    {
      "path": "submission-package/essay/symbolon/episteme/concepts/CANONICAL-INDEX.md",
      "authority": "canonical-argument",
      "kind": "missing-status",
      "detail": "claim_status is absent"
    },
    {
      "path": "submission-package/essay/symbolon/episteme/concepts/CANONICAL-INDEX.md",
      "authority": "canonical-argument",
      "kind": "missing-register",
      "detail": "unratified-register-census"
    },
    {
      "path": "submission-package/essay/symbolon/episteme/sources/internal-corpus/taylor/taylor-2026-core-theorems-pithy/AUTHORIAL-TEXT.md",
      "authority": "source-authority",
      "kind": "unresolved-link",
      "detail": "Antykathera Essay Work",
      "relation": "wikilink"
    },
    {
      "path": "submission-package/essay/section-rooms/00-integral-threshold/READING.md",
      "authority": "generated-locator",
      "kind": "stale-bkmr-adapter",
      "detail": "rooms-00-integral-threshold-READING"
    },
    {
      "path": "submission-package/essay/section-rooms/02-return-of-zero/READING.md",
      "authority": "generated-locator",
      "kind": "stale-bkmr-adapter",
      "detail": "rooms-02-return-of-zero-READING"
    },
    {
      "path": "submission-package/essay/section-rooms/README.md",
      "authority": "generated-locator",
      "kind": "stale-bkmr-adapter",
      "detail": "rooms-section-rooms-README"
    },
    {
      "path": "submission-package/essay/section-rooms/arguments/02-objective-internality.md",
      "authority": "generated-locator",
      "kind": "stale-bkmr-adapter",
      "detail": "arguments-02-objective-internality"
    },
    {
      "path": "submission-package/essay/section-rooms/arguments/06-computational-vimarsa-ahi.md",
      "authority": "generated-locator",
      "kind": "stale-bkmr-adapter",
      "detail": "arguments-06-computational-vimarsa-ahi"
    },
    {
      "path": "submission-package/essay/section-rooms/arguments/14-computational-process-ontology.md",
      "authority": "generated-locator",
      "kind": "stale-bkmr-adapter",
      "detail": "arguments-14-computational-process-ontology"
    },
    {
      "path": "submission-package/essay/section-rooms/arguments/16-bohmian-enfoldment-dialogical-return.md",
      "authority": "generated-locator",
      "kind": "stale-bkmr-adapter",
      "detail": "arguments-16-bohmian-enfoldment-dialogical-return"
    },
    {
      "path": "submission-package/essay/symbolon/episteme/concepts/README.md",
      "authority": "generated-locator",
      "kind": "stale-bkmr-adapter",
      "detail": "concepts-README"
    },
    {
      "path": "submission-package/essay/symbolon/episteme/concepts/bimba-pratibimba.md",
      "authority": "generated-locator",
      "kind": "stale-bkmr-adapter",
      "detail": "concepts-bimba-pratibimba"
    },
    {
      "path": "submission-package/essay/symbolon/episteme/concepts/index.md",
      "authority": "generated-locator",
      "kind": "stale-bkmr-adapter",
      "detail": "concepts-index"
    },
    {
      "path": "submission-package/essay/symbolon/episteme/concepts/j-space.md",
      "authority": "generated-locator",
      "kind": "stale-bkmr-adapter",
      "detail": "concepts-j-space"
    },
    {
      "path": "submission-package/essay/section-rooms/01-differentiating-mind/movements/11-s0-p4-tattvic-compression.md",
      "authority": "generated-locator",
      "kind": "stale-bkmr-adapter",
      "detail": "sections-11-s0-p4-tattvic-compression"
    },
    {
      "path": "submission-package/essay/section-rooms/06-objective-internality/movements/37-s5-p0-math-moves-meaning.md",
      "authority": "generated-locator",
      "kind": "stale-bkmr-adapter",
      "detail": "sections-37-s5-p0-math-moves-meaning"
    },
    {
      "path": "submission-package/essay/section-rooms/06-objective-internality/movements/38-s5-p1-apoha-softmax.md",
      "authority": "generated-locator",
      "kind": "stale-bkmr-adapter",
      "detail": "sections-38-s5-p1-apoha-softmax"
    },
    {
      "path": "submission-package/essay/section-rooms/06-objective-internality/movements/39-s5-p2-j-space.md",
      "authority": "generated-locator",
      "kind": "stale-bkmr-adapter",
      "detail": "sections-39-s5-p2-j-space"
    },
    {
      "path": "submission-package/essay/section-rooms/06-objective-internality/movements/40-s5-p3-preference-hidden-zero.md",
      "authority": "generated-locator",
      "kind": "stale-bkmr-adapter",
      "detail": "sections-40-s5-p3-preference-hidden-zero"
    },
    {
      "path": "submission-package/essay/section-rooms/06-objective-internality/movements/41-s5-p4-bimba-energy-fields.md",
      "authority": "generated-locator",
      "kind": "stale-bkmr-adapter",
      "detail": "sections-41-s5-p4-bimba-energy-fields"
    },
    {
      "path": "submission-package/essay/section-rooms/06-objective-internality/movements/42-s5-p5-research-vectors.md",
      "authority": "generated-locator",
      "kind": "stale-bkmr-adapter",
      "detail": "sections-42-s5-p5-research-vectors"
    },
    {
      "path": "submission-package/essay/section-rooms/07-instrument-returns/movements/44-s50-p1-ql-mef-bimba-harness.md",
      "authority": "generated-locator",
      "kind": "stale-bkmr-adapter",
      "detail": "sections-44-s50-p1-ql-mef-bimba-harness"
    },
    {
      "path": "submission-package/essay/section-rooms/07-instrument-returns/movements/46-s50-p3-4-2-mono-poly.md",
      "authority": "generated-locator",
      "kind": "stale-bkmr-adapter",
      "detail": "sections-46-s50-p3-4-2-mono-poly"
    },
    {
      "path": "submission-package/essay/section-rooms/07-instrument-returns/movements/47-s50-p4-idealism-horizon.md",
      "authority": "generated-locator",
      "kind": "stale-bkmr-adapter",
      "detail": "sections-47-s50-p4-idealism-horizon"
    },
    {
      "path": "submission-package/essay/section-rooms/07-instrument-returns/movements/48-s50-p5-ahi-planetary-return.md",
      "authority": "generated-locator",
      "kind": "stale-bkmr-adapter",
      "detail": "sections-48-s50-p5-ahi-planetary-return"
    }
  ]
}
