build	Set up job	﻿2026-10-04T17:48:37.6805139Z Current runner version: '2.337.0'
build	Set up job	2026-10-04T17:48:37.6832615Z ##[group]Runner Image Provisioner
build	Set up job	2026-10-04T17:48:37.6833525Z Hosted Compute Agent
build	Set up job	2026-10-04T17:48:37.6834189Z Version: 20260901.588
build	Set up job	2026-10-04T17:48:37.6834847Z Commit: f88ec8081b781fac6c440065ac7ff9e710ce3d0b
build	Set up job	2026-10-04T17:48:37.6836052Z Build Date: 2026-09-01T19:56:44Z
build	Set up job	2026-10-04T17:48:37.6836829Z Worker ID: {ad71567f-ae22-4e24-96a0-a6c574a657cd}
build	Set up job	2026-10-04T17:48:37.6837593Z Azure Region: northcentralus
build	Set up job	2026-10-04T17:48:37.6838236Z ##[endgroup]
build	Set up job	2026-10-04T17:48:37.6840200Z ##[group]Operating System
build	Set up job	2026-10-04T17:48:37.6840858Z Ubuntu
build	Set up job	2026-10-04T17:48:37.6841596Z 24.04.5
build	Set up job	2026-10-04T17:48:37.6842324Z LTS
build	Set up job	2026-10-04T17:48:37.6842838Z ##[endgroup]
build	Set up job	2026-10-04T17:48:37.6843474Z ##[group]Runner Image
build	Set up job	2026-10-04T17:48:37.6844111Z Image: ubuntu-24.04
build	Set up job	2026-10-04T17:48:37.6844723Z Version: 20260927.320.1
build	Set up job	2026-10-04T17:48:37.6846062Z Included Software: https://github.com/actions/runner-images/blob/ubuntu24/20260927.320/images/ubuntu/Ubuntu2404-Readme.md
build	Set up job	2026-10-04T17:48:37.6847885Z Image Release: https://github.com/actions/runner-images/releases/tag/ubuntu24%2F20260927.320
build	Set up job	2026-10-04T17:48:37.6848889Z ##[endgroup]
build	Set up job	2026-10-04T17:48:37.6850131Z ##[group]GITHUB_TOKEN Permissions
build	Set up job	2026-10-04T17:48:37.6852425Z Contents: read
build	Set up job	2026-10-04T17:48:37.6853141Z Metadata: read
build	Set up job	2026-10-04T17:48:37.6853710Z Pages: write
build	Set up job	2026-10-04T17:48:37.6854247Z ##[endgroup]
build	Set up job	2026-10-04T17:48:37.6857003Z Secret source: Actions
build	Set up job	2026-10-04T17:48:37.6857977Z Cache mode: write
build	Set up job	2026-10-04T17:48:37.6858853Z Prepare workflow directory
build	Set up job	2026-10-04T17:48:37.7286129Z Prepare all required actions
build	Set up job	2026-10-04T17:48:37.7337325Z Getting action download info
build	Set up job	2026-10-04T17:48:38.0025766Z Download action repository 'actions/checkout@v4' (SHA:11d5960a326750d5838078e36cf38b85af677262)
build	Set up job	2026-10-04T17:48:38.1140959Z Download action repository 'actions/setup-node@v4' (SHA:49933ea5288caeca8642d1e84afbd3f7d6820020)
build	Set up job	2026-10-04T17:48:38.2177584Z Download action repository 'actions/upload-artifact@v4' (SHA:ea165f8d65b6e75b540449e92b4886f43607fa02)
build	Set up job	2026-10-04T17:48:38.3222235Z Download action repository 'actions/configure-pages@v5' (SHA:983d7736d9b0ae728b81ab479565c72886d7745b)
build	Set up job	2026-10-04T17:48:38.5927485Z Download action repository 'actions/upload-pages-artifact@v3' (SHA:56afc609e74202658d3ffba0e8f6dda462b719fa)
build	Set up job	2026-10-04T17:48:38.8596939Z Getting action download info
build	Set up job	2026-10-04T17:48:38.9620022Z Complete job name: build
build	Run actions/checkout@v4	﻿2026-10-04T17:48:39.0558987Z ##[group]Run actions/checkout@v4
build	Run actions/checkout@v4	2026-10-04T17:48:39.0559912Z with:
build	Run actions/checkout@v4	2026-10-04T17:48:39.0560385Z   repository: EpiLogos/O-I
build	Run actions/checkout@v4	2026-10-04T17:48:39.0564030Z   token: ***
build	Run actions/checkout@v4	2026-10-04T17:48:39.0564484Z   ssh-strict: true
build	Run actions/checkout@v4	2026-10-04T17:48:39.0565167Z   ssh-user: git
build	Run actions/checkout@v4	2026-10-04T17:48:39.0565647Z   persist-credentials: true
build	Run actions/checkout@v4	2026-10-04T17:48:39.0566155Z   clean: true
build	Run actions/checkout@v4	2026-10-04T17:48:39.0566620Z   sparse-checkout-cone-mode: true
build	Run actions/checkout@v4	2026-10-04T17:48:39.0567156Z   fetch-depth: 1
build	Run actions/checkout@v4	2026-10-04T17:48:39.0567607Z   fetch-tags: false
build	Run actions/checkout@v4	2026-10-04T17:48:39.0568067Z   show-progress: true
build	Run actions/checkout@v4	2026-10-04T17:48:39.0568548Z   lfs: false
build	Run actions/checkout@v4	2026-10-04T17:48:39.0568974Z   submodules: false
build	Run actions/checkout@v4	2026-10-04T17:48:39.0569439Z   set-safe-directory: true
build	Run actions/checkout@v4	2026-10-04T17:48:39.0569960Z   allow-unsafe-pr-checkout: false
build	Run actions/checkout@v4	2026-10-04T17:48:39.0570751Z ##[endgroup]
build	Run actions/checkout@v4	2026-10-04T17:48:39.1621991Z Syncing repository: EpiLogos/O-I
build	Run actions/checkout@v4	2026-10-04T17:48:39.1624651Z ##[group]Getting Git version info
build	Run actions/checkout@v4	2026-10-04T17:48:39.1626196Z Working directory is '/home/runner/work/O-I/O-I'
build	Run actions/checkout@v4	2026-10-04T17:48:39.1627883Z [command]/usr/bin/git version
build	Run actions/checkout@v4	2026-10-04T17:48:39.1721086Z git version 2.55.0
build	Run actions/checkout@v4	2026-10-04T17:48:39.1756800Z ##[endgroup]
build	Run actions/checkout@v4	2026-10-04T17:48:39.1765898Z Temporarily overriding HOME='/home/runner/work/_temp/c77e0f2e-5e34-4516-97b9-16f21d4bba9c' before making global git config changes
build	Run actions/checkout@v4	2026-10-04T17:48:39.1768576Z Adding repository directory to the temporary git global config as a safe directory
build	Run actions/checkout@v4	2026-10-04T17:48:39.1770616Z [command]/usr/bin/git config --global --add safe.directory /home/runner/work/O-I/O-I
build	Run actions/checkout@v4	2026-10-04T17:48:39.1829751Z Deleting the contents of '/home/runner/work/O-I/O-I'
build	Run actions/checkout@v4	2026-10-04T17:48:39.1836716Z ##[group]Initializing the repository
build	Run actions/checkout@v4	2026-10-04T17:48:39.1841850Z [command]/usr/bin/git init /home/runner/work/O-I/O-I
build	Run actions/checkout@v4	2026-10-04T17:48:39.1972620Z hint: Using 'master' as the name for the initial branch. This default branch name
build	Run actions/checkout@v4	2026-10-04T17:48:39.1973899Z hint: will change to "main" in Git 3.0. To configure the initial branch name
build	Run actions/checkout@v4	2026-10-04T17:48:39.1975224Z hint: to use in all of your new repositories, which will suppress this warning,
build	Run actions/checkout@v4	2026-10-04T17:48:39.1976159Z hint: call:
build	Run actions/checkout@v4	2026-10-04T17:48:39.1976599Z hint:
build	Run actions/checkout@v4	2026-10-04T17:48:39.1977158Z hint: 	git config --global init.defaultBranch <name>
build	Run actions/checkout@v4	2026-10-04T17:48:39.1977828Z hint:
build	Run actions/checkout@v4	2026-10-04T17:48:39.1978446Z hint: Names commonly chosen instead of 'master' are 'main', 'trunk' and
build	Run actions/checkout@v4	2026-10-04T17:48:39.1979454Z hint: 'development'. The just-created branch can be renamed via this command:
build	Run actions/checkout@v4	2026-10-04T17:48:39.1980269Z hint:
build	Run actions/checkout@v4	2026-10-04T17:48:39.1980720Z hint: 	git branch -m <name>
build	Run actions/checkout@v4	2026-10-04T17:48:39.1981255Z hint:
build	Run actions/checkout@v4	2026-10-04T17:48:39.1981930Z hint: Disable this message with "git config set advice.defaultBranchName false"
build	Run actions/checkout@v4	2026-10-04T17:48:39.1988563Z Initialized empty Git repository in /home/runner/work/O-I/O-I/.git/
build	Run actions/checkout@v4	2026-10-04T17:48:39.2006256Z [command]/usr/bin/git remote add origin https://github.com/EpiLogos/O-I
build	Run actions/checkout@v4	2026-10-04T17:48:39.2065458Z ##[endgroup]
build	Run actions/checkout@v4	2026-10-04T17:48:39.2066902Z ##[group]Disabling automatic garbage collection
build	Run actions/checkout@v4	2026-10-04T17:48:39.2070533Z [command]/usr/bin/git config --local gc.auto 0
build	Run actions/checkout@v4	2026-10-04T17:48:39.2103324Z ##[endgroup]
build	Run actions/checkout@v4	2026-10-04T17:48:39.2104515Z ##[group]Setting up auth
build	Run actions/checkout@v4	2026-10-04T17:48:39.2111845Z [command]/usr/bin/git config --local --name-only --get-regexp core\.sshCommand
build	Run actions/checkout@v4	2026-10-04T17:48:39.2149387Z [command]/usr/bin/git submodule foreach --recursive sh -c "git config --local --name-only --get-regexp 'core\.sshCommand' && git config --local --unset-all 'core.sshCommand' || :"
build	Run actions/checkout@v4	2026-10-04T17:48:39.2569631Z [command]/usr/bin/git config --local --name-only --get-regexp http\.https\:\/\/github\.com\/\.extraheader
build	Run actions/checkout@v4	2026-10-04T17:48:39.2609715Z [command]/usr/bin/git submodule foreach --recursive sh -c "git config --local --name-only --get-regexp 'http\.https\:\/\/github\.com\/\.extraheader' && git config --local --unset-all 'http.https://github.com/.extraheader' || :"
build	Run actions/checkout@v4	2026-10-04T17:48:39.2889172Z [command]/usr/bin/git config --local --name-only --get-regexp ^includeIf\.gitdir:
build	Run actions/checkout@v4	2026-10-04T17:48:39.2926522Z [command]/usr/bin/git submodule foreach --recursive git config --local --show-origin --name-only --get-regexp remote.origin.url
build	Run actions/checkout@v4	2026-10-04T17:48:39.3159579Z [command]/usr/bin/git config --local http.https://github.com/.extraheader AUTHORIZATION: basic ***
build	Run actions/checkout@v4	2026-10-04T17:48:39.3202186Z ##[endgroup]
build	Run actions/checkout@v4	2026-10-04T17:48:39.3203123Z ##[group]Fetching the repository
build	Run actions/checkout@v4	2026-10-04T17:48:39.3213907Z [command]/usr/bin/git -c protocol.version=2 fetch --no-tags --prune --no-recurse-submodules --depth=1 origin +4ed9edb102ad0b2a4208df9a3373bef462e10e09:refs/remotes/pull/582/merge
build	Run actions/checkout@v4	2026-10-04T17:48:44.6867349Z From https://github.com/EpiLogos/O-I
build	Run actions/checkout@v4	2026-10-04T17:48:44.6869844Z  * [new ref]         4ed9edb102ad0b2a4208df9a3373bef462e10e09 -> pull/582/merge
build	Run actions/checkout@v4	2026-10-04T17:48:44.6876030Z ##[endgroup]
build	Run actions/checkout@v4	2026-10-04T17:48:44.6878448Z ##[group]Determining the checkout info
build	Run actions/checkout@v4	2026-10-04T17:48:44.6880994Z ##[endgroup]
build	Run actions/checkout@v4	2026-10-04T17:48:44.6883577Z [command]/usr/bin/git sparse-checkout disable
build	Run actions/checkout@v4	2026-10-04T17:48:44.6957337Z [command]/usr/bin/git config --local --unset-all extensions.worktreeConfig
build	Run actions/checkout@v4	2026-10-04T17:48:44.6993451Z ##[group]Checking out the ref
build	Run actions/checkout@v4	2026-10-04T17:48:44.6997807Z [command]/usr/bin/git checkout --progress --force refs/remotes/pull/582/merge
build	Run actions/checkout@v4	2026-10-04T17:48:45.7512116Z Updating files:  68% (4288/6220)
build	Run actions/checkout@v4	2026-10-04T17:48:45.8865729Z Updating files:  69% (4292/6220)
build	Run actions/checkout@v4	2026-10-04T17:48:45.8944567Z Updating files:  70% (4354/6220)
build	Run actions/checkout@v4	2026-10-04T17:48:45.8988235Z Updating files:  71% (4417/6220)
build	Run actions/checkout@v4	2026-10-04T17:48:45.9036404Z Updating files:  72% (4479/6220)
build	Run actions/checkout@v4	2026-10-04T17:48:45.9074079Z Updating files:  73% (4541/6220)
build	Run actions/checkout@v4	2026-10-04T17:48:45.9120071Z Updating files:  74% (4603/6220)
build	Run actions/checkout@v4	2026-10-04T17:48:45.9166027Z Updating files:  75% (4665/6220)
build	Run actions/checkout@v4	2026-10-04T17:48:45.9211785Z Updating files:  76% (4728/6220)
build	Run actions/checkout@v4	2026-10-04T17:48:45.9262624Z Updating files:  77% (4790/6220)
build	Run actions/checkout@v4	2026-10-04T17:48:46.0197108Z Updating files:  78% (4852/6220)
build	Run actions/checkout@v4	2026-10-04T17:48:46.0233538Z Updating files:  79% (4914/6220)
build	Run actions/checkout@v4	2026-10-04T17:48:46.0298997Z Updating files:  80% (4976/6220)
build	Run actions/checkout@v4	2026-10-04T17:48:46.0358132Z Updating files:  81% (5039/6220)
build	Run actions/checkout@v4	2026-10-04T17:48:46.0408179Z Updating files:  82% (5101/6220)
build	Run actions/checkout@v4	2026-10-04T17:48:46.0461460Z Updating files:  83% (5163/6220)
build	Run actions/checkout@v4	2026-10-04T17:48:46.0522442Z Updating files:  84% (5225/6220)
build	Run actions/checkout@v4	2026-10-04T17:48:46.0612525Z Updating files:  85% (5287/6220)
build	Run actions/checkout@v4	2026-10-04T17:48:46.0692435Z Updating files:  86% (5350/6220)
build	Run actions/checkout@v4	2026-10-04T17:48:46.0789141Z Updating files:  87% (5412/6220)
build	Run actions/checkout@v4	2026-10-04T17:48:46.0876044Z Updating files:  88% (5474/6220)
build	Run actions/checkout@v4	2026-10-04T17:48:46.0951339Z Updating files:  89% (5536/6220)
build	Run actions/checkout@v4	2026-10-04T17:48:46.1002576Z Updating files:  90% (5598/6220)
build	Run actions/checkout@v4	2026-10-04T17:48:46.1049305Z Updating files:  91% (5661/6220)
build	Run actions/checkout@v4	2026-10-04T17:48:46.1131250Z Updating files:  92% (5723/6220)
build	Run actions/checkout@v4	2026-10-04T17:48:46.1204246Z Updating files:  93% (5785/6220)
build	Run actions/checkout@v4	2026-10-04T17:48:46.1308032Z Updating files:  94% (5847/6220)
build	Run actions/checkout@v4	2026-10-04T17:48:46.1338668Z Updating files:  95% (5909/6220)
build	Run actions/checkout@v4	2026-10-04T17:48:46.1369292Z Updating files:  96% (5972/6220)
build	Run actions/checkout@v4	2026-10-04T17:48:46.2007250Z Updating files:  97% (6034/6220)
build	Run actions/checkout@v4	2026-10-04T17:48:46.2063023Z Updating files:  98% (6096/6220)
build	Run actions/checkout@v4	2026-10-04T17:48:46.2161216Z Updating files:  99% (6158/6220)
build	Run actions/checkout@v4	2026-10-04T17:48:46.2161991Z Updating files: 100% (6220/6220)
build	Run actions/checkout@v4	2026-10-04T17:48:46.2162476Z Updating files: 100% (6220/6220), done.
build	Run actions/checkout@v4	2026-10-04T17:48:46.2368749Z Note: switching to 'refs/remotes/pull/582/merge'.
build	Run actions/checkout@v4	2026-10-04T17:48:46.2369414Z 
build	Run actions/checkout@v4	2026-10-04T17:48:46.2369843Z You are in 'detached HEAD' state. You can look around, make experimental
build	Run actions/checkout@v4	2026-10-04T17:48:46.2370802Z changes and commit them, and you can discard any commits you make in this
build	Run actions/checkout@v4	2026-10-04T17:48:46.2376462Z state without impacting any branches by switching back to a branch.
build	Run actions/checkout@v4	2026-10-04T17:48:46.2376985Z 
build	Run actions/checkout@v4	2026-10-04T17:48:46.2377324Z If you want to create a new branch to retain commits you create, you may
build	Run actions/checkout@v4	2026-10-04T17:48:46.2378129Z do so (now or later) by using -c with the switch command. Example:
build	Run actions/checkout@v4	2026-10-04T17:48:46.2378585Z 
build	Run actions/checkout@v4	2026-10-04T17:48:46.2378803Z   git switch -c <new-branch-name>
build	Run actions/checkout@v4	2026-10-04T17:48:46.2379316Z 
build	Run actions/checkout@v4	2026-10-04T17:48:46.2379441Z Or undo this operation with:
build	Run actions/checkout@v4	2026-10-04T17:48:46.2379617Z 
build	Run actions/checkout@v4	2026-10-04T17:48:46.2379706Z   git switch -
build	Run actions/checkout@v4	2026-10-04T17:48:46.2379843Z 
build	Run actions/checkout@v4	2026-10-04T17:48:46.2380066Z Turn off this advice by setting config variable advice.detachedHead to false
build	Run actions/checkout@v4	2026-10-04T17:48:46.2380424Z 
build	Run actions/checkout@v4	2026-10-04T17:48:46.2381060Z HEAD is now at 4ed9edb Merge 73a06f0e108dfb417ea42ac50130a6b681bd5e58 into 5c74f16120e688b2969ea848e797d1062485ed77
build	Run actions/checkout@v4	2026-10-04T17:48:46.2474656Z ##[endgroup]
build	Run actions/checkout@v4	2026-10-04T17:48:46.2556491Z [command]/usr/bin/git log -1 --format=%H
build	Run actions/checkout@v4	2026-10-04T17:48:46.2596253Z 4ed9edb102ad0b2a4208df9a3373bef462e10e09
build	Check out the pinned native Expression corpus	﻿2026-10-04T17:48:46.2936713Z ##[group]Run actions/checkout@v4
build	Check out the pinned native Expression corpus	2026-10-04T17:48:46.2937057Z with:
build	Check out the pinned native Expression corpus	2026-10-04T17:48:46.2937432Z   repository: EpiLogos/Point-Cloud-Demo
build	Check out the pinned native Expression corpus	2026-10-04T17:48:46.2937765Z   ref: e875344c04c14228840665a91823edc42b078fb2
build	Check out the pinned native Expression corpus	2026-10-04T17:48:46.2938092Z   path: .publication-sources/Point-Cloud-Demo
build	Check out the pinned native Expression corpus	2026-10-04T17:48:46.2938398Z   persist-credentials: false
build	Check out the pinned native Expression corpus	2026-10-04T17:48:46.2941104Z   token: ***
build	Check out the pinned native Expression corpus	2026-10-04T17:48:46.2941326Z   ssh-strict: true
build	Check out the pinned native Expression corpus	2026-10-04T17:48:46.2941537Z   ssh-user: git
build	Check out the pinned native Expression corpus	2026-10-04T17:48:46.2941736Z   clean: true
build	Check out the pinned native Expression corpus	2026-10-04T17:48:46.2941950Z   sparse-checkout-cone-mode: true
build	Check out the pinned native Expression corpus	2026-10-04T17:48:46.2942215Z   fetch-depth: 1
build	Check out the pinned native Expression corpus	2026-10-04T17:48:46.2942413Z   fetch-tags: false
build	Check out the pinned native Expression corpus	2026-10-04T17:48:46.2942795Z   show-progress: true
build	Check out the pinned native Expression corpus	2026-10-04T17:48:46.2943054Z   lfs: false
build	Check out the pinned native Expression corpus	2026-10-04T17:48:46.2943245Z   submodules: false
build	Check out the pinned native Expression corpus	2026-10-04T17:48:46.2943463Z   set-safe-directory: true
build	Check out the pinned native Expression corpus	2026-10-04T17:48:46.2943715Z   allow-unsafe-pr-checkout: false
build	Check out the pinned native Expression corpus	2026-10-04T17:48:46.2944217Z ##[endgroup]
build	Check out the pinned native Expression corpus	2026-10-04T17:48:46.3857835Z Syncing repository: EpiLogos/Point-Cloud-Demo
build	Check out the pinned native Expression corpus	2026-10-04T17:48:46.3869827Z ##[group]Getting Git version info
build	Check out the pinned native Expression corpus	2026-10-04T17:48:46.3876265Z Working directory is '/home/runner/work/O-I/O-I/.publication-sources/Point-Cloud-Demo'
build	Check out the pinned native Expression corpus	2026-10-04T17:48:46.3899349Z [command]/usr/bin/git version
build	Check out the pinned native Expression corpus	2026-10-04T17:48:46.3944172Z git version 2.55.0
build	Check out the pinned native Expression corpus	2026-10-04T17:48:46.3973480Z ##[endgroup]
build	Check out the pinned native Expression corpus	2026-10-04T17:48:46.3981154Z Temporarily overriding HOME='/home/runner/work/_temp/6fe0297f-072e-45b8-931c-048ea4245f34' before making global git config changes
build	Check out the pinned native Expression corpus	2026-10-04T17:48:46.3982918Z Adding repository directory to the temporary git global config as a safe directory
build	Check out the pinned native Expression corpus	2026-10-04T17:48:46.3987814Z [command]/usr/bin/git config --global --add safe.directory /home/runner/work/O-I/O-I/.publication-sources/Point-Cloud-Demo
build	Check out the pinned native Expression corpus	2026-10-04T17:48:46.4024984Z ##[group]Initializing the repository
build	Check out the pinned native Expression corpus	2026-10-04T17:48:46.4029985Z [command]/usr/bin/git init /home/runner/work/O-I/O-I/.publication-sources/Point-Cloud-Demo
build	Check out the pinned native Expression corpus	2026-10-04T17:48:46.4078359Z hint: Using 'master' as the name for the initial branch. This default branch name
build	Check out the pinned native Expression corpus	2026-10-04T17:48:46.4079458Z hint: will change to "main" in Git 3.0. To configure the initial branch name
build	Check out the pinned native Expression corpus	2026-10-04T17:48:46.4081206Z hint: to use in all of your new repositories, which will suppress this warning,
build	Check out the pinned native Expression corpus	2026-10-04T17:48:46.4081870Z hint: call:
build	Check out the pinned native Expression corpus	2026-10-04T17:48:46.4082184Z hint:
build	Check out the pinned native Expression corpus	2026-10-04T17:48:46.4082604Z hint: 	git config --global init.defaultBranch <name>
build	Check out the pinned native Expression corpus	2026-10-04T17:48:46.4083124Z hint:
build	Check out the pinned native Expression corpus	2026-10-04T17:48:46.4083613Z hint: Names commonly chosen instead of 'master' are 'main', 'trunk' and
build	Check out the pinned native Expression corpus	2026-10-04T17:48:46.4084464Z hint: 'development'. The just-created branch can be renamed via this command:
build	Check out the pinned native Expression corpus	2026-10-04T17:48:46.4085442Z hint:
build	Check out the pinned native Expression corpus	2026-10-04T17:48:46.4085777Z hint: 	git branch -m <name>
build	Check out the pinned native Expression corpus	2026-10-04T17:48:46.4086160Z hint:
build	Check out the pinned native Expression corpus	2026-10-04T17:48:46.4086702Z hint: Disable this message with "git config set advice.defaultBranchName false"
build	Check out the pinned native Expression corpus	2026-10-04T17:48:46.4088076Z Initialized empty Git repository in /home/runner/work/O-I/O-I/.publication-sources/Point-Cloud-Demo/.git/
build	Check out the pinned native Expression corpus	2026-10-04T17:48:46.4092909Z [command]/usr/bin/git remote add origin https://github.com/EpiLogos/Point-Cloud-Demo
build	Check out the pinned native Expression corpus	2026-10-04T17:48:46.4131108Z ##[endgroup]
build	Check out the pinned native Expression corpus	2026-10-04T17:48:46.4131776Z ##[group]Disabling automatic garbage collection
build	Check out the pinned native Expression corpus	2026-10-04T17:48:46.4135082Z [command]/usr/bin/git config --local gc.auto 0
build	Check out the pinned native Expression corpus	2026-10-04T17:48:46.4167041Z ##[endgroup]
build	Check out the pinned native Expression corpus	2026-10-04T17:48:46.4167794Z ##[group]Setting up auth
build	Check out the pinned native Expression corpus	2026-10-04T17:48:46.4174145Z [command]/usr/bin/git config --local --name-only --get-regexp core\.sshCommand
build	Check out the pinned native Expression corpus	2026-10-04T17:48:46.4207593Z [command]/usr/bin/git submodule foreach --recursive sh -c "git config --local --name-only --get-regexp 'core\.sshCommand' && git config --local --unset-all 'core.sshCommand' || :"
build	Check out the pinned native Expression corpus	2026-10-04T17:48:46.4460264Z [command]/usr/bin/git config --local --name-only --get-regexp http\.https\:\/\/github\.com\/\.extraheader
build	Check out the pinned native Expression corpus	2026-10-04T17:48:46.4500648Z [command]/usr/bin/git submodule foreach --recursive sh -c "git config --local --name-only --get-regexp 'http\.https\:\/\/github\.com\/\.extraheader' && git config --local --unset-all 'http.https://github.com/.extraheader' || :"
build	Check out the pinned native Expression corpus	2026-10-04T17:48:46.4761952Z [command]/usr/bin/git config --local --name-only --get-regexp ^includeIf\.gitdir:
build	Check out the pinned native Expression corpus	2026-10-04T17:48:46.4801788Z [command]/usr/bin/git submodule foreach --recursive git config --local --show-origin --name-only --get-regexp remote.origin.url
build	Check out the pinned native Expression corpus	2026-10-04T17:48:46.5047705Z [command]/usr/bin/git config --local http.https://github.com/.extraheader AUTHORIZATION: basic ***
build	Check out the pinned native Expression corpus	2026-10-04T17:48:46.5093342Z ##[endgroup]
build	Check out the pinned native Expression corpus	2026-10-04T17:48:46.5094128Z ##[group]Fetching the repository
build	Check out the pinned native Expression corpus	2026-10-04T17:48:46.5104393Z [command]/usr/bin/git -c protocol.version=2 fetch --no-tags --prune --no-recurse-submodules --depth=1 origin e875344c04c14228840665a91823edc42b078fb2
build	Check out the pinned native Expression corpus	2026-10-04T17:48:48.5774154Z From https://github.com/EpiLogos/Point-Cloud-Demo
build	Check out the pinned native Expression corpus	2026-10-04T17:48:48.5775449Z  * branch            e875344c04c14228840665a91823edc42b078fb2 -> FETCH_HEAD
build	Check out the pinned native Expression corpus	2026-10-04T17:48:48.5779414Z ##[endgroup]
build	Check out the pinned native Expression corpus	2026-10-04T17:48:48.5779930Z ##[group]Determining the checkout info
build	Check out the pinned native Expression corpus	2026-10-04T17:48:48.5782216Z ##[endgroup]
build	Check out the pinned native Expression corpus	2026-10-04T17:48:48.5797590Z [command]/usr/bin/git sparse-checkout disable
build	Check out the pinned native Expression corpus	2026-10-04T17:48:48.5841662Z [command]/usr/bin/git config --local --unset-all extensions.worktreeConfig
build	Check out the pinned native Expression corpus	2026-10-04T17:48:48.5873011Z ##[group]Checking out the ref
build	Check out the pinned native Expression corpus	2026-10-04T17:48:48.5879214Z [command]/usr/bin/git checkout --progress --force e875344c04c14228840665a91823edc42b078fb2
build	Check out the pinned native Expression corpus	2026-10-04T17:48:48.9343643Z Note: switching to 'e875344c04c14228840665a91823edc42b078fb2'.
build	Check out the pinned native Expression corpus	2026-10-04T17:48:48.9344344Z 
build	Check out the pinned native Expression corpus	2026-10-04T17:48:48.9345325Z You are in 'detached HEAD' state. You can look around, make experimental
build	Check out the pinned native Expression corpus	2026-10-04T17:48:48.9346091Z changes and commit them, and you can discard any commits you make in this
build	Check out the pinned native Expression corpus	2026-10-04T17:48:48.9346881Z state without impacting any branches by switching back to a branch.
build	Check out the pinned native Expression corpus	2026-10-04T17:48:48.9347348Z 
build	Check out the pinned native Expression corpus	2026-10-04T17:48:48.9347688Z If you want to create a new branch to retain commits you create, you may
build	Check out the pinned native Expression corpus	2026-10-04T17:48:48.9348422Z do so (now or later) by using -c with the switch command. Example:
build	Check out the pinned native Expression corpus	2026-10-04T17:48:48.9348855Z 
build	Check out the pinned native Expression corpus	2026-10-04T17:48:48.9349028Z   git switch -c <new-branch-name>
build	Check out the pinned native Expression corpus	2026-10-04T17:48:48.9349311Z 
build	Check out the pinned native Expression corpus	2026-10-04T17:48:48.9349476Z Or undo this operation with:
build	Check out the pinned native Expression corpus	2026-10-04T17:48:48.9349734Z 
build	Check out the pinned native Expression corpus	2026-10-04T17:48:48.9349876Z   git switch -
build	Check out the pinned native Expression corpus	2026-10-04T17:48:48.9350065Z 
build	Check out the pinned native Expression corpus	2026-10-04T17:48:48.9350415Z Turn off this advice by setting config variable advice.detachedHead to false
build	Check out the pinned native Expression corpus	2026-10-04T17:48:48.9350933Z 
build	Check out the pinned native Expression corpus	2026-10-04T17:48:48.9351868Z HEAD is now at e875344 corpus: Actuation + Workcell + Central full-depth — 219 records bound through the gates (#18)
build	Check out the pinned native Expression corpus	2026-10-04T17:48:48.9396472Z ##[endgroup]
build	Check out the pinned native Expression corpus	2026-10-04T17:48:48.9420270Z [command]/usr/bin/git log -1 --format=%H
build	Check out the pinned native Expression corpus	2026-10-04T17:48:48.9447435Z e875344c04c14228840665a91823edc42b078fb2
build	Check out the pinned native Expression corpus	2026-10-04T17:48:48.9456777Z ##[group]Removing auth
build	Check out the pinned native Expression corpus	2026-10-04T17:48:48.9460210Z [command]/usr/bin/git config --local --name-only --get-regexp core\.sshCommand
build	Check out the pinned native Expression corpus	2026-10-04T17:48:48.9493785Z [command]/usr/bin/git submodule foreach --recursive sh -c "git config --local --name-only --get-regexp 'core\.sshCommand' && git config --local --unset-all 'core.sshCommand' || :"
build	Check out the pinned native Expression corpus	2026-10-04T17:48:48.9720104Z [command]/usr/bin/git config --local --name-only --get-regexp http\.https\:\/\/github\.com\/\.extraheader
build	Check out the pinned native Expression corpus	2026-10-04T17:48:48.9749808Z http.https://github.com/.extraheader
build	Check out the pinned native Expression corpus	2026-10-04T17:48:48.9756939Z [command]/usr/bin/git config --local --unset-all http.https://github.com/.extraheader
build	Check out the pinned native Expression corpus	2026-10-04T17:48:48.9794530Z [command]/usr/bin/git submodule foreach --recursive sh -c "git config --local --name-only --get-regexp 'http\.https\:\/\/github\.com\/\.extraheader' && git config --local --unset-all 'http.https://github.com/.extraheader' || :"
build	Check out the pinned native Expression corpus	2026-10-04T17:48:49.0030276Z [command]/usr/bin/git config --local --name-only --get-regexp ^includeIf\.gitdir:
build	Check out the pinned native Expression corpus	2026-10-04T17:48:49.0066056Z [command]/usr/bin/git submodule foreach --recursive git config --local --show-origin --name-only --get-regexp remote.origin.url
build	Check out the pinned native Expression corpus	2026-10-04T17:48:49.0290262Z ##[endgroup]
build	Check out the pinned Return-of-Zero source revision	﻿2026-10-04T17:48:49.0490918Z ##[group]Run actions/checkout@v4
build	Check out the pinned Return-of-Zero source revision	2026-10-04T17:48:49.0491219Z with:
build	Check out the pinned Return-of-Zero source revision	2026-10-04T17:48:49.0491460Z   repository: EpiLogos/Antykathera-Essay-Work
build	Check out the pinned Return-of-Zero source revision	2026-10-04T17:48:49.0491785Z   ref: dbf3b1771724bd56663e4e3410df13e9d3ae681b
build	Check out the pinned Return-of-Zero source revision	2026-10-04T17:48:49.0492124Z   path: .publication-sources/Antykathera-Essay-Work
build	Check out the pinned Return-of-Zero source revision	2026-10-04T17:48:49.0492459Z   persist-credentials: false
build	Check out the pinned Return-of-Zero source revision	2026-10-04T17:48:49.0494782Z   token: ***
build	Check out the pinned Return-of-Zero source revision	2026-10-04T17:48:49.0495306Z   ssh-strict: true
build	Check out the pinned Return-of-Zero source revision	2026-10-04T17:48:49.0495523Z   ssh-user: git
build	Check out the pinned Return-of-Zero source revision	2026-10-04T17:48:49.0495715Z   clean: true
build	Check out the pinned Return-of-Zero source revision	2026-10-04T17:48:49.0495928Z   sparse-checkout-cone-mode: true
build	Check out the pinned Return-of-Zero source revision	2026-10-04T17:48:49.0496188Z   fetch-depth: 1
build	Check out the pinned Return-of-Zero source revision	2026-10-04T17:48:49.0496390Z   fetch-tags: false
build	Check out the pinned Return-of-Zero source revision	2026-10-04T17:48:49.0496603Z   show-progress: true
build	Check out the pinned Return-of-Zero source revision	2026-10-04T17:48:49.0496819Z   lfs: false
build	Check out the pinned Return-of-Zero source revision	2026-10-04T17:48:49.0497010Z   submodules: false
build	Check out the pinned Return-of-Zero source revision	2026-10-04T17:48:49.0497411Z   set-safe-directory: true
build	Check out the pinned Return-of-Zero source revision	2026-10-04T17:48:49.0497661Z   allow-unsafe-pr-checkout: false
build	Check out the pinned Return-of-Zero source revision	2026-10-04T17:48:49.0497921Z ##[endgroup]
build	Check out the pinned Return-of-Zero source revision	2026-10-04T17:48:49.1329329Z Syncing repository: EpiLogos/Antykathera-Essay-Work
build	Check out the pinned Return-of-Zero source revision	2026-10-04T17:48:49.1336552Z ##[group]Getting Git version info
build	Check out the pinned Return-of-Zero source revision	2026-10-04T17:48:49.1337339Z Working directory is '/home/runner/work/O-I/O-I/.publication-sources/Antykathera-Essay-Work'
build	Check out the pinned Return-of-Zero source revision	2026-10-04T17:48:49.1381368Z [command]/usr/bin/git version
build	Check out the pinned Return-of-Zero source revision	2026-10-04T17:48:49.1426255Z git version 2.55.0
build	Check out the pinned Return-of-Zero source revision	2026-10-04T17:48:49.1450435Z ##[endgroup]
build	Check out the pinned Return-of-Zero source revision	2026-10-04T17:48:49.1464590Z Temporarily overriding HOME='/home/runner/work/_temp/400d96be-6737-45f9-b117-8b981337502f' before making global git config changes
build	Check out the pinned Return-of-Zero source revision	2026-10-04T17:48:49.1465750Z Adding repository directory to the temporary git global config as a safe directory
build	Check out the pinned Return-of-Zero source revision	2026-10-04T17:48:49.1470383Z [command]/usr/bin/git config --global --add safe.directory /home/runner/work/O-I/O-I/.publication-sources/Antykathera-Essay-Work
build	Check out the pinned Return-of-Zero source revision	2026-10-04T17:48:49.1505142Z ##[group]Initializing the repository
build	Check out the pinned Return-of-Zero source revision	2026-10-04T17:48:49.1511622Z [command]/usr/bin/git init /home/runner/work/O-I/O-I/.publication-sources/Antykathera-Essay-Work
build	Check out the pinned Return-of-Zero source revision	2026-10-04T17:48:49.1558140Z hint: Using 'master' as the name for the initial branch. This default branch name
build	Check out the pinned Return-of-Zero source revision	2026-10-04T17:48:49.1559225Z hint: will change to "main" in Git 3.0. To configure the initial branch name
build	Check out the pinned Return-of-Zero source revision	2026-10-04T17:48:49.1560159Z hint: to use in all of your new repositories, which will suppress this warning,
build	Check out the pinned Return-of-Zero source revision	2026-10-04T17:48:49.1561031Z hint: call:
build	Check out the pinned Return-of-Zero source revision	2026-10-04T17:48:49.1561961Z hint:
build	Check out the pinned Return-of-Zero source revision	2026-10-04T17:48:49.1562430Z hint: 	git config --global init.defaultBranch <name>
build	Check out the pinned Return-of-Zero source revision	2026-10-04T17:48:49.1562966Z hint:
build	Check out the pinned Return-of-Zero source revision	2026-10-04T17:48:49.1563490Z hint: Names commonly chosen instead of 'master' are 'main', 'trunk' and
build	Check out the pinned Return-of-Zero source revision	2026-10-04T17:48:49.1564364Z hint: 'development'. The just-created branch can be renamed via this command:
build	Check out the pinned Return-of-Zero source revision	2026-10-04T17:48:49.1565252Z hint:
build	Check out the pinned Return-of-Zero source revision	2026-10-04T17:48:49.1565596Z hint: 	git branch -m <name>
build	Check out the pinned Return-of-Zero source revision	2026-10-04T17:48:49.1566083Z hint:
build	Check out the pinned Return-of-Zero source revision	2026-10-04T17:48:49.1566662Z hint: Disable this message with "git config set advice.defaultBranchName false"
build	Check out the pinned Return-of-Zero source revision	2026-10-04T17:48:49.1567776Z Initialized empty Git repository in /home/runner/work/O-I/O-I/.publication-sources/Antykathera-Essay-Work/.git/
build	Check out the pinned Return-of-Zero source revision	2026-10-04T17:48:49.1569672Z [command]/usr/bin/git remote add origin https://github.com/EpiLogos/Antykathera-Essay-Work
build	Check out the pinned Return-of-Zero source revision	2026-10-04T17:48:49.1604623Z ##[endgroup]
build	Check out the pinned Return-of-Zero source revision	2026-10-04T17:48:49.1605484Z ##[group]Disabling automatic garbage collection
build	Check out the pinned Return-of-Zero source revision	2026-10-04T17:48:49.1608895Z [command]/usr/bin/git config --local gc.auto 0
build	Check out the pinned Return-of-Zero source revision	2026-10-04T17:48:49.1640689Z ##[endgroup]
build	Check out the pinned Return-of-Zero source revision	2026-10-04T17:48:49.1648577Z ##[group]Setting up auth
build	Check out the pinned Return-of-Zero source revision	2026-10-04T17:48:49.1649229Z [command]/usr/bin/git config --local --name-only --get-regexp core\.sshCommand
build	Check out the pinned Return-of-Zero source revision	2026-10-04T17:48:49.1684080Z [command]/usr/bin/git submodule foreach --recursive sh -c "git config --local --name-only --get-regexp 'core\.sshCommand' && git config --local --unset-all 'core.sshCommand' || :"
build	Check out the pinned Return-of-Zero source revision	2026-10-04T17:48:49.1944240Z [command]/usr/bin/git config --local --name-only --get-regexp http\.https\:\/\/github\.com\/\.extraheader
build	Check out the pinned Return-of-Zero source revision	2026-10-04T17:48:49.1981057Z [command]/usr/bin/git submodule foreach --recursive sh -c "git config --local --name-only --get-regexp 'http\.https\:\/\/github\.com\/\.extraheader' && git config --local --unset-all 'http.https://github.com/.extraheader' || :"
build	Check out the pinned Return-of-Zero source revision	2026-10-04T17:48:49.2246899Z [command]/usr/bin/git config --local --name-only --get-regexp ^includeIf\.gitdir:
build	Check out the pinned Return-of-Zero source revision	2026-10-04T17:48:49.2296285Z [command]/usr/bin/git submodule foreach --recursive git config --local --show-origin --name-only --get-regexp remote.origin.url
build	Check out the pinned Return-of-Zero source revision	2026-10-04T17:48:49.2563985Z [command]/usr/bin/git config --local http.https://github.com/.extraheader AUTHORIZATION: basic ***
build	Check out the pinned Return-of-Zero source revision	2026-10-04T17:48:49.2611504Z ##[endgroup]
build	Check out the pinned Return-of-Zero source revision	2026-10-04T17:48:49.2612283Z ##[group]Fetching the repository
build	Check out the pinned Return-of-Zero source revision	2026-10-04T17:48:49.2623080Z [command]/usr/bin/git -c protocol.version=2 fetch --no-tags --prune --no-recurse-submodules --depth=1 origin dbf3b1771724bd56663e4e3410df13e9d3ae681b
build	Check out the pinned Return-of-Zero source revision	2026-10-04T17:48:55.4403190Z From https://github.com/EpiLogos/Antykathera-Essay-Work
build	Check out the pinned Return-of-Zero source revision	2026-10-04T17:48:55.4404139Z  * branch            dbf3b1771724bd56663e4e3410df13e9d3ae681b -> FETCH_HEAD
build	Check out the pinned Return-of-Zero source revision	2026-10-04T17:48:55.4408880Z ##[endgroup]
build	Check out the pinned Return-of-Zero source revision	2026-10-04T17:48:55.4409315Z ##[group]Determining the checkout info
build	Check out the pinned Return-of-Zero source revision	2026-10-04T17:48:55.4410571Z ##[endgroup]
build	Check out the pinned Return-of-Zero source revision	2026-10-04T17:48:55.4417215Z [command]/usr/bin/git sparse-checkout disable
build	Check out the pinned Return-of-Zero source revision	2026-10-04T17:48:55.4471515Z [command]/usr/bin/git config --local --unset-all extensions.worktreeConfig
build	Check out the pinned Return-of-Zero source revision	2026-10-04T17:48:55.4508225Z ##[group]Checking out the ref
build	Check out the pinned Return-of-Zero source revision	2026-10-04T17:48:55.4513749Z [command]/usr/bin/git checkout --progress --force dbf3b1771724bd56663e4e3410df13e9d3ae681b
build	Check out the pinned Return-of-Zero source revision	2026-10-04T17:48:56.5046185Z Updating files:  56% (2246/3959)
build	Check out the pinned Return-of-Zero source revision	2026-10-04T17:48:56.5457926Z Updating files:  57% (2257/3959)
build	Check out the pinned Return-of-Zero source revision	2026-10-04T17:48:56.5800544Z Updating files:  58% (2297/3959)
build	Check out the pinned Return-of-Zero source revision	2026-10-04T17:48:56.5945626Z Updating files:  59% (2336/3959)
build	Check out the pinned Return-of-Zero source revision	2026-10-04T17:48:56.6115476Z Updating files:  60% (2376/3959)
build	Check out the pinned Return-of-Zero source revision	2026-10-04T17:48:56.6380148Z Updating files:  61% (2415/3959)
build	Check out the pinned Return-of-Zero source revision	2026-10-04T17:48:56.6508072Z Updating files:  62% (2455/3959)
build	Check out the pinned Return-of-Zero source revision	2026-10-04T17:48:56.6728151Z Updating files:  63% (2495/3959)
build	Check out the pinned Return-of-Zero source revision	2026-10-04T17:48:56.6872894Z Updating files:  64% (2534/3959)
build	Check out the pinned Return-of-Zero source revision	2026-10-04T17:48:56.7010450Z Updating files:  65% (2574/3959)
build	Check out the pinned Return-of-Zero source revision	2026-10-04T17:48:56.7399142Z Updating files:  66% (2613/3959)
build	Check out the pinned Return-of-Zero source revision	2026-10-04T17:48:56.7577450Z Updating files:  67% (2653/3959)
build	Check out the pinned Return-of-Zero source revision	2026-10-04T17:48:56.8012120Z Updating files:  68% (2693/3959)
build	Check out the pinned Return-of-Zero source revision	2026-10-04T17:48:56.8196008Z Updating files:  69% (2732/3959)
build	Check out the pinned Return-of-Zero source revision	2026-10-04T17:48:56.8358522Z Updating files:  70% (2772/3959)
build	Check out the pinned Return-of-Zero source revision	2026-10-04T17:48:56.8581696Z Updating files:  71% (2811/3959)
build	Check out the pinned Return-of-Zero source revision	2026-10-04T17:48:56.8691699Z Updating files:  72% (2851/3959)
build	Check out the pinned Return-of-Zero source revision	2026-10-04T17:48:56.8761196Z Updating files:  73% (2891/3959)
build	Check out the pinned Return-of-Zero source revision	2026-10-04T17:48:56.8912078Z Updating files:  74% (2930/3959)
build	Check out the pinned Return-of-Zero source revision	2026-10-04T17:48:56.9307832Z Updating files:  75% (2970/3959)
build	Check out the pinned Return-of-Zero source revision	2026-10-04T17:48:56.9791474Z Updating files:  76% (3009/3959)
build	Check out the pinned Return-of-Zero source revision	2026-10-04T17:48:56.9944380Z Updating files:  77% (3049/3959)
build	Check out the pinned Return-of-Zero source revision	2026-10-04T17:48:57.0053987Z Updating files:  78% (3089/3959)
build	Check out the pinned Return-of-Zero source revision	2026-10-04T17:48:57.0153627Z Updating files:  79% (3128/3959)
build	Check out the pinned Return-of-Zero source revision	2026-10-04T17:48:57.0199605Z Updating files:  80% (3168/3959)
build	Check out the pinned Return-of-Zero source revision	2026-10-04T17:48:57.0249171Z Updating files:  81% (3207/3959)
build	Check out the pinned Return-of-Zero source revision	2026-10-04T17:48:57.0427807Z Updating files:  82% (3247/3959)
build	Check out the pinned Return-of-Zero source revision	2026-10-04T17:48:57.0535174Z Updating files:  83% (3286/3959)
build	Check out the pinned Return-of-Zero source revision	2026-10-04T17:48:57.0581162Z Updating files:  84% (3326/3959)
build	Check out the pinned Return-of-Zero source revision	2026-10-04T17:48:57.0704818Z Updating files:  85% (3366/3959)
build	Check out the pinned Return-of-Zero source revision	2026-10-04T17:48:57.0873100Z Updating files:  86% (3405/3959)
build	Check out the pinned Return-of-Zero source revision	2026-10-04T17:48:57.0917370Z Updating files:  87% (3445/3959)
build	Check out the pinned Return-of-Zero source revision	2026-10-04T17:48:57.0984902Z Updating files:  88% (3484/3959)
build	Check out the pinned Return-of-Zero source revision	2026-10-04T17:48:57.1278931Z Updating files:  89% (3524/3959)
build	Check out the pinned Return-of-Zero source revision	2026-10-04T17:48:57.1769279Z Updating files:  90% (3564/3959)
build	Check out the pinned Return-of-Zero source revision	2026-10-04T17:48:57.2135358Z Updating files:  91% (3603/3959)
build	Check out the pinned Return-of-Zero source revision	2026-10-04T17:48:57.2542766Z Updating files:  92% (3643/3959)
build	Check out the pinned Return-of-Zero source revision	2026-10-04T17:48:57.2617858Z Updating files:  93% (3682/3959)
build	Check out the pinned Return-of-Zero source revision	2026-10-04T17:48:57.2729519Z Updating files:  94% (3722/3959)
build	Check out the pinned Return-of-Zero source revision	2026-10-04T17:48:57.2817373Z Updating files:  95% (3762/3959)
build	Check out the pinned Return-of-Zero source revision	2026-10-04T17:48:57.3482841Z Updating files:  96% (3801/3959)
build	Check out the pinned Return-of-Zero source revision	2026-10-04T17:48:57.3936434Z Updating files:  97% (3841/3959)
build	Check out the pinned Return-of-Zero source revision	2026-10-04T17:48:57.4932110Z Updating files:  98% (3880/3959)
build	Check out the pinned Return-of-Zero source revision	2026-10-04T17:48:57.5264798Z Updating files:  98% (3912/3959)
build	Check out the pinned Return-of-Zero source revision	2026-10-04T17:48:57.6053428Z Updating files:  99% (3920/3959)
build	Check out the pinned Return-of-Zero source revision	2026-10-04T17:48:57.6053953Z Updating files: 100% (3959/3959)
build	Check out the pinned Return-of-Zero source revision	2026-10-04T17:48:57.6054234Z Updating files: 100% (3959/3959), done.
build	Check out the pinned Return-of-Zero source revision	2026-10-04T17:48:57.6768896Z Note: switching to 'dbf3b1771724bd56663e4e3410df13e9d3ae681b'.
build	Check out the pinned Return-of-Zero source revision	2026-10-04T17:48:57.6769482Z 
build	Check out the pinned Return-of-Zero source revision	2026-10-04T17:48:57.6770109Z You are in 'detached HEAD' state. You can look around, make experimental
build	Check out the pinned Return-of-Zero source revision	2026-10-04T17:48:57.6771016Z changes and commit them, and you can discard any commits you make in this
build	Check out the pinned Return-of-Zero source revision	2026-10-04T17:48:57.6772043Z state without impacting any branches by switching back to a branch.
build	Check out the pinned Return-of-Zero source revision	2026-10-04T17:48:57.6772710Z 
build	Check out the pinned Return-of-Zero source revision	2026-10-04T17:48:57.6773328Z If you want to create a new branch to retain commits you create, you may
build	Check out the pinned Return-of-Zero source revision	2026-10-04T17:48:57.6774521Z do so (now or later) by using -c with the switch command. Example:
build	Check out the pinned Return-of-Zero source revision	2026-10-04T17:48:57.6775235Z 
build	Check out the pinned Return-of-Zero source revision	2026-10-04T17:48:57.6775637Z   git switch -c <new-branch-name>
build	Check out the pinned Return-of-Zero source revision	2026-10-04T17:48:57.6776126Z 
build	Check out the pinned Return-of-Zero source revision	2026-10-04T17:48:57.6776328Z Or undo this operation with:
build	Check out the pinned Return-of-Zero source revision	2026-10-04T17:48:57.6776608Z 
build	Check out the pinned Return-of-Zero source revision	2026-10-04T17:48:57.6776762Z   git switch -
build	Check out the pinned Return-of-Zero source revision	2026-10-04T17:48:57.6776967Z 
build	Check out the pinned Return-of-Zero source revision	2026-10-04T17:48:57.6777349Z Turn off this advice by setting config variable advice.detachedHead to false
build	Check out the pinned Return-of-Zero source revision	2026-10-04T17:48:57.6777880Z 
build	Check out the pinned Return-of-Zero source revision	2026-10-04T17:48:57.6778231Z HEAD is now at dbf3b17 T25 R6: advance handoff to T26 authorial ratification
build	Check out the pinned Return-of-Zero source revision	2026-10-04T17:48:57.6851958Z ##[endgroup]
build	Check out the pinned Return-of-Zero source revision	2026-10-04T17:48:57.6902923Z [command]/usr/bin/git log -1 --format=%H
build	Check out the pinned Return-of-Zero source revision	2026-10-04T17:48:57.6932315Z dbf3b1771724bd56663e4e3410df13e9d3ae681b
build	Check out the pinned Return-of-Zero source revision	2026-10-04T17:48:57.6941853Z ##[group]Removing auth
build	Check out the pinned Return-of-Zero source revision	2026-10-04T17:48:57.6945916Z [command]/usr/bin/git config --local --name-only --get-regexp core\.sshCommand
build	Check out the pinned Return-of-Zero source revision	2026-10-04T17:48:57.6980183Z [command]/usr/bin/git submodule foreach --recursive sh -c "git config --local --name-only --get-regexp 'core\.sshCommand' && git config --local --unset-all 'core.sshCommand' || :"
build	Check out the pinned Return-of-Zero source revision	2026-10-04T17:48:57.7216434Z [command]/usr/bin/git config --local --name-only --get-regexp http\.https\:\/\/github\.com\/\.extraheader
build	Check out the pinned Return-of-Zero source revision	2026-10-04T17:48:57.7246916Z http.https://github.com/.extraheader
build	Check out the pinned Return-of-Zero source revision	2026-10-04T17:48:57.7254032Z [command]/usr/bin/git config --local --unset-all http.https://github.com/.extraheader
build	Check out the pinned Return-of-Zero source revision	2026-10-04T17:48:57.7406416Z [command]/usr/bin/git submodule foreach --recursive sh -c "git config --local --name-only --get-regexp 'http\.https\:\/\/github\.com\/\.extraheader' && git config --local --unset-all 'http.https://github.com/.extraheader' || :"
build	Check out the pinned Return-of-Zero source revision	2026-10-04T17:48:57.7638917Z [command]/usr/bin/git config --local --name-only --get-regexp ^includeIf\.gitdir:
build	Check out the pinned Return-of-Zero source revision	2026-10-04T17:48:57.7704825Z [command]/usr/bin/git submodule foreach --recursive git config --local --show-origin --name-only --get-regexp remote.origin.url
build	Check out the pinned Return-of-Zero source revision	2026-10-04T17:48:57.7931831Z ##[endgroup]
build	Check out the exact current essay reading snapshot	﻿2026-10-04T17:48:57.8094141Z ##[group]Run actions/checkout@v4
build	Check out the exact current essay reading snapshot	2026-10-04T17:48:57.8094432Z with:
build	Check out the exact current essay reading snapshot	2026-10-04T17:48:57.8094667Z   repository: EpiLogos/Antykathera-Essay-Work
build	Check out the exact current essay reading snapshot	2026-10-04T17:48:57.8095324Z   ref: b2b5b706105891f69e2a68ecd160dbe4add3828e
build	Check out the exact current essay reading snapshot	2026-10-04T17:48:57.8095663Z   path: .publication-sources/essay-reading
build	Check out the exact current essay reading snapshot	2026-10-04T17:48:57.8095959Z   persist-credentials: false
build	Check out the exact current essay reading snapshot	2026-10-04T17:48:57.8098257Z   token: ***
build	Check out the exact current essay reading snapshot	2026-10-04T17:48:57.8098461Z   ssh-strict: true
build	Check out the exact current essay reading snapshot	2026-10-04T17:48:57.8098669Z   ssh-user: git
build	Check out the exact current essay reading snapshot	2026-10-04T17:48:57.8098862Z   clean: true
build	Check out the exact current essay reading snapshot	2026-10-04T17:48:57.8099081Z   sparse-checkout-cone-mode: true
build	Check out the exact current essay reading snapshot	2026-10-04T17:48:57.8099338Z   fetch-depth: 1
build	Check out the exact current essay reading snapshot	2026-10-04T17:48:57.8099536Z   fetch-tags: false
build	Check out the exact current essay reading snapshot	2026-10-04T17:48:57.8099744Z   show-progress: true
build	Check out the exact current essay reading snapshot	2026-10-04T17:48:57.8099954Z   lfs: false
build	Check out the exact current essay reading snapshot	2026-10-04T17:48:57.8100142Z   submodules: false
build	Check out the exact current essay reading snapshot	2026-10-04T17:48:57.8100351Z   set-safe-directory: true
build	Check out the exact current essay reading snapshot	2026-10-04T17:48:57.8100605Z   allow-unsafe-pr-checkout: false
build	Check out the exact current essay reading snapshot	2026-10-04T17:48:57.8100877Z ##[endgroup]
build	Check out the exact current essay reading snapshot	2026-10-04T17:48:57.8980369Z Syncing repository: EpiLogos/Antykathera-Essay-Work
build	Check out the exact current essay reading snapshot	2026-10-04T17:48:57.8988729Z ##[group]Getting Git version info
build	Check out the exact current essay reading snapshot	2026-10-04T17:48:57.8995918Z Working directory is '/home/runner/work/O-I/O-I/.publication-sources/essay-reading'
build	Check out the exact current essay reading snapshot	2026-10-04T17:48:57.9035517Z [command]/usr/bin/git version
build	Check out the exact current essay reading snapshot	2026-10-04T17:48:57.9078011Z git version 2.55.0
build	Check out the exact current essay reading snapshot	2026-10-04T17:48:57.9100065Z ##[endgroup]
build	Check out the exact current essay reading snapshot	2026-10-04T17:48:57.9115968Z Temporarily overriding HOME='/home/runner/work/_temp/489b6a0c-1d8d-4bd8-a7db-39d4890e401e' before making global git config changes
build	Check out the exact current essay reading snapshot	2026-10-04T17:48:57.9117486Z Adding repository directory to the temporary git global config as a safe directory
build	Check out the exact current essay reading snapshot	2026-10-04T17:48:57.9122076Z [command]/usr/bin/git config --global --add safe.directory /home/runner/work/O-I/O-I/.publication-sources/essay-reading
build	Check out the exact current essay reading snapshot	2026-10-04T17:48:57.9158819Z ##[group]Initializing the repository
build	Check out the exact current essay reading snapshot	2026-10-04T17:48:57.9165376Z [command]/usr/bin/git init /home/runner/work/O-I/O-I/.publication-sources/essay-reading
build	Check out the exact current essay reading snapshot	2026-10-04T17:48:57.9210119Z hint: Using 'master' as the name for the initial branch. This default branch name
build	Check out the exact current essay reading snapshot	2026-10-04T17:48:57.9211323Z hint: will change to "main" in Git 3.0. To configure the initial branch name
build	Check out the exact current essay reading snapshot	2026-10-04T17:48:57.9212466Z hint: to use in all of your new repositories, which will suppress this warning,
build	Check out the exact current essay reading snapshot	2026-10-04T17:48:57.9213319Z hint: call:
build	Check out the exact current essay reading snapshot	2026-10-04T17:48:57.9213849Z hint:
build	Check out the exact current essay reading snapshot	2026-10-04T17:48:57.9214503Z hint: 	git config --global init.defaultBranch <name>
build	Check out the exact current essay reading snapshot	2026-10-04T17:48:57.9215557Z hint:
build	Check out the exact current essay reading snapshot	2026-10-04T17:48:57.9217033Z hint: Names commonly chosen instead of 'master' are 'main', 'trunk' and
build	Check out the exact current essay reading snapshot	2026-10-04T17:48:57.9218207Z hint: 'development'. The just-created branch can be renamed via this command:
build	Check out the exact current essay reading snapshot	2026-10-04T17:48:57.9219133Z hint:
build	Check out the exact current essay reading snapshot	2026-10-04T17:48:57.9219662Z hint: 	git branch -m <name>
build	Check out the exact current essay reading snapshot	2026-10-04T17:48:57.9220273Z hint:
build	Check out the exact current essay reading snapshot	2026-10-04T17:48:57.9221155Z hint: Disable this message with "git config set advice.defaultBranchName false"
build	Check out the exact current essay reading snapshot	2026-10-04T17:48:57.9223524Z Initialized empty Git repository in /home/runner/work/O-I/O-I/.publication-sources/essay-reading/.git/
build	Check out the exact current essay reading snapshot	2026-10-04T17:48:57.9226302Z [command]/usr/bin/git remote add origin https://github.com/EpiLogos/Antykathera-Essay-Work
build	Check out the exact current essay reading snapshot	2026-10-04T17:48:57.9256879Z ##[endgroup]
build	Check out the exact current essay reading snapshot	2026-10-04T17:48:57.9257598Z ##[group]Disabling automatic garbage collection
build	Check out the exact current essay reading snapshot	2026-10-04T17:48:57.9262332Z [command]/usr/bin/git config --local gc.auto 0
build	Check out the exact current essay reading snapshot	2026-10-04T17:48:57.9304115Z ##[endgroup]
build	Check out the exact current essay reading snapshot	2026-10-04T17:48:57.9304867Z ##[group]Setting up auth
build	Check out the exact current essay reading snapshot	2026-10-04T17:48:57.9317388Z [command]/usr/bin/git config --local --name-only --get-regexp core\.sshCommand
build	Check out the exact current essay reading snapshot	2026-10-04T17:48:57.9353829Z [command]/usr/bin/git submodule foreach --recursive sh -c "git config --local --name-only --get-regexp 'core\.sshCommand' && git config --local --unset-all 'core.sshCommand' || :"
build	Check out the exact current essay reading snapshot	2026-10-04T17:48:57.9616100Z [command]/usr/bin/git config --local --name-only --get-regexp http\.https\:\/\/github\.com\/\.extraheader
build	Check out the exact current essay reading snapshot	2026-10-04T17:48:57.9655120Z [command]/usr/bin/git submodule foreach --recursive sh -c "git config --local --name-only --get-regexp 'http\.https\:\/\/github\.com\/\.extraheader' && git config --local --unset-all 'http.https://github.com/.extraheader' || :"
build	Check out the exact current essay reading snapshot	2026-10-04T17:48:57.9917664Z [command]/usr/bin/git config --local --name-only --get-regexp ^includeIf\.gitdir:
build	Check out the exact current essay reading snapshot	2026-10-04T17:48:57.9960150Z [command]/usr/bin/git submodule foreach --recursive git config --local --show-origin --name-only --get-regexp remote.origin.url
build	Check out the exact current essay reading snapshot	2026-10-04T17:48:58.0199961Z [command]/usr/bin/git config --local http.https://github.com/.extraheader AUTHORIZATION: basic ***
build	Check out the exact current essay reading snapshot	2026-10-04T17:48:58.0241122Z ##[endgroup]
build	Check out the exact current essay reading snapshot	2026-10-04T17:48:58.0241801Z ##[group]Fetching the repository
build	Check out the exact current essay reading snapshot	2026-10-04T17:48:58.0250900Z [command]/usr/bin/git -c protocol.version=2 fetch --no-tags --prune --no-recurse-submodules --depth=1 origin b2b5b706105891f69e2a68ecd160dbe4add3828e
build	Check out the exact current essay reading snapshot	2026-10-04T17:49:05.4469666Z From https://github.com/EpiLogos/Antykathera-Essay-Work
build	Check out the exact current essay reading snapshot	2026-10-04T17:49:05.4470922Z  * branch            b2b5b706105891f69e2a68ecd160dbe4add3828e -> FETCH_HEAD
build	Check out the exact current essay reading snapshot	2026-10-04T17:49:05.4475653Z ##[endgroup]
build	Check out the exact current essay reading snapshot	2026-10-04T17:49:05.4476327Z ##[group]Determining the checkout info
build	Check out the exact current essay reading snapshot	2026-10-04T17:49:05.4478534Z ##[endgroup]
build	Check out the exact current essay reading snapshot	2026-10-04T17:49:05.4484780Z [command]/usr/bin/git sparse-checkout disable
build	Check out the exact current essay reading snapshot	2026-10-04T17:49:05.4538915Z [command]/usr/bin/git config --local --unset-all extensions.worktreeConfig
build	Check out the exact current essay reading snapshot	2026-10-04T17:49:05.4573485Z ##[group]Checking out the ref
build	Check out the exact current essay reading snapshot	2026-10-04T17:49:05.4574345Z [command]/usr/bin/git checkout --progress --force b2b5b706105891f69e2a68ecd160dbe4add3828e
build	Check out the exact current essay reading snapshot	2026-10-04T17:49:06.5739557Z Updating files:  66% (3756/5680)
build	Check out the exact current essay reading snapshot	2026-10-04T17:49:06.6043481Z Updating files:  67% (3806/5680)
build	Check out the exact current essay reading snapshot	2026-10-04T17:49:06.6348183Z Updating files:  68% (3863/5680)
build	Check out the exact current essay reading snapshot	2026-10-04T17:49:06.7434618Z Updating files:  69% (3920/5680)
build	Check out the exact current essay reading snapshot	2026-10-04T17:49:06.7904722Z Updating files:  70% (3976/5680)
build	Check out the exact current essay reading snapshot	2026-10-04T17:49:06.8235813Z Updating files:  71% (4033/5680)
build	Check out the exact current essay reading snapshot	2026-10-04T17:49:06.8464060Z Updating files:  72% (4090/5680)
build	Check out the exact current essay reading snapshot	2026-10-04T17:49:06.8767367Z Updating files:  73% (4147/5680)
build	Check out the exact current essay reading snapshot	2026-10-04T17:49:06.9080198Z Updating files:  74% (4204/5680)
build	Check out the exact current essay reading snapshot	2026-10-04T17:49:06.9270530Z Updating files:  75% (4260/5680)
build	Check out the exact current essay reading snapshot	2026-10-04T17:49:06.9690571Z Updating files:  76% (4317/5680)
build	Check out the exact current essay reading snapshot	2026-10-04T17:49:07.0068108Z Updating files:  77% (4374/5680)
build	Check out the exact current essay reading snapshot	2026-10-04T17:49:07.0452023Z Updating files:  78% (4431/5680)
build	Check out the exact current essay reading snapshot	2026-10-04T17:49:07.0682658Z Updating files:  79% (4488/5680)
build	Check out the exact current essay reading snapshot	2026-10-04T17:49:07.0935177Z Updating files:  80% (4544/5680)
build	Check out the exact current essay reading snapshot	2026-10-04T17:49:07.1033104Z Updating files:  81% (4601/5680)
build	Check out the exact current essay reading snapshot	2026-10-04T17:49:07.1411998Z Updating files:  82% (4658/5680)
build	Check out the exact current essay reading snapshot	2026-10-04T17:49:07.2074087Z Updating files:  83% (4715/5680)
build	Check out the exact current essay reading snapshot	2026-10-04T17:49:07.2312059Z Updating files:  84% (4772/5680)
build	Check out the exact current essay reading snapshot	2026-10-04T17:49:07.2434358Z Updating files:  85% (4828/5680)
build	Check out the exact current essay reading snapshot	2026-10-04T17:49:07.2503723Z Updating files:  86% (4885/5680)
build	Check out the exact current essay reading snapshot	2026-10-04T17:49:07.2716594Z Updating files:  87% (4942/5680)
build	Check out the exact current essay reading snapshot	2026-10-04T17:49:07.2859322Z Updating files:  88% (4999/5680)
build	Check out the exact current essay reading snapshot	2026-10-04T17:49:07.2980002Z Updating files:  89% (5056/5680)
build	Check out the exact current essay reading snapshot	2026-10-04T17:49:07.3178468Z Updating files:  90% (5112/5680)
build	Check out the exact current essay reading snapshot	2026-10-04T17:49:07.3242007Z Updating files:  91% (5169/5680)
build	Check out the exact current essay reading snapshot	2026-10-04T17:49:07.3541748Z Updating files:  92% (5226/5680)
build	Check out the exact current essay reading snapshot	2026-10-04T17:49:07.4223123Z Updating files:  93% (5283/5680)
build	Check out the exact current essay reading snapshot	2026-10-04T17:49:07.4680046Z Updating files:  94% (5340/5680)
build	Check out the exact current essay reading snapshot	2026-10-04T17:49:07.4779108Z Updating files:  94% (5392/5680)
build	Check out the exact current essay reading snapshot	2026-10-04T17:49:07.4901060Z Updating files:  95% (5396/5680)
build	Check out the exact current essay reading snapshot	2026-10-04T17:49:07.5062013Z Updating files:  96% (5453/5680)
build	Check out the exact current essay reading snapshot	2026-10-04T17:49:07.5722841Z Updating files:  97% (5510/5680)
build	Check out the exact current essay reading snapshot	2026-10-04T17:49:07.6265217Z Updating files:  98% (5567/5680)
build	Check out the exact current essay reading snapshot	2026-10-04T17:49:07.8276715Z Updating files:  99% (5624/5680)
build	Check out the exact current essay reading snapshot	2026-10-04T17:49:07.8277199Z Updating files: 100% (5680/5680)
build	Check out the exact current essay reading snapshot	2026-10-04T17:49:07.8277621Z Updating files: 100% (5680/5680), done.
build	Check out the exact current essay reading snapshot	2026-10-04T17:49:07.8353233Z Note: switching to 'b2b5b706105891f69e2a68ecd160dbe4add3828e'.
build	Check out the exact current essay reading snapshot	2026-10-04T17:49:07.8354204Z 
build	Check out the exact current essay reading snapshot	2026-10-04T17:49:07.8354966Z You are in 'detached HEAD' state. You can look around, make experimental
build	Check out the exact current essay reading snapshot	2026-10-04T17:49:07.8356340Z changes and commit them, and you can discard any commits you make in this
build	Check out the exact current essay reading snapshot	2026-10-04T17:49:07.8357734Z state without impacting any branches by switching back to a branch.
build	Check out the exact current essay reading snapshot	2026-10-04T17:49:07.8358254Z 
build	Check out the exact current essay reading snapshot	2026-10-04T17:49:07.8358597Z If you want to create a new branch to retain commits you create, you may
build	Check out the exact current essay reading snapshot	2026-10-04T17:49:07.8359398Z do so (now or later) by using -c with the switch command. Example:
build	Check out the exact current essay reading snapshot	2026-10-04T17:49:07.8359822Z 
build	Check out the exact current essay reading snapshot	2026-10-04T17:49:07.8359958Z   git switch -c <new-branch-name>
build	Check out the exact current essay reading snapshot	2026-10-04T17:49:07.8360167Z 
build	Check out the exact current essay reading snapshot	2026-10-04T17:49:07.8360294Z Or undo this operation with:
build	Check out the exact current essay reading snapshot	2026-10-04T17:49:07.8360492Z 
build	Check out the exact current essay reading snapshot	2026-10-04T17:49:07.8360593Z   git switch -
build	Check out the exact current essay reading snapshot	2026-10-04T17:49:07.8360738Z 
build	Check out the exact current essay reading snapshot	2026-10-04T17:49:07.8360986Z Turn off this advice by setting config variable advice.detachedHead to false
build	Check out the exact current essay reading snapshot	2026-10-04T17:49:07.8361358Z 
build	Check out the exact current essay reading snapshot	2026-10-04T17:49:07.8361693Z HEAD is now at b2b5b70 Retain current essay reading edition and visual assets for site publication
build	Check out the exact current essay reading snapshot	2026-10-04T17:49:07.8438890Z ##[endgroup]
build	Check out the exact current essay reading snapshot	2026-10-04T17:49:07.8490342Z [command]/usr/bin/git log -1 --format=%H
build	Check out the exact current essay reading snapshot	2026-10-04T17:49:07.8517965Z b2b5b706105891f69e2a68ecd160dbe4add3828e
build	Check out the exact current essay reading snapshot	2026-10-04T17:49:07.8527582Z ##[group]Removing auth
build	Check out the exact current essay reading snapshot	2026-10-04T17:49:07.8531379Z [command]/usr/bin/git config --local --name-only --get-regexp core\.sshCommand
build	Check out the exact current essay reading snapshot	2026-10-04T17:49:07.8564841Z [command]/usr/bin/git submodule foreach --recursive sh -c "git config --local --name-only --get-regexp 'core\.sshCommand' && git config --local --unset-all 'core.sshCommand' || :"
build	Check out the exact current essay reading snapshot	2026-10-04T17:49:07.8804318Z [command]/usr/bin/git config --local --name-only --get-regexp http\.https\:\/\/github\.com\/\.extraheader
build	Check out the exact current essay reading snapshot	2026-10-04T17:49:07.8831177Z http.https://github.com/.extraheader
build	Check out the exact current essay reading snapshot	2026-10-04T17:49:07.8841189Z [command]/usr/bin/git config --local --unset-all http.https://github.com/.extraheader
build	Check out the exact current essay reading snapshot	2026-10-04T17:49:07.8881051Z [command]/usr/bin/git submodule foreach --recursive sh -c "git config --local --name-only --get-regexp 'http\.https\:\/\/github\.com\/\.extraheader' && git config --local --unset-all 'http.https://github.com/.extraheader' || :"
build	Check out the exact current essay reading snapshot	2026-10-04T17:49:07.9116389Z [command]/usr/bin/git config --local --name-only --get-regexp ^includeIf\.gitdir:
build	Check out the exact current essay reading snapshot	2026-10-04T17:49:07.9148829Z [command]/usr/bin/git submodule foreach --recursive git config --local --show-origin --name-only --get-regexp remote.origin.url
build	Check out the exact current essay reading snapshot	2026-10-04T17:49:07.9382690Z ##[endgroup]
build	Run actions/setup-node@v4	﻿2026-10-04T17:49:07.9548766Z ##[group]Run actions/setup-node@v4
build	Run actions/setup-node@v4	2026-10-04T17:49:07.9549069Z with:
build	Run actions/setup-node@v4	2026-10-04T17:49:07.9549265Z   node-version: 22
build	Run actions/setup-node@v4	2026-10-04T17:49:07.9549478Z   always-auth: false
build	Run actions/setup-node@v4	2026-10-04T17:49:07.9549698Z   check-latest: false
build	Run actions/setup-node@v4	2026-10-04T17:49:07.9551972Z   token: ***
build	Run actions/setup-node@v4	2026-10-04T17:49:07.9552179Z ##[endgroup]
build	Run actions/setup-node@v4	2026-10-04T17:49:08.1013721Z Found in cache @ /opt/hostedtoolcache/node/22.23.3/x64
build	Run actions/setup-node@v4	2026-10-04T17:49:08.1017011Z (node:2913) [DEP0040] DeprecationWarning: The `punycode` module is deprecated. Please use a userland alternative instead.
build	Run actions/setup-node@v4	2026-10-04T17:49:08.1018257Z (Use `node --trace-deprecation ...` to show where the warning was created)
build	Run actions/setup-node@v4	2026-10-04T17:49:08.1020747Z ##[group]Environment details
build	Run actions/setup-node@v4	2026-10-04T17:49:08.5812724Z node: v22.23.3
build	Run actions/setup-node@v4	2026-10-04T17:49:08.5813702Z npm: 10.9.9
build	Run actions/setup-node@v4	2026-10-04T17:49:08.5814012Z yarn: 1.22.22
build	Run actions/setup-node@v4	2026-10-04T17:49:08.5814655Z ##[endgroup]
build	Run npm install --no-audit --no-fund	﻿2026-10-04T17:49:08.5961883Z ##[group]Run npm install --no-audit --no-fund
build	Run npm install --no-audit --no-fund	2026-10-04T17:49:08.5962335Z [36;1mnpm install --no-audit --no-fund[0m
build	Run npm install --no-audit --no-fund	2026-10-04T17:49:08.6272665Z shell: /usr/bin/bash -e {0}
build	Run npm install --no-audit --no-fund	2026-10-04T17:49:08.6273016Z ##[endgroup]
build	Run npm install --no-audit --no-fund	2026-10-04T17:49:19.7267050Z npm warn deprecated @studio-freight/lenis@1.0.42: The '@studio-freight/lenis' package has been renamed to 'lenis'. Please update your dependencies: npm install lenis and visit the documentation: https://www.npmjs.com/package/lenis
build	Run npm install --no-audit --no-fund	2026-10-04T17:49:22.0020633Z 
build	Run npm install --no-audit --no-fund	2026-10-04T17:49:22.0021318Z added 154 packages in 13s
build	Install the expression engine's own deps (headless admission imports it by real path)	﻿2026-10-04T17:49:22.0580139Z ##[group]Run npm install --prefix ../packages/oi-design-system --no-audit --no-fund
build	Install the expression engine's own deps (headless admission imports it by real path)	2026-10-04T17:49:22.0580793Z [36;1mnpm install --prefix ../packages/oi-design-system --no-audit --no-fund[0m
build	Install the expression engine's own deps (headless admission imports it by real path)	2026-10-04T17:49:22.0646101Z shell: /usr/bin/bash -e {0}
build	Install the expression engine's own deps (headless admission imports it by real path)	2026-10-04T17:49:22.0646372Z ##[endgroup]
build	Install the expression engine's own deps (headless admission imports it by real path)	2026-10-04T17:49:23.3164403Z 
build	Install the expression engine's own deps (headless admission imports it by real path)	2026-10-04T17:49:23.3165840Z added 1 package in 1s
build	Verify shared-field contracts, public content and browser adapters	﻿2026-10-04T17:49:23.3309797Z ##[group]Run node --test \
build	Verify shared-field contracts, public content and browser adapters	2026-10-04T17:49:23.3310352Z [36;1mnode --test \[0m
build	Verify shared-field contracts, public content and browser adapters	2026-10-04T17:49:23.3310851Z [36;1m  ../shared-field/shared-field.test.mjs \[0m
build	Verify shared-field contracts, public content and browser adapters	2026-10-04T17:49:23.3311445Z [36;1m  ../shared-field/social.test.mjs \[0m
build	Verify shared-field contracts, public content and browser adapters	2026-10-04T17:49:23.3312043Z [36;1m  ../shared-field/presentation.test.mjs \[0m
build	Verify shared-field contracts, public content and browser adapters	2026-10-04T17:49:23.3312740Z [36;1m  ../shared-field/expression-presentation.test.mjs \[0m
build	Verify shared-field contracts, public content and browser adapters	2026-10-04T17:49:23.3313500Z [36;1m  ../shared-field/presentation-projection.test.mjs \[0m
build	Verify shared-field contracts, public content and browser adapters	2026-10-04T17:49:23.3314262Z [36;1m  ../shared-field/presentation-authoring.test.mjs \[0m
build	Verify shared-field contracts, public content and browser adapters	2026-10-04T17:49:23.3315267Z [36;1m  ../shared-field/account-projection.test.mjs \[0m
build	Verify shared-field contracts, public content and browser adapters	2026-10-04T17:49:23.3316049Z [36;1m  ../shared-field/explore-surface.test.mjs \[0m
build	Verify shared-field contracts, public content and browser adapters	2026-10-04T17:49:23.3316770Z [36;1m  ../shared-field/spacetimedb-explore-surface.test.mjs \[0m
build	Verify shared-field contracts, public content and browser adapters	2026-10-04T17:49:23.3317569Z [36;1m  ../shared-field/central-wiki-projection.test.mjs \[0m
build	Verify shared-field contracts, public content and browser adapters	2026-10-04T17:49:23.3318316Z [36;1m  ../shared-field/aikit-contribution-field.test.mjs \[0m
build	Verify shared-field contracts, public content and browser adapters	2026-10-04T17:49:23.3319068Z [36;1m  ../shared-field/native-action-binding.test.mjs \[0m
build	Verify shared-field contracts, public content and browser adapters	2026-10-04T17:49:23.3319652Z [36;1m  public-content.test.mjs \[0m
build	Verify shared-field contracts, public content and browser adapters	2026-10-04T17:49:23.3320128Z [36;1m  library.test.mjs \[0m
build	Verify shared-field contracts, public content and browser adapters	2026-10-04T17:49:23.3320575Z [36;1m  publication.test.mjs \[0m
build	Verify shared-field contracts, public content and browser adapters	2026-10-04T17:49:23.3321089Z [36;1m  projection-renderer.test.mjs \[0m
build	Verify shared-field contracts, public content and browser adapters	2026-10-04T17:49:23.3321634Z [36;1m  self-other-read-model.test.mjs \[0m
build	Verify shared-field contracts, public content and browser adapters	2026-10-04T17:49:23.3322214Z [36;1m  field-proof-read-model.test.mjs \[0m
build	Verify shared-field contracts, public content and browser adapters	2026-10-04T17:49:23.3322756Z [36;1m  explore-read-model.test.mjs \[0m
build	Verify shared-field contracts, public content and browser adapters	2026-10-04T17:49:23.3323274Z [36;1m  explore-provider.test.mjs \[0m
build	Verify shared-field contracts, public content and browser adapters	2026-10-04T17:49:23.3323804Z [36;1m  explore-public-seed.test.mjs \[0m
build	Verify shared-field contracts, public content and browser adapters	2026-10-04T17:49:23.3324627Z [36;1m  src/explore/relation-layout.test.mjs[0m
build	Verify shared-field contracts, public content and browser adapters	2026-10-04T17:49:23.3389301Z shell: /usr/bin/bash -e {0}
build	Verify shared-field contracts, public content and browser adapters	2026-10-04T17:49:23.3389581Z ##[endgroup]
build	Verify shared-field contracts, public content and browser adapters	2026-10-04T17:49:23.4226367Z TAP version 13
build	Verify shared-field contracts, public content and browser adapters	2026-10-04T17:49:23.4847975Z # Subtest: portable account modules are a rendering grammar, not a required Account ontology
build	Verify shared-field contracts, public content and browser adapters	2026-10-04T17:49:23.4876118Z ok 1 - portable account modules are a rendering grammar, not a required Account ontology
build	Verify shared-field contracts, public content and browser adapters	2026-10-04T17:49:23.4879477Z   ---
build	Verify shared-field contracts, public content and browser adapters	2026-10-04T17:49:23.4886034Z   duration_ms: 1.446952
build	Verify shared-field contracts, public content and browser adapters	2026-10-04T17:49:23.4886932Z   type: 'test'
build	Verify shared-field contracts, public content and browser adapters	2026-10-04T17:49:23.4887977Z   ...
build	Verify shared-field contracts, public content and browser adapters	2026-10-04T17:49:23.4889335Z # Subtest: Central personal world projects only explicitly selected authored material
build	Verify shared-field contracts, public content and browser adapters	2026-10-04T17:49:23.4890974Z ok 2 - Central personal world projects only explicitly selected authored material
build	Verify shared-field contracts, public content and browser adapters	2026-10-04T17:49:23.4892105Z   ---
build	Verify shared-field contracts, public content and browser adapters	2026-10-04T17:49:23.4973347Z   duration_ms: 5.181601
build	Verify shared-field contracts, public content and browser adapters	2026-10-04T17:49:23.4980082Z   type: 'test'
build	Verify shared-field contracts, public content and browser adapters	2026-10-04T17:49:23.4980650Z   ...
build	Verify shared-field contracts, public content and browser adapters	2026-10-04T17:49:23.4981937Z # Subtest: deep project account keeps authored intent, design, architecture and implementation evidence distinguishable
build	Verify shared-field contracts, public content and browser adapters	2026-10-04T17:49:23.4983871Z ok 3 - deep project account keeps authored intent, design, architecture and implementation evidence distinguishable
build	Verify shared-field contracts, public content and browser adapters	2026-10-04T17:49:23.4985228Z   ---
build	Verify shared-field contracts, public content and browser adapters	2026-10-04T17:49:23.4985769Z   duration_ms: 3.387573
build	Verify shared-field contracts, public content and browser adapters	2026-10-04T17:49:23.4986335Z   type: 'test'
build	Verify shared-field contracts, public content and browser adapters	2026-10-04T17:49:23.4986871Z   ...
build	Verify shared-field contracts, public content and browser adapters	2026-10-04T17:49:23.4987982Z # Subtest: ordinary project uses natural headings and has no QL dependency
build	Verify shared-field contracts, public content and browser adapters	2026-10-04T17:49:23.4989174Z ok 4 - ordinary project uses natural headings and has no QL dependency
build	Verify shared-field contracts, public content and browser adapters	2026-10-04T17:49:23.4990016Z   ---
build	Verify shared-field contracts, public content and browser adapters	2026-10-04T17:49:23.4990515Z   duration_ms: 1.126507
build	Verify shared-field contracts, public content and browser adapters	2026-10-04T17:49:23.4991061Z   type: 'test'
build	Verify shared-field contracts, public content and browser adapters	2026-10-04T17:49:23.4991547Z   ...
build	Verify shared-field contracts, public content and browser adapters	2026-10-04T17:49:23.4992528Z # Subtest: agent reading preserves the same Projection identity human surfaces render
build	Verify shared-field contracts, public content and browser adapters	2026-10-04T17:49:23.4993838Z ok 5 - agent reading preserves the same Projection identity human surfaces render
build	Verify shared-field contracts, public content and browser adapters	2026-10-04T17:49:23.4994828Z   ---
build	Verify shared-field contracts, public content and browser adapters	2026-10-04T17:49:23.4995632Z   duration_ms: 3.840866
build	Verify shared-field contracts, public content and browser adapters	2026-10-04T17:49:23.4996197Z   type: 'test'
build	Verify shared-field contracts, public content and browser adapters	2026-10-04T17:49:23.4996698Z   ...
build	Verify shared-field contracts, public content and browser adapters	2026-10-04T17:49:23.5026387Z # Subtest: only Surface-projected AIKit contributions become bindable, with absences degrading rather than vanishing
build	Verify shared-field contracts, public content and browser adapters	2026-10-04T17:49:23.5028894Z ok 6 - only Surface-projected AIKit contributions become bindable, with absences degrading rather than vanishing
build	Verify shared-field contracts, public content and browser adapters	2026-10-04T17:49:23.5030043Z   ---
build	Verify shared-field contracts, public content and browser adapters	2026-10-04T17:49:23.5030594Z   duration_ms: 3.360963
build	Verify shared-field contracts, public content and browser adapters	2026-10-04T17:49:23.5031193Z   type: 'test'
build	Verify shared-field contracts, public content and browser adapters	2026-10-04T17:49:23.5031750Z   ...
build	Verify shared-field contracts, public content and browser adapters	2026-10-04T17:49:23.5032774Z # Subtest: an action projection keeps its canonical Action ref and gains no handler
build	Verify shared-field contracts, public content and browser adapters	2026-10-04T17:49:23.5034160Z ok 7 - an action projection keeps its canonical Action ref and gains no handler
build	Verify shared-field contracts, public content and browser adapters	2026-10-04T17:49:23.5035557Z   ---
build	Verify shared-field contracts, public content and browser adapters	2026-10-04T17:49:23.5036156Z   duration_ms: 2.086502
build	Verify shared-field contracts, public content and browser adapters	2026-10-04T17:49:23.5036898Z   type: 'test'
build	Verify shared-field contracts, public content and browser adapters	2026-10-04T17:49:23.5037458Z   ...
build	Verify shared-field contracts, public content and browser adapters	2026-10-04T17:49:23.5038388Z # Subtest: the adapter refuses bodies that are not the accepted AIKit contract
build	Verify shared-field contracts, public content and browser adapters	2026-10-04T17:49:23.5039671Z ok 8 - the adapter refuses bodies that are not the accepted AIKit contract
build	Verify shared-field contracts, public content and browser adapters	2026-10-04T17:49:23.5040573Z   ---
build	Verify shared-field contracts, public content and browser adapters	2026-10-04T17:49:23.5041146Z   duration_ms: 0.565923
build	Verify shared-field contracts, public content and browser adapters	2026-10-04T17:49:23.5041727Z   type: 'test'
build	Verify shared-field contracts, public content and browser adapters	2026-10-04T17:49:23.5042252Z   ...
build	Verify shared-field contracts, public content and browser adapters	2026-10-04T17:49:23.7013961Z # Subtest: root WikiSpace and a real ProjectCentral child WikiSpace are both addressable through one Projection
build	Verify shared-field contracts, public content and browser adapters	2026-10-04T17:49:23.7027115Z ok 9 - root WikiSpace and a real ProjectCentral child WikiSpace are both addressable through one Projection
build	Verify shared-field contracts, public content and browser adapters	2026-10-04T17:49:23.7085905Z   ---
build	Verify shared-field contracts, public content and browser adapters	2026-10-04T17:49:23.7110328Z   duration_ms: 15.178901
build	Verify shared-field contracts, public content and browser adapters	2026-10-04T17:49:23.7136729Z   type: 'test'
build	Verify shared-field contracts, public content and browser adapters	2026-10-04T17:49:23.7155499Z   ...
build	Verify shared-field contracts, public content and browser adapters	2026-10-04T17:49:23.7183345Z # Subtest: unselected private material is absent from every outward payload, not only the rendered page
build	Verify shared-field contracts, public content and browser adapters	2026-10-04T17:49:23.7187063Z ok 10 - unselected private material is absent from every outward payload, not only the rendered page
build	Verify shared-field contracts, public content and browser adapters	2026-10-04T17:49:23.7189152Z   ---
build	Verify shared-field contracts, public content and browser adapters	2026-10-04T17:49:23.7189881Z   duration_ms: 6.875182
build	Verify shared-field contracts, public content and browser adapters	2026-10-04T17:49:23.7190742Z   type: 'test'
build	Verify shared-field contracts, public content and browser adapters	2026-10-04T17:49:23.7191442Z   ...
build	Verify shared-field contracts, public content and browser adapters	2026-10-04T17:49:23.7192922Z # Subtest: a selection cannot smuggle a node out of an address-only space or a node absent from the readings
build	Verify shared-field contracts, public content and browser adapters	2026-10-04T17:49:23.7195227Z ok 11 - a selection cannot smuggle a node out of an address-only space or a node absent from the readings
build	Verify shared-field contracts, public content and browser adapters	2026-10-04T17:49:23.7196602Z   ---
build	Verify shared-field contracts, public content and browser adapters	2026-10-04T17:49:23.7197359Z   duration_ms: 1.233415
build	Verify shared-field contracts, public content and browser adapters	2026-10-04T17:49:23.7198178Z   type: 'test'
build	Verify shared-field contracts, public content and browser adapters	2026-10-04T17:49:23.7198880Z   ...
build	Verify shared-field contracts, public content and browser adapters	2026-10-04T17:49:23.7200281Z # Subtest: human-authored and Agent-maintained standings stay distinguishable in provenance and entries
build	Verify shared-field contracts, public content and browser adapters	2026-10-04T17:49:23.7202339Z ok 12 - human-authored and Agent-maintained standings stay distinguishable in provenance and entries
build	Verify shared-field contracts, public content and browser adapters	2026-10-04T17:49:23.7203701Z   ---
build	Verify shared-field contracts, public content and browser adapters	2026-10-04T17:49:23.7204486Z   duration_ms: 3.872445
build	Verify shared-field contracts, public content and browser adapters	2026-10-04T17:49:23.7205560Z   type: 'test'
build	Verify shared-field contracts, public content and browser adapters	2026-10-04T17:49:23.7205999Z   ...
build	Verify shared-field contracts, public content and browser adapters	2026-10-04T17:49:23.7206731Z # Subtest: source paths are withheld unless the selection discloses them
build	Verify shared-field contracts, public content and browser adapters	2026-10-04T17:49:23.7207798Z ok 13 - source paths are withheld unless the selection discloses them
build	Verify shared-field contracts, public content and browser adapters	2026-10-04T17:49:23.7208469Z   ---
build	Verify shared-field contracts, public content and browser adapters	2026-10-04T17:49:23.7208837Z   duration_ms: 5.839885
build	Verify shared-field contracts, public content and browser adapters	2026-10-04T17:49:23.7209265Z   type: 'test'
build	Verify shared-field contracts, public content and browser adapters	2026-10-04T17:49:23.7209603Z   ...
build	Verify shared-field contracts, public content and browser adapters	2026-10-04T17:49:23.7210646Z # Subtest: the published material drives the same renderer-neutral Explore Surface used by browser, desktop and agents
build	Verify shared-field contracts, public content and browser adapters	2026-10-04T17:49:23.7216796Z ok 14 - the published material drives the same renderer-neutral Explore Surface used by browser, desktop and agents
build	Verify shared-field contracts, public content and browser adapters	2026-10-04T17:49:23.7217847Z   ---
build	Verify shared-field contracts, public content and browser adapters	2026-10-04T17:49:23.7218309Z   duration_ms: 20.532422
build	Verify shared-field contracts, public content and browser adapters	2026-10-04T17:49:23.7218761Z   type: 'test'
build	Verify shared-field contracts, public content and browser adapters	2026-10-04T17:49:23.7219134Z   ...
build	Verify shared-field contracts, public content and browser adapters	2026-10-04T17:49:23.7220121Z # Subtest: hosted reducer arguments carry exactly the bundle and keep semantic refs as the index columns
build	Verify shared-field contracts, public content and browser adapters	2026-10-04T17:49:23.7221675Z ok 15 - hosted reducer arguments carry exactly the bundle and keep semantic refs as the index columns
build	Verify shared-field contracts, public content and browser adapters	2026-10-04T17:49:23.7222574Z   ---
build	Verify shared-field contracts, public content and browser adapters	2026-10-04T17:49:23.7222941Z   duration_ms: 3.387142
build	Verify shared-field contracts, public content and browser adapters	2026-10-04T17:49:23.7223686Z   type: 'test'
build	Verify shared-field contracts, public content and browser adapters	2026-10-04T17:49:23.7224057Z   ...
build	Verify shared-field contracts, public content and browser adapters	2026-10-04T17:49:23.7225485Z # Subtest: the standalone edition is rendered only from the Projection and its manifest digest identifies bytes, not authority
build	Verify shared-field contracts, public content and browser adapters	2026-10-04T17:49:23.7227284Z ok 16 - the standalone edition is rendered only from the Projection and its manifest digest identifies bytes, not authority
build	Verify shared-field contracts, public content and browser adapters	2026-10-04T17:49:23.7228309Z   ---
build	Verify shared-field contracts, public content and browser adapters	2026-10-04T17:49:23.7228683Z   duration_ms: 5.170029
build	Verify shared-field contracts, public content and browser adapters	2026-10-04T17:49:23.7229100Z   type: 'test'
build	Verify shared-field contracts, public content and browser adapters	2026-10-04T17:49:23.7229449Z   ...
build	Verify shared-field contracts, public content and browser adapters	2026-10-04T17:49:23.7230948Z # Subtest: re-projection from a moved source is a source revision; from the same source it is a refinement — identity never drifts
build	Verify shared-field contracts, public content and browser adapters	2026-10-04T17:49:23.7232883Z ok 17 - re-projection from a moved source is a source revision; from the same source it is a refinement — identity never drifts
build	Verify shared-field contracts, public content and browser adapters	2026-10-04T17:49:23.7233904Z   ---
build	Verify shared-field contracts, public content and browser adapters	2026-10-04T17:49:23.7234262Z   duration_ms: 12.62488
build	Verify shared-field contracts, public content and browser adapters	2026-10-04T17:49:23.7234652Z   type: 'test'
build	Verify shared-field contracts, public content and browser adapters	2026-10-04T17:49:23.7235257Z   ...
build	Verify shared-field contracts, public content and browser adapters	2026-10-04T17:49:23.7236244Z # Subtest: an unselected Position is absent from every outward payload, Explore search and relation
build	Verify shared-field contracts, public content and browser adapters	2026-10-04T17:49:23.7237634Z ok 18 - an unselected Position is absent from every outward payload, Explore search and relation
build	Verify shared-field contracts, public content and browser adapters	2026-10-04T17:49:23.7238452Z   ---
build	Verify shared-field contracts, public content and browser adapters	2026-10-04T17:49:23.7238838Z   duration_ms: 13.784267
build	Verify shared-field contracts, public content and browser adapters	2026-10-04T17:49:23.7239237Z   type: 'test'
build	Verify shared-field contracts, public content and browser adapters	2026-10-04T17:49:23.7239594Z   ...
build	Verify shared-field contracts, public content and browser adapters	2026-10-04T17:49:23.7240766Z # Subtest: address mode carries the Position address and nothing of its occupancy; occupancy mode carries only the allow-listed fields
build	Verify shared-field contracts, public content and browser adapters	2026-10-04T17:49:23.7242719Z ok 19 - address mode carries the Position address and nothing of its occupancy; occupancy mode carries only the allow-listed fields
build	Verify shared-field contracts, public content and browser adapters	2026-10-04T17:49:23.7244090Z   ---
build	Verify shared-field contracts, public content and browser adapters	2026-10-04T17:49:23.7244438Z   duration_ms: 11.293954
build	Verify shared-field contracts, public content and browser adapters	2026-10-04T17:49:23.7244848Z   type: 'test'
build	Verify shared-field contracts, public content and browser adapters	2026-10-04T17:49:23.7254128Z   ...
build	Verify shared-field contracts, public content and browser adapters	2026-10-04T17:49:23.7255934Z # Subtest: private inhabitation material never leaves: sessions, SessionSpaces, gateway addresses, attention, Communique bodies, protected purpose refs
build	Verify shared-field contracts, public content and browser adapters	2026-10-04T17:49:23.7258217Z ok 20 - private inhabitation material never leaves: sessions, SessionSpaces, gateway addresses, attention, Communique bodies, protected purpose refs
build	Verify shared-field contracts, public content and browser adapters	2026-10-04T17:49:23.7259389Z   ---
build	Verify shared-field contracts, public content and browser adapters	2026-10-04T17:49:23.7259753Z   duration_ms: 19.7521
build	Verify shared-field contracts, public content and browser adapters	2026-10-04T17:49:23.7260166Z   type: 'test'
build	Verify shared-field contracts, public content and browser adapters	2026-10-04T17:49:23.7260515Z   ...
build	Verify shared-field contracts, public content and browser adapters	2026-10-04T17:49:23.7261716Z # Subtest: selection refusals: an unknown Position, occupancy without a population reading, an unknown constellation, an invalid mode
build	Verify shared-field contracts, public content and browser adapters	2026-10-04T17:49:23.7263629Z ok 21 - selection refusals: an unknown Position, occupancy without a population reading, an unknown constellation, an invalid mode
build	Verify shared-field contracts, public content and browser adapters	2026-10-04T17:49:23.7264769Z   ---
build	Verify shared-field contracts, public content and browser adapters	2026-10-04T17:49:23.7266919Z   duration_ms: 1.567006
build	Verify shared-field contracts, public content and browser adapters	2026-10-04T17:49:23.7267368Z   type: 'test'
build	Verify shared-field contracts, public content and browser adapters	2026-10-04T17:49:23.7267735Z   ...
build	Verify shared-field contracts, public content and browser adapters	2026-10-04T17:49:23.7268804Z # Subtest: occupancy or custody drift is a source revision; a change only in never-published material is a refinement
build	Verify shared-field contracts, public content and browser adapters	2026-10-04T17:49:23.7270561Z ok 22 - occupancy or custody drift is a source revision; a change only in never-published material is a refinement
build	Verify shared-field contracts, public content and browser adapters	2026-10-04T17:49:23.7271508Z   ---
build	Verify shared-field contracts, public content and browser adapters	2026-10-04T17:49:23.7271980Z   duration_ms: 34.158255
build	Verify shared-field contracts, public content and browser adapters	2026-10-04T17:49:23.7272481Z   type: 'test'
build	Verify shared-field contracts, public content and browser adapters	2026-10-04T17:49:23.7272854Z   ...
build	Verify shared-field contracts, public content and browser adapters	2026-10-04T17:49:23.7273815Z # Subtest: hosted reducer arguments carry the Positions, the constellation and their World relations
build	Verify shared-field contracts, public content and browser adapters	2026-10-04T17:49:23.7275693Z ok 23 - hosted reducer arguments carry the Positions, the constellation and their World relations
build	Verify shared-field contracts, public content and browser adapters	2026-10-04T17:49:23.7276579Z   ---
build	Verify shared-field contracts, public content and browser adapters	2026-10-04T17:49:23.7276981Z   duration_ms: 5.061722
build	Verify shared-field contracts, public content and browser adapters	2026-10-04T17:49:23.7277413Z   type: 'test'
build	Verify shared-field contracts, public content and browser adapters	2026-10-04T17:49:23.7277782Z   ...
build	Verify shared-field contracts, public content and browser adapters	2026-10-04T17:49:23.7278849Z # Subtest: a constellation is one entry, related to the World and to its selected wiki-node participations only
build	Verify shared-field contracts, public content and browser adapters	2026-10-04T17:49:23.7280470Z ok 24 - a constellation is one entry, related to the World and to its selected wiki-node participations only
build	Verify shared-field contracts, public content and browser adapters	2026-10-04T17:49:23.7281690Z   ---
build	Verify shared-field contracts, public content and browser adapters	2026-10-04T17:49:23.7282066Z   duration_ms: 6.781309
build	Verify shared-field contracts, public content and browser adapters	2026-10-04T17:49:23.7282472Z   type: 'test'
build	Verify shared-field contracts, public content and browser adapters	2026-10-04T17:49:23.7282840Z   ...
build	Verify shared-field contracts, public content and browser adapters	2026-10-04T17:49:23.7283892Z # Subtest: works-on appears only when current work is one attested custody naming a selected node or constellation
build	Verify shared-field contracts, public content and browser adapters	2026-10-04T17:49:23.7286141Z ok 25 - works-on appears only when current work is one attested custody naming a selected node or constellation
build	Verify shared-field contracts, public content and browser adapters	2026-10-04T17:49:23.7287098Z   ---
build	Verify shared-field contracts, public content and browser adapters	2026-10-04T17:49:23.7287448Z   duration_ms: 20.581179
build	Verify shared-field contracts, public content and browser adapters	2026-10-04T17:49:23.7287861Z   type: 'test'
build	Verify shared-field contracts, public content and browser adapters	2026-10-04T17:49:23.7288213Z   ...
build	Verify shared-field contracts, public content and browser adapters	2026-10-04T17:49:23.7289172Z # Subtest: a node listed only by its space node_refs is a member of that space, and address-only still refuses it
build	Verify shared-field contracts, public content and browser adapters	2026-10-04T17:49:23.7290704Z ok 26 - a node listed only by its space node_refs is a member of that space, and address-only still refuses it
build	Verify shared-field contracts, public content and browser adapters	2026-10-04T17:49:23.7291577Z   ---
build	Verify shared-field contracts, public content and browser adapters	2026-10-04T17:49:23.7291928Z   duration_ms: 1.537879
build	Verify shared-field contracts, public content and browser adapters	2026-10-04T17:49:23.7292352Z   type: 'test'
build	Verify shared-field contracts, public content and browser adapters	2026-10-04T17:49:23.7292684Z   ...
build	Verify shared-field contracts, public content and browser adapters	2026-10-04T17:49:23.7293545Z # Subtest: re-projecting with a changed audience carries the owner's new audience in a new revision
build	Verify shared-field contracts, public content and browser adapters	2026-10-04T17:49:23.7295219Z ok 27 - re-projecting with a changed audience carries the owner's new audience in a new revision
build	Verify shared-field contracts, public content and browser adapters	2026-10-04T17:49:23.7296098Z   ---
build	Verify shared-field contracts, public content and browser adapters	2026-10-04T17:49:23.7296447Z   duration_ms: 5.79203
build	Verify shared-field contracts, public content and browser adapters	2026-10-04T17:49:23.7296850Z   type: 'test'
build	Verify shared-field contracts, public content and browser adapters	2026-10-04T17:49:23.7297220Z   ...
build	Verify shared-field contracts, public content and browser adapters	2026-10-04T17:49:23.7298005Z # Subtest: typed wiki edges travel between selected nodes only, with their own origin
build	Verify shared-field contracts, public content and browser adapters	2026-10-04T17:49:23.7299226Z ok 28 - typed wiki edges travel between selected nodes only, with their own origin
build	Verify shared-field contracts, public content and browser adapters	2026-10-04T17:49:23.7299968Z   ---
build	Verify shared-field contracts, public content and browser adapters	2026-10-04T17:49:23.7300575Z   duration_ms: 5.606696
build	Verify shared-field contracts, public content and browser adapters	2026-10-04T17:49:23.7300968Z   type: 'test'
build	Verify shared-field contracts, public content and browser adapters	2026-10-04T17:49:23.7301300Z   ...
build	Verify shared-field contracts, public content and browser adapters	2026-10-04T17:49:23.7302513Z # Subtest: a knowledge edge carries no foreign ref: relation validated, edge ref dropped, origin ref only a Contribution or selected material
build	Verify shared-field contracts, public content and browser adapters	2026-10-04T17:49:23.7304483Z ok 29 - a knowledge edge carries no foreign ref: relation validated, edge ref dropped, origin ref only a Contribution or selected material
build	Verify shared-field contracts, public content and browser adapters	2026-10-04T17:49:23.7305987Z   ---
build	Verify shared-field contracts, public content and browser adapters	2026-10-04T17:49:23.7306341Z   duration_ms: 3.226589
build	Verify shared-field contracts, public content and browser adapters	2026-10-04T17:49:23.7306745Z   type: 'test'
build	Verify shared-field contracts, public content and browser adapters	2026-10-04T17:49:23.7307070Z   ...
build	Verify shared-field contracts, public content and browser adapters	2026-10-04T17:49:23.7346256Z # Subtest: shared Surface model preserves search leaf to bounded local whole
build	Verify shared-field contracts, public content and browser adapters	2026-10-04T17:49:23.7366111Z ok 30 - shared Surface model preserves search leaf to bounded local whole
build	Verify shared-field contracts, public content and browser adapters	2026-10-04T17:49:23.7367003Z   ---
build	Verify shared-field contracts, public content and browser adapters	2026-10-04T17:49:23.7367434Z   duration_ms: 3.409564
build	Verify shared-field contracts, public content and browser adapters	2026-10-04T17:49:23.7367969Z   type: 'test'
build	Verify shared-field contracts, public content and browser adapters	2026-10-04T17:49:23.7368436Z   ...
build	Verify shared-field contracts, public content and browser adapters	2026-10-04T17:49:23.7369469Z # Subtest: Surface consumers receive the same stable world and provenance-bearing relation state
build	Verify shared-field contracts, public content and browser adapters	2026-10-04T17:49:23.7370981Z ok 31 - Surface consumers receive the same stable world and provenance-bearing relation state
build	Verify shared-field contracts, public content and browser adapters	2026-10-04T17:49:23.7371898Z   ---
build	Verify shared-field contracts, public content and browser adapters	2026-10-04T17:49:23.7372337Z   duration_ms: 8.069463
build	Verify shared-field contracts, public content and browser adapters	2026-10-04T17:49:23.7372833Z   type: 'test'
build	Verify shared-field contracts, public content and browser adapters	2026-10-04T17:49:23.7373233Z   ...
build	Verify shared-field contracts, public content and browser adapters	2026-10-04T17:49:23.7374326Z # Subtest: Surface composition rejects an unsupported transport payload rather than inventing fallback meaning
build	Verify shared-field contracts, public content and browser adapters	2026-10-04T17:49:23.7376291Z ok 32 - Surface composition rejects an unsupported transport payload rather than inventing fallback meaning
build	Verify shared-field contracts, public content and browser adapters	2026-10-04T17:49:23.7395580Z   ---
build	Verify shared-field contracts, public content and browser adapters	2026-10-04T17:49:23.7398247Z   duration_ms: 0.462881
build	Verify shared-field contracts, public content and browser adapters	2026-10-04T17:49:23.7400374Z   type: 'test'
build	Verify shared-field contracts, public content and browser adapters	2026-10-04T17:49:23.7400737Z   ...
build	Verify shared-field contracts, public content and browser adapters	2026-10-04T17:49:23.7401468Z # Subtest: admits accepted live renderer and preserves identities
build	Verify shared-field contracts, public content and browser adapters	2026-10-04T17:49:23.7402517Z ok 33 - admits accepted live renderer and preserves identities
build	Verify shared-field contracts, public content and browser adapters	2026-10-04T17:49:23.7403195Z   ---
build	Verify shared-field contracts, public content and browser adapters	2026-10-04T17:49:23.7403568Z   duration_ms: 2.239887
build	Verify shared-field contracts, public content and browser adapters	2026-10-04T17:49:23.7403933Z   type: 'test'
build	Verify shared-field contracts, public content and browser adapters	2026-10-04T17:49:23.7404144Z   ...
build	Verify shared-field contracts, public content and browser adapters	2026-10-04T17:49:23.7404586Z # Subtest: chooses first renderable authored capture when live admission is absent
build	Verify shared-field contracts, public content and browser adapters	2026-10-04T17:49:23.7406269Z ok 34 - chooses first renderable authored capture when live admission is absent
build	Verify shared-field contracts, public content and browser adapters	2026-10-04T17:49:23.7406985Z   ---
build	Verify shared-field contracts, public content and browser adapters	2026-10-04T17:49:23.7407385Z   duration_ms: 0.616817
build	Verify shared-field contracts, public content and browser adapters	2026-10-04T17:49:23.7407812Z   type: 'test'
build	Verify shared-field contracts, public content and browser adapters	2026-10-04T17:49:23.7408181Z   ...
build	Verify shared-field contracts, public content and browser adapters	2026-10-04T17:49:23.7408830Z # Subtest: stale or withheld subjects and sources cannot be live truth
build	Verify shared-field contracts, public content and browser adapters	2026-10-04T17:49:23.7409756Z ok 35 - stale or withheld subjects and sources cannot be live truth
build	Verify shared-field contracts, public content and browser adapters	2026-10-04T17:49:23.7410196Z   ---
build	Verify shared-field contracts, public content and browser adapters	2026-10-04T17:49:23.7410431Z   duration_ms: 2.608633
build	Verify shared-field contracts, public content and browser adapters	2026-10-04T17:49:23.7410662Z   type: 'test'
build	Verify shared-field contracts, public content and browser adapters	2026-10-04T17:49:23.7410858Z   ...
build	Verify shared-field contracts, public content and browser adapters	2026-10-04T17:49:23.7411211Z # Subtest: rejects identity drift and unsupported fallbacks
build	Verify shared-field contracts, public content and browser adapters	2026-10-04T17:49:23.7412124Z ok 36 - rejects identity drift and unsupported fallbacks
build	Verify shared-field contracts, public content and browser adapters	2026-10-04T17:49:23.7412539Z   ---
build	Verify shared-field contracts, public content and browser adapters	2026-10-04T17:49:23.7412739Z   duration_ms: 0.652544
build	Verify shared-field contracts, public content and browser adapters	2026-10-04T17:49:23.7412962Z   type: 'test'
build	Verify shared-field contracts, public content and browser adapters	2026-10-04T17:49:23.7413157Z   ...
build	Verify shared-field contracts, public content and browser adapters	2026-10-04T17:49:23.7413605Z # Subtest: rejects private runtime state, duplicate subjects and malformed provenance
build	Verify shared-field contracts, public content and browser adapters	2026-10-04T17:49:23.7414372Z ok 37 - rejects private runtime state, duplicate subjects and malformed provenance
build	Verify shared-field contracts, public content and browser adapters	2026-10-04T17:49:23.7414794Z   ---
build	Verify shared-field contracts, public content and browser adapters	2026-10-04T17:49:23.7415673Z   duration_ms: 0.657272
build	Verify shared-field contracts, public content and browser adapters	2026-10-04T17:49:23.7416108Z   type: 'test'
build	Verify shared-field contracts, public content and browser adapters	2026-10-04T17:49:23.7416475Z   ...
build	Verify shared-field contracts, public content and browser adapters	2026-10-04T17:49:23.7417299Z # Subtest: action refs parse to owner and canonical action id; anything else is refused
build	Verify shared-field contracts, public content and browser adapters	2026-10-04T17:49:23.7418664Z ok 38 - action refs parse to owner and canonical action id; anything else is refused
build	Verify shared-field contracts, public content and browser adapters	2026-10-04T17:49:23.7419688Z   ---
build	Verify shared-field contracts, public content and browser adapters	2026-10-04T17:49:23.7420107Z   duration_ms: 2.534666
build	Verify shared-field contracts, public content and browser adapters	2026-10-04T17:49:23.7420545Z   type: 'test'
build	Verify shared-field contracts, public content and browser adapters	2026-10-04T17:49:23.7420911Z   ...
build	Verify shared-field contracts, public content and browser adapters	2026-10-04T17:49:23.7422012Z # Subtest: only an Action the binding discloses is bound, and only to a known native owner
build	Verify shared-field contracts, public content and browser adapters	2026-10-04T17:49:23.7423148Z ok 39 - only an Action the binding discloses is bound, and only to a known native owner
build	Verify shared-field contracts, public content and browser adapters	2026-10-04T17:49:23.7423849Z   ---
build	Verify shared-field contracts, public content and browser adapters	2026-10-04T17:49:23.7424182Z   duration_ms: 1.442183
build	Verify shared-field contracts, public content and browser adapters	2026-10-04T17:49:23.7424571Z   type: 'test'
build	Verify shared-field contracts, public content and browser adapters	2026-10-04T17:49:23.7425588Z   ...
build	Verify shared-field contracts, public content and browser adapters	2026-10-04T17:49:23.7426616Z # Subtest: invocation goes through the owner command with the canonical id, and the owner envelope becomes attributable Activity
build	Verify shared-field contracts, public content and browser adapters	2026-10-04T17:49:23.7428200Z ok 40 - invocation goes through the owner command with the canonical id, and the owner envelope becomes attributable Activity
build	Verify shared-field contracts, public content and browser adapters	2026-10-04T17:49:23.7429097Z   ---
build	Verify shared-field contracts, public content and browser adapters	2026-10-04T17:49:23.7429414Z   duration_ms: 1.270223
build	Verify shared-field contracts, public content and browser adapters	2026-10-04T17:49:23.7429775Z   type: 'test'
build	Verify shared-field contracts, public content and browser adapters	2026-10-04T17:49:23.7430096Z   ...
build	Verify shared-field contracts, public content and browser adapters	2026-10-04T17:49:23.7430895Z # Subtest: an owner refusal stays a refusal: failed Activity, no retry, no invented result
build	Verify shared-field contracts, public content and browser adapters	2026-10-04T17:49:23.7432137Z ok 41 - an owner refusal stays a refusal: failed Activity, no retry, no invented result
build	Verify shared-field contracts, public content and browser adapters	2026-10-04T17:49:23.7432895Z   ---
build	Verify shared-field contracts, public content and browser adapters	2026-10-04T17:49:23.7433260Z   duration_ms: 0.715621
build	Verify shared-field contracts, public content and browser adapters	2026-10-04T17:49:23.7433679Z   type: 'test'
build	Verify shared-field contracts, public content and browser adapters	2026-10-04T17:49:23.7434059Z   ...
build	Verify shared-field contracts, public content and browser adapters	2026-10-04T17:49:23.7435416Z # Subtest: direct authoring mutates existing WorldPresentation regions and bindings without a parallel page model
build	Verify shared-field contracts, public content and browser adapters	2026-10-04T17:49:23.7437094Z ok 42 - direct authoring mutates existing WorldPresentation regions and bindings without a parallel page model
build	Verify shared-field contracts, public content and browser adapters	2026-10-04T17:49:23.7438050Z   ---
build	Verify shared-field contracts, public content and browser adapters	2026-10-04T17:49:23.7438404Z   duration_ms: 6.494723
build	Verify shared-field contracts, public content and browser adapters	2026-10-04T17:49:23.7438818Z   type: 'test'
build	Verify shared-field contracts, public content and browser adapters	2026-10-04T17:49:23.7439175Z   ...
build	Verify shared-field contracts, public content and browser adapters	2026-10-04T17:49:23.7440419Z # Subtest: agent disclosure exposes the same selected refs, provenance, source revision, source-return boundary and authoring operations
build	Verify shared-field contracts, public content and browser adapters	2026-10-04T17:49:23.7442402Z ok 43 - agent disclosure exposes the same selected refs, provenance, source revision, source-return boundary and authoring operations
build	Verify shared-field contracts, public content and browser adapters	2026-10-04T17:49:23.7443510Z   ---
build	Verify shared-field contracts, public content and browser adapters	2026-10-04T17:49:23.7443877Z   duration_ms: 0.878664
build	Verify shared-field contracts, public content and browser adapters	2026-10-04T17:49:23.7444287Z   type: 'test'
build	Verify shared-field contracts, public content and browser adapters	2026-10-04T17:49:23.7444661Z   ...
build	Verify shared-field contracts, public content and browser adapters	2026-10-04T17:49:23.7446425Z # Subtest: selected native contribution keeps its canonical ActionRef and degraded reason without gaining a UI-owned handler
build	Verify shared-field contracts, public content and browser adapters	2026-10-04T17:49:23.7448547Z ok 44 - selected native contribution keeps its canonical ActionRef and degraded reason without gaining a UI-owned handler
build	Verify shared-field contracts, public content and browser adapters	2026-10-04T17:49:23.7449508Z   ---
build	Verify shared-field contracts, public content and browser adapters	2026-10-04T17:49:23.7449842Z   duration_ms: 0.53762
build	Verify shared-field contracts, public content and browser adapters	2026-10-04T17:49:23.7450209Z   type: 'test'
build	Verify shared-field contracts, public content and browser adapters	2026-10-04T17:49:23.7450531Z   ...
build	Verify shared-field contracts, public content and browser adapters	2026-10-04T17:49:23.7451575Z # Subtest: unavailable native contribution is visible but cannot be inserted and renderer fallback does not drift identity
build	Verify shared-field contracts, public content and browser adapters	2026-10-04T17:49:23.7453230Z ok 45 - unavailable native contribution is visible but cannot be inserted and renderer fallback does not drift identity
build	Verify shared-field contracts, public content and browser adapters	2026-10-04T17:49:23.7485372Z   ---
build	Verify shared-field contracts, public content and browser adapters	2026-10-04T17:49:23.7485908Z   duration_ms: 1.075882
build	Verify shared-field contracts, public content and browser adapters	2026-10-04T17:49:23.7495881Z   type: 'test'
build	Verify shared-field contracts, public content and browser adapters	2026-10-04T17:49:23.7525632Z   ...
build	Verify shared-field contracts, public content and browser adapters	2026-10-04T17:49:23.7526727Z # Subtest: web and desktop Surface disclosures can consume one presentation and binding identity without owning it
build	Verify shared-field contracts, public content and browser adapters	2026-10-04T17:49:23.7528374Z ok 46 - web and desktop Surface disclosures can consume one presentation and binding identity without owning it
build	Verify shared-field contracts, public content and browser adapters	2026-10-04T17:49:23.7529273Z   ---
build	Verify shared-field contracts, public content and browser adapters	2026-10-04T17:49:23.7529628Z   duration_ms: 0.555373
build	Verify shared-field contracts, public content and browser adapters	2026-10-04T17:49:23.7530033Z   type: 'test'
build	Verify shared-field contracts, public content and browser adapters	2026-10-04T17:49:23.7530427Z   ...
build	Verify shared-field contracts, public content and browser adapters	2026-10-04T17:49:23.7531195Z # Subtest: world presentation is a Projection representation, not source identity
build	Verify shared-field contracts, public content and browser adapters	2026-10-04T17:49:23.7532329Z ok 47 - world presentation is a Projection representation, not source identity
build	Verify shared-field contracts, public content and browser adapters	2026-10-04T17:49:23.7533041Z   ---
build	Verify shared-field contracts, public content and browser adapters	2026-10-04T17:49:23.7533378Z   duration_ms: 4.830662
build	Verify shared-field contracts, public content and browser adapters	2026-10-04T17:49:23.7533779Z   type: 'test'
build	Verify shared-field contracts, public content and browser adapters	2026-10-04T17:49:23.7534121Z   ...
build	Verify shared-field contracts, public content and browser adapters	2026-10-04T17:49:23.7535178Z # Subtest: human edit creates a new attributable Projection revision without rewriting source
build	Verify shared-field contracts, public content and browser adapters	2026-10-04T17:49:23.7536801Z ok 48 - human edit creates a new attributable Projection revision without rewriting source
build	Verify shared-field contracts, public content and browser adapters	2026-10-04T17:49:23.7537569Z   ---
build	Verify shared-field contracts, public content and browser adapters	2026-10-04T17:49:23.7537910Z   duration_ms: 1.310006
build	Verify shared-field contracts, public content and browser adapters	2026-10-04T17:49:23.7538308Z   type: 'test'
build	Verify shared-field contracts, public content and browser adapters	2026-10-04T17:49:23.7538644Z   ...
build	Verify shared-field contracts, public content and browser adapters	2026-10-04T17:49:23.7539663Z # Subtest: working representation ratifies from W1 to W2 when the draft intentionally retains the published revision
build	Verify shared-field contracts, public content and browser adapters	2026-10-04T17:49:23.7541270Z ok 49 - working representation ratifies from W1 to W2 when the draft intentionally retains the published revision
build	Verify shared-field contracts, public content and browser adapters	2026-10-04T17:49:23.7542166Z   ---
build	Verify shared-field contracts, public content and browser adapters	2026-10-04T17:49:23.7542521Z   duration_ms: 0.888653
build	Verify shared-field contracts, public content and browser adapters	2026-10-04T17:49:23.7542909Z   type: 'test'
build	Verify shared-field contracts, public content and browser adapters	2026-10-04T17:49:23.7543232Z   ...
build	Verify shared-field contracts, public content and browser adapters	2026-10-04T17:49:23.7543940Z # Subtest: presentation cannot silently switch to another world while editing
build	Verify shared-field contracts, public content and browser adapters	2026-10-04T17:49:23.7545382Z ok 50 - presentation cannot silently switch to another world while editing
build	Verify shared-field contracts, public content and browser adapters	2026-10-04T17:49:23.7546137Z   ---
build	Verify shared-field contracts, public content and browser adapters	2026-10-04T17:49:23.7546480Z   duration_ms: 0.81748
build	Verify shared-field contracts, public content and browser adapters	2026-10-04T17:49:23.7546863Z   type: 'test'
build	Verify shared-field contracts, public content and browser adapters	2026-10-04T17:49:23.7547194Z   ...
build	Verify shared-field contracts, public content and browser adapters	2026-10-04T17:49:23.7547980Z # Subtest: presentation identity and revision cannot drift backwards during refinement
build	Verify shared-field contracts, public content and browser adapters	2026-10-04T17:49:23.7549219Z ok 51 - presentation identity and revision cannot drift backwards during refinement
build	Verify shared-field contracts, public content and browser adapters	2026-10-04T17:49:23.7549984Z   ---
build	Verify shared-field contracts, public content and browser adapters	2026-10-04T17:49:23.7550345Z   duration_ms: 0.964073
build	Verify shared-field contracts, public content and browser adapters	2026-10-04T17:49:23.7550752Z   type: 'test'
build	Verify shared-field contracts, public content and browser adapters	2026-10-04T17:49:23.7551097Z   ...
build	Verify shared-field contracts, public content and browser adapters	2026-10-04T17:49:23.7551913Z # Subtest: world presentation preserves native component/contribution/surface identity
build	Verify shared-field contracts, public content and browser adapters	2026-10-04T17:49:23.7553158Z ok 52 - world presentation preserves native component/contribution/surface identity
build	Verify shared-field contracts, public content and browser adapters	2026-10-04T17:49:23.7553898Z   ---
build	Verify shared-field contracts, public content and browser adapters	2026-10-04T17:49:23.7554241Z   duration_ms: 2.327078
build	Verify shared-field contracts, public content and browser adapters	2026-10-04T17:49:23.7554638Z   type: 'test'
build	Verify shared-field contracts, public content and browser adapters	2026-10-04T17:49:23.7555259Z   ...
build	Verify shared-field contracts, public content and browser adapters	2026-10-04T17:49:23.7556078Z # Subtest: presentation bindings flatten regions without changing component identity
build	Verify shared-field contracts, public content and browser adapters	2026-10-04T17:49:23.7557307Z ok 53 - presentation bindings flatten regions without changing component identity
build	Verify shared-field contracts, public content and browser adapters	2026-10-04T17:49:23.7558080Z   ---
build	Verify shared-field contracts, public content and browser adapters	2026-10-04T17:49:23.7558443Z   duration_ms: 1.539503
build	Verify shared-field contracts, public content and browser adapters	2026-10-04T17:49:23.7558862Z   type: 'test'
build	Verify shared-field contracts, public content and browser adapters	2026-10-04T17:49:23.7559587Z   ...
build	Verify shared-field contracts, public content and browser adapters	2026-10-04T17:49:23.7560438Z # Subtest: renderer availability is local client state rather than presentation authority
build	Verify shared-field contracts, public content and browser adapters	2026-10-04T17:49:23.7561178Z ok 54 - renderer availability is local client state rather than presentation authority
build	Verify shared-field contracts, public content and browser adapters	2026-10-04T17:49:23.7561601Z   ---
build	Verify shared-field contracts, public content and browser adapters	2026-10-04T17:49:23.7561809Z   duration_ms: 2.240066
build	Verify shared-field contracts, public content and browser adapters	2026-10-04T17:49:23.7562044Z   type: 'test'
build	Verify shared-field contracts, public content and browser adapters	2026-10-04T17:49:23.7562242Z   ...
build	Verify shared-field contracts, public content and browser adapters	2026-10-04T17:49:23.7562713Z # Subtest: worlds may remap semantic presentation tokens but not shared-system meta relation
build	Verify shared-field contracts, public content and browser adapters	2026-10-04T17:49:23.7563415Z ok 55 - worlds may remap semantic presentation tokens but not shared-system meta relation
build	Verify shared-field contracts, public content and browser adapters	2026-10-04T17:49:23.7563832Z   ---
build	Verify shared-field contracts, public content and browser adapters	2026-10-04T17:49:23.7564033Z   duration_ms: 1.272677
build	Verify shared-field contracts, public content and browser adapters	2026-10-04T17:49:23.7564277Z   type: 'test'
build	Verify shared-field contracts, public content and browser adapters	2026-10-04T17:49:23.7564471Z   ...
build	Verify shared-field contracts, public content and browser adapters	2026-10-04T17:49:23.7565202Z # Subtest: presentation manifest cannot smuggle executable module fields into a binding
build	Verify shared-field contracts, public content and browser adapters	2026-10-04T17:49:23.7566499Z ok 56 - presentation manifest cannot smuggle executable module fields into a binding
build	Verify shared-field contracts, public content and browser adapters	2026-10-04T17:49:23.7567308Z   ---
build	Verify shared-field contracts, public content and browser adapters	2026-10-04T17:49:23.7567748Z   duration_ms: 0.363545
build	Verify shared-field contracts, public content and browser adapters	2026-10-04T17:49:23.7568235Z   type: 'test'
build	Verify shared-field contracts, public content and browser adapters	2026-10-04T17:49:23.7568608Z   ...
build	Verify shared-field contracts, public content and browser adapters	2026-10-04T17:49:23.7569303Z # Subtest: region and binding refs are unique inside one presentation
build	Verify shared-field contracts, public content and browser adapters	2026-10-04T17:49:23.7570297Z ok 57 - region and binding refs are unique inside one presentation
build	Verify shared-field contracts, public content and browser adapters	2026-10-04T17:49:23.7570937Z   ---
build	Verify shared-field contracts, public content and browser adapters	2026-10-04T17:49:23.7571313Z   duration_ms: 0.853477
build	Verify shared-field contracts, public content and browser adapters	2026-10-04T17:49:23.7571753Z   type: 'test'
build	Verify shared-field contracts, public content and browser adapters	2026-10-04T17:49:23.7572132Z   ...
build	Verify shared-field contracts, public content and browser adapters	2026-10-04T17:49:23.7739689Z # Subtest: Central public selection derives the golden Participant Root without Control leakage
build	Verify shared-field contracts, public content and browser adapters	2026-10-04T17:49:23.7766197Z ok 58 - Central public selection derives the golden Participant Root without Control leakage
build	Verify shared-field contracts, public content and browser adapters	2026-10-04T17:49:23.7777588Z   ---
build	Verify shared-field contracts, public content and browser adapters	2026-10-04T17:49:23.7778338Z   duration_ms: 2.162782
build	Verify shared-field contracts, public content and browser adapters	2026-10-04T17:49:23.7778963Z   type: 'test'
build	Verify shared-field contracts, public content and browser adapters	2026-10-04T17:49:23.7779517Z   ...
build	Verify shared-field contracts, public content and browser adapters	2026-10-04T17:49:23.7780455Z # Subtest: Central selection is allowlisted and cannot request Control wholesale
build	Verify shared-field contracts, public content and browser adapters	2026-10-04T17:49:23.7781778Z ok 59 - Central selection is allowlisted and cannot request Control wholesale
build	Verify shared-field contracts, public content and browser adapters	2026-10-04T17:49:23.7782703Z   ---
build	Verify shared-field contracts, public content and browser adapters	2026-10-04T17:49:23.7783240Z   duration_ms: 0.540595
build	Verify shared-field contracts, public content and browser adapters	2026-10-04T17:49:23.7783857Z   type: 'test'
build	Verify shared-field contracts, public content and browser adapters	2026-10-04T17:49:23.7784462Z   ...
build	Verify shared-field contracts, public content and browser adapters	2026-10-04T17:49:23.7785815Z # Subtest: Human Participant remains a field relation over the underlying Human identity
build	Verify shared-field contracts, public content and browser adapters	2026-10-04T17:49:23.7787422Z ok 60 - Human Participant remains a field relation over the underlying Human identity
build	Verify shared-field contracts, public content and browser adapters	2026-10-04T17:49:23.7788478Z   ---
build	Verify shared-field contracts, public content and browser adapters	2026-10-04T17:49:23.7789088Z   duration_ms: 0.282566
build	Verify shared-field contracts, public content and browser adapters	2026-10-04T17:49:23.7789746Z   type: 'test'
build	Verify shared-field contracts, public content and browser adapters	2026-10-04T17:49:23.7790354Z   ...
build	Verify shared-field contracts, public content and browser adapters	2026-10-04T17:49:23.7791572Z # Subtest: Agent Participant retains Agent and Agency provenance without runtime identity collapse
build	Verify shared-field contracts, public content and browser adapters	2026-10-04T17:49:23.7793295Z ok 61 - Agent Participant retains Agent and Agency provenance without runtime identity collapse
build	Verify shared-field contracts, public content and browser adapters	2026-10-04T17:49:23.7794478Z   ---
build	Verify shared-field contracts, public content and browser adapters	2026-10-04T17:49:23.7795426Z   duration_ms: 0.676007
build	Verify shared-field contracts, public content and browser adapters	2026-10-04T17:49:23.7796204Z   type: 'test'
build	Verify shared-field contracts, public content and browser adapters	2026-10-04T17:49:23.7796814Z   ...
build	Verify shared-field contracts, public content and browser adapters	2026-10-04T17:49:23.7797766Z # Subtest: different native subject kinds survive Projection unchanged
build	Verify shared-field contracts, public content and browser adapters	2026-10-04T17:49:23.7799079Z ok 62 - different native subject kinds survive Projection unchanged
build	Verify shared-field contracts, public content and browser adapters	2026-10-04T17:49:23.7800004Z   ---
build	Verify shared-field contracts, public content and browser adapters	2026-10-04T17:49:23.7800627Z   duration_ms: 0.408339
build	Verify shared-field contracts, public content and browser adapters	2026-10-04T17:49:23.7801296Z   type: 'test'
build	Verify shared-field contracts, public content and browser adapters	2026-10-04T17:49:23.7801887Z   ...
build	Verify shared-field contracts, public content and browser adapters	2026-10-04T17:49:23.7802951Z # Subtest: transport metadata can change without changing Projection semantic identity
build	Verify shared-field contracts, public content and browser adapters	2026-10-04T17:49:23.7804462Z ok 63 - transport metadata can change without changing Projection semantic identity
build	Verify shared-field contracts, public content and browser adapters	2026-10-04T17:49:23.7805881Z   ---
build	Verify shared-field contracts, public content and browser adapters	2026-10-04T17:49:23.7806599Z   duration_ms: 0.813873
build	Verify shared-field contracts, public content and browser adapters	2026-10-04T17:49:23.7807267Z   type: 'test'
build	Verify shared-field contracts, public content and browser adapters	2026-10-04T17:49:23.7807865Z   ...
build	Verify shared-field contracts, public content and browser adapters	2026-10-04T17:49:23.7808871Z # Subtest: source revision and provenance survive local to Projection to receive
build	Verify shared-field contracts, public content and browser adapters	2026-10-04T17:49:23.7810623Z ok 64 - source revision and provenance survive local to Projection to receive
build	Verify shared-field contracts, public content and browser adapters	2026-10-04T17:49:23.7811606Z   ---
build	Verify shared-field contracts, public content and browser adapters	2026-10-04T17:49:23.7812203Z   duration_ms: 0.383433
build	Verify shared-field contracts, public content and browser adapters	2026-10-04T17:49:23.7812862Z   type: 'test'
build	Verify shared-field contracts, public content and browser adapters	2026-10-04T17:49:23.7813454Z   ...
build	Verify shared-field contracts, public content and browser adapters	2026-10-04T17:49:23.7814530Z # Subtest: receiving a Projection does not confer source authorship or mutation authority
build	Verify shared-field contracts, public content and browser adapters	2026-10-04T17:49:23.7816376Z ok 65 - receiving a Projection does not confer source authorship or mutation authority
build	Verify shared-field contracts, public content and browser adapters	2026-10-04T17:49:23.7817404Z   ---
build	Verify shared-field contracts, public content and browser adapters	2026-10-04T17:49:23.7818001Z   duration_ms: 0.186236
build	Verify shared-field contracts, public content and browser adapters	2026-10-04T17:49:23.7818752Z   type: 'test'
build	Verify shared-field contracts, public content and browser adapters	2026-10-04T17:49:23.7819432Z   ...
build	Verify shared-field contracts, public content and browser adapters	2026-10-04T17:49:23.7820501Z # Subtest: revision exposes source drift while preserving subject and Projection refs
build	Verify shared-field contracts, public content and browser adapters	2026-10-04T17:49:23.7821998Z ok 66 - revision exposes source drift while preserving subject and Projection refs
build	Verify shared-field contracts, public content and browser adapters	2026-10-04T17:49:23.7822974Z   ---
build	Verify shared-field contracts, public content and browser adapters	2026-10-04T17:49:23.7823558Z   duration_ms: 0.781933
build	Verify shared-field contracts, public content and browser adapters	2026-10-04T17:49:23.7824175Z   type: 'test'
build	Verify shared-field contracts, public content and browser adapters	2026-10-04T17:49:23.7824785Z   ...
build	Verify shared-field contracts, public content and browser adapters	2026-10-04T17:49:23.7826081Z # Subtest: withdrawal preserves source history and records a new Projection revision
build	Verify shared-field contracts, public content and browser adapters	2026-10-04T17:49:23.7827887Z ok 67 - withdrawal preserves source history and records a new Projection revision
build	Verify shared-field contracts, public content and browser adapters	2026-10-04T17:49:23.7828780Z   ---
build	Verify shared-field contracts, public content and browser adapters	2026-10-04T17:49:23.7829269Z   duration_ms: 1.417115
build	Verify shared-field contracts, public content and browser adapters	2026-10-04T17:49:23.7829803Z   type: 'test'
build	Verify shared-field contracts, public content and browser adapters	2026-10-04T17:49:23.7830361Z   ...
build	Verify shared-field contracts, public content and browser adapters	2026-10-04T17:49:23.7831394Z # Subtest: projection capability negotiation keeps transport capability separate from semantics
build	Verify shared-field contracts, public content and browser adapters	2026-10-04T17:49:23.7833244Z ok 68 - projection capability negotiation keeps transport capability separate from semantics
build	Verify shared-field contracts, public content and browser adapters	2026-10-04T17:49:23.7834506Z   ---
build	Verify shared-field contracts, public content and browser adapters	2026-10-04T17:49:23.7835510Z   duration_ms: 0.310127
build	Verify shared-field contracts, public content and browser adapters	2026-10-04T17:49:23.7836565Z   type: 'test'
build	Verify shared-field contracts, public content and browser adapters	2026-10-04T17:49:23.7837164Z   ...
build	Verify shared-field contracts, public content and browser adapters	2026-10-04T17:49:23.7838270Z # Subtest: the Central Participant Root representation is a generic sparse representation
build	Verify shared-field contracts, public content and browser adapters	2026-10-04T17:49:23.7839918Z ok 69 - the Central Participant Root representation is a generic sparse representation
build	Verify shared-field contracts, public content and browser adapters	2026-10-04T17:49:23.7841018Z   ---
build	Verify shared-field contracts, public content and browser adapters	2026-10-04T17:49:23.7841627Z   duration_ms: 0.269852
build	Verify shared-field contracts, public content and browser adapters	2026-10-04T17:49:23.7842283Z   type: 'test'
build	Verify shared-field contracts, public content and browser adapters	2026-10-04T17:49:23.7842899Z   ...
build	Verify shared-field contracts, public content and browser adapters	2026-10-04T17:49:23.7844311Z # Subtest: constructors reject malformed source identity rather than flattening it
build	Verify shared-field contracts, public content and browser adapters	2026-10-04T17:49:23.7847862Z ok 70 - constructors reject malformed source identity rather than flattening it
build	Verify shared-field contracts, public content and browser adapters	2026-10-04T17:49:23.7848950Z   ---
build	Verify shared-field contracts, public content and browser adapters	2026-10-04T17:49:23.7849532Z   duration_ms: 0.254653
build	Verify shared-field contracts, public content and browser adapters	2026-10-04T17:49:23.7850088Z   type: 'test'
build	Verify shared-field contracts, public content and browser adapters	2026-10-04T17:49:23.7850581Z   ...
build	Verify shared-field contracts, public content and browser adapters	2026-10-04T17:49:23.8038475Z # Subtest: SharedFields are recursively nestable without identity collapse
build	Verify shared-field contracts, public content and browser adapters	2026-10-04T17:49:23.8043839Z ok 71 - SharedFields are recursively nestable without identity collapse
build	Verify shared-field contracts, public content and browser adapters	2026-10-04T17:49:23.8045164Z   ---
build	Verify shared-field contracts, public content and browser adapters	2026-10-04T17:49:23.8045647Z   duration_ms: 2.351993
build	Verify shared-field contracts, public content and browser adapters	2026-10-04T17:49:23.8046175Z   type: 'test'
build	Verify shared-field contracts, public content and browser adapters	2026-10-04T17:49:23.8046602Z   ...
build	Verify shared-field contracts, public content and browser adapters	2026-10-04T17:49:23.8047404Z # Subtest: SharedField containment rejects direct and indirect cycles
build	Verify shared-field contracts, public content and browser adapters	2026-10-04T17:49:23.8048455Z ok 72 - SharedField containment rejects direct and indirect cycles
build	Verify shared-field contracts, public content and browser adapters	2026-10-04T17:49:23.8049185Z   ---
build	Verify shared-field contracts, public content and browser adapters	2026-10-04T17:49:23.8049601Z   duration_ms: 1.0003
build	Verify shared-field contracts, public content and browser adapters	2026-10-04T17:49:23.8050095Z   type: 'test'
build	Verify shared-field contracts, public content and browser adapters	2026-10-04T17:49:23.8050508Z   ...
build	Verify shared-field contracts, public content and browser adapters	2026-10-04T17:49:23.8060592Z # Subtest: Contributions recursively target Contributions
build	Verify shared-field contracts, public content and browser adapters	2026-10-04T17:49:23.8061786Z ok 73 - Contributions recursively target Contributions
build	Verify shared-field contracts, public content and browser adapters	2026-10-04T17:49:23.8062422Z   ---
build	Verify shared-field contracts, public content and browser adapters	2026-10-04T17:49:23.8062878Z   duration_ms: 1.512012
build	Verify shared-field contracts, public content and browser adapters	2026-10-04T17:49:23.8063348Z   type: 'test'
build	Verify shared-field contracts, public content and browser adapters	2026-10-04T17:49:23.8063803Z   ...
build	Verify shared-field contracts, public content and browser adapters	2026-10-04T17:49:23.8095924Z # Subtest: metrics and rankings are ordinary attributable Contributions
build	Verify shared-field contracts, public content and browser adapters	2026-10-04T17:49:23.8097274Z ok 74 - metrics and rankings are ordinary attributable Contributions
build	Verify shared-field contracts, public content and browser adapters	2026-10-04T17:49:23.8135777Z   ---
build	Verify shared-field contracts, public content and browser adapters	2026-10-04T17:49:23.8136635Z   duration_ms: 0.205722
build	Verify shared-field contracts, public content and browser adapters	2026-10-04T17:49:23.8137337Z   type: 'test'
build	Verify shared-field contracts, public content and browser adapters	2026-10-04T17:49:23.8138318Z   ...
build	Verify shared-field contracts, public content and browser adapters	2026-10-04T17:49:23.8139309Z # Subtest: Encounter records mediated availability without claiming subjective state
build	Verify shared-field contracts, public content and browser adapters	2026-10-04T17:49:23.8140682Z ok 75 - Encounter records mediated availability without claiming subjective state
build	Verify shared-field contracts, public content and browser adapters	2026-10-04T17:49:23.8141672Z   ---
build	Verify shared-field contracts, public content and browser adapters	2026-10-04T17:49:23.8142267Z   duration_ms: 0.425701
build	Verify shared-field contracts, public content and browser adapters	2026-10-04T17:49:23.8142900Z   type: 'test'
build	Verify shared-field contracts, public content and browser adapters	2026-10-04T17:49:23.8143540Z   ...
build	Verify shared-field contracts, public content and browser adapters	2026-10-04T17:49:23.8144554Z # Subtest: Self/Other read model keeps field-relative participant roles explicit
build	Verify shared-field contracts, public content and browser adapters	2026-10-04T17:49:23.8146250Z ok 76 - Self/Other read model keeps field-relative participant roles explicit
build	Verify shared-field contracts, public content and browser adapters	2026-10-04T17:49:23.8147770Z   ---
build	Verify shared-field contracts, public content and browser adapters	2026-10-04T17:49:23.8148361Z   duration_ms: 0.446821
build	Verify shared-field contracts, public content and browser adapters	2026-10-04T17:49:23.8149017Z   type: 'test'
build	Verify shared-field contracts, public content and browser adapters	2026-10-04T17:49:23.8149586Z   ...
build	Verify shared-field contracts, public content and browser adapters	2026-10-04T17:49:23.8355696Z # Subtest: hosted SpaceTimeDB snapshot becomes the existing Explore Surface seed without implementation identity leakage
build	Verify shared-field contracts, public content and browser adapters	2026-10-04T17:49:23.8379780Z ok 77 - hosted SpaceTimeDB snapshot becomes the existing Explore Surface seed without implementation identity leakage
build	Verify shared-field contracts, public content and browser adapters	2026-10-04T17:49:23.8405741Z   ---
build	Verify shared-field contracts, public content and browser adapters	2026-10-04T17:49:23.8437561Z   duration_ms: 1.510499
build	Verify shared-field contracts, public content and browser adapters	2026-10-04T17:49:23.8460157Z   type: 'test'
build	Verify shared-field contracts, public content and browser adapters	2026-10-04T17:49:23.8462039Z   ...
build	Verify shared-field contracts, public content and browser adapters	2026-10-04T17:49:23.8463259Z # Subtest: subscribed WorldPresentation Projection renders through the same Explore Surface model
build	Verify shared-field contracts, public content and browser adapters	2026-10-04T17:49:23.8465176Z ok 78 - subscribed WorldPresentation Projection renders through the same Explore Surface model
build	Verify shared-field contracts, public content and browser adapters	2026-10-04T17:49:23.8466315Z   ---
build	Verify shared-field contracts, public content and browser adapters	2026-10-04T17:49:23.8466947Z   duration_ms: 3.499277
build	Verify shared-field contracts, public content and browser adapters	2026-10-04T17:49:23.8467598Z   type: 'test'
build	Verify shared-field contracts, public content and browser adapters	2026-10-04T17:49:23.8468228Z   ...
build	Verify shared-field contracts, public content and browser adapters	2026-10-04T17:49:23.8691383Z # Subtest: static provider is only a carrier over the browser read model
build	Verify shared-field contracts, public content and browser adapters	2026-10-04T17:49:23.8735989Z ok 79 - static provider is only a carrier over the browser read model
build	Verify shared-field contracts, public content and browser adapters	2026-10-04T17:49:23.8775604Z   ---
build	Verify shared-field contracts, public content and browser adapters	2026-10-04T17:49:23.8805811Z   duration_ms: 3.918346
build	Verify shared-field contracts, public content and browser adapters	2026-10-04T17:49:23.8835506Z   type: 'test'
build	Verify shared-field contracts, public content and browser adapters	2026-10-04T17:49:23.8845525Z   ...
build	Verify shared-field contracts, public content and browser adapters	2026-10-04T17:49:23.8866290Z # Subtest: hosted snapshot selects WorldPresentation projections without exposing implementation rows
build	Verify shared-field contracts, public content and browser adapters	2026-10-04T17:49:23.8896567Z ok 80 - hosted snapshot selects WorldPresentation projections without exposing implementation rows
build	Verify shared-field contracts, public content and browser adapters	2026-10-04T17:49:23.8925460Z   ---
build	Verify shared-field contracts, public content and browser adapters	2026-10-04T17:49:23.8945629Z   duration_ms: 0.635693
build	Verify shared-field contracts, public content and browser adapters	2026-10-04T17:49:23.8955605Z   type: 'test'
build	Verify shared-field contracts, public content and browser adapters	2026-10-04T17:49:23.8985693Z   ...
build	Verify shared-field contracts, public content and browser adapters	2026-10-04T17:49:23.9016153Z # Subtest: live provider rebuild events deliver a fresh browser model through the same contract
build	Verify shared-field contracts, public content and browser adapters	2026-10-04T17:49:23.9017906Z ok 81 - live provider rebuild events deliver a fresh browser model through the same contract
build	Verify shared-field contracts, public content and browser adapters	2026-10-04T17:49:23.9045650Z   ---
build	Verify shared-field contracts, public content and browser adapters	2026-10-04T17:49:23.9075794Z   duration_ms: 2.345582
build	Verify shared-field contracts, public content and browser adapters	2026-10-04T17:49:23.9105526Z   type: 'test'
build	Verify shared-field contracts, public content and browser adapters	2026-10-04T17:49:23.9106234Z   ...
build	Verify shared-field contracts, public content and browser adapters	2026-10-04T17:49:23.9136159Z # Subtest: public Explore does not manufacture worlds while no real Projection is published
build	Verify shared-field contracts, public content and browser adapters	2026-10-04T17:49:23.9166075Z ok 82 - public Explore does not manufacture worlds while no real Projection is published
build	Verify shared-field contracts, public content and browser adapters	2026-10-04T17:49:23.9178303Z   ---
build	Verify shared-field contracts, public content and browser adapters	2026-10-04T17:49:23.9196102Z   duration_ms: 8.85725
build	Verify shared-field contracts, public content and browser adapters	2026-10-04T17:49:23.9225575Z   type: 'test'
build	Verify shared-field contracts, public content and browser adapters	2026-10-04T17:49:23.9243500Z   ...
build	Verify shared-field contracts, public content and browser adapters	2026-10-04T17:49:23.9266260Z # Subtest: empty public field remains a valid Explore Surface ready for provider-supplied projections
build	Verify shared-field contracts, public content and browser adapters	2026-10-04T17:49:23.9269483Z ok 83 - empty public field remains a valid Explore Surface ready for provider-supplied projections
build	Verify shared-field contracts, public content and browser adapters	2026-10-04T17:49:23.9270689Z   ---
build	Verify shared-field contracts, public content and browser adapters	2026-10-04T17:49:23.9271337Z   duration_ms: 3.438664
build	Verify shared-field contracts, public content and browser adapters	2026-10-04T17:49:23.9271971Z   type: 'test'
build	Verify shared-field contracts, public content and browser adapters	2026-10-04T17:49:23.9272525Z   ...
build	Verify shared-field contracts, public content and browser adapters	2026-10-04T17:49:23.9586644Z # Subtest: browser Explore consumes canonical search/open/local-whole semantics
build	Verify shared-field contracts, public content and browser adapters	2026-10-04T17:49:23.9588457Z ok 84 - browser Explore consumes canonical search/open/local-whole semantics
build	Verify shared-field contracts, public content and browser adapters	2026-10-04T17:49:23.9589687Z   ---
build	Verify shared-field contracts, public content and browser adapters	2026-10-04T17:49:23.9590269Z   duration_ms: 28.301304
build	Verify shared-field contracts, public content and browser adapters	2026-10-04T17:49:23.9590923Z   type: 'test'
build	Verify shared-field contracts, public content and browser adapters	2026-10-04T17:49:23.9591438Z   ...
build	Verify shared-field contracts, public content and browser adapters	2026-10-04T17:49:23.9593070Z # Subtest: browser model accepts an honestly empty public field
build	Verify shared-field contracts, public content and browser adapters	2026-10-04T17:49:23.9594154Z ok 85 - browser model accepts an honestly empty public field
build	Verify shared-field contracts, public content and browser adapters	2026-10-04T17:49:23.9595195Z   ---
build	Verify shared-field contracts, public content and browser adapters	2026-10-04T17:49:23.9595873Z   duration_ms: 1.885065
build	Verify shared-field contracts, public content and browser adapters	2026-10-04T17:49:23.9596337Z   type: 'test'
build	Verify shared-field contracts, public content and browser adapters	2026-10-04T17:49:23.9596691Z   ...
build	Verify shared-field contracts, public content and browser adapters	2026-10-04T17:49:23.9630343Z # Subtest: latest presentation Projection revision wins without changing source semantics
build	Verify shared-field contracts, public content and browser adapters	2026-10-04T17:49:23.9633800Z ok 86 - latest presentation Projection revision wins without changing source semantics
build	Verify shared-field contracts, public content and browser adapters	2026-10-04T17:49:23.9634875Z   ---
build	Verify shared-field contracts, public content and browser adapters	2026-10-04T17:49:23.9635739Z   duration_ms: 5.203528
build	Verify shared-field contracts, public content and browser adapters	2026-10-04T17:49:23.9636350Z   type: 'test'
build	Verify shared-field contracts, public content and browser adapters	2026-10-04T17:49:23.9636886Z   ...
build	Verify shared-field contracts, public content and browser adapters	2026-10-04T17:49:23.9826542Z # Subtest: field proof validates Projection, Encounter and recursive Contributions through canonical contracts
build	Verify shared-field contracts, public content and browser adapters	2026-10-04T17:49:23.9846857Z ok 87 - field proof validates Projection, Encounter and recursive Contributions through canonical contracts
build	Verify shared-field contracts, public content and browser adapters	2026-10-04T17:49:23.9848205Z   ---
build	Verify shared-field contracts, public content and browser adapters	2026-10-04T17:49:23.9848835Z   duration_ms: 9.410821
build	Verify shared-field contracts, public content and browser adapters	2026-10-04T17:49:23.9849554Z   type: 'test'
build	Verify shared-field contracts, public content and browser adapters	2026-10-04T17:49:23.9849959Z   ...
build	Verify shared-field contracts, public content and browser adapters	2026-10-04T17:49:23.9850641Z # Subtest: field proof rejects a broken nested Contribution relation
build	Verify shared-field contracts, public content and browser adapters	2026-10-04T17:49:23.9851641Z ok 88 - field proof rejects a broken nested Contribution relation
build	Verify shared-field contracts, public content and browser adapters	2026-10-04T17:49:23.9852280Z   ---
build	Verify shared-field contracts, public content and browser adapters	2026-10-04T17:49:23.9852629Z   duration_ms: 3.045623
build	Verify shared-field contracts, public content and browser adapters	2026-10-04T17:49:23.9853028Z   type: 'test'
build	Verify shared-field contracts, public content and browser adapters	2026-10-04T17:49:23.9853377Z   ...
build	Verify shared-field contracts, public content and browser adapters	2026-10-04T17:49:24.1216489Z # Subtest: the Library is a deterministic address view over real native publications
build	Verify shared-field contracts, public content and browser adapters	2026-10-04T17:49:24.1236491Z ok 89 - the Library is a deterministic address view over real native publications
build	Verify shared-field contracts, public content and browser adapters	2026-10-04T17:49:24.1238055Z   ---
build	Verify shared-field contracts, public content and browser adapters	2026-10-04T17:49:24.1238710Z   duration_ms: 37.305106
build	Verify shared-field contracts, public content and browser adapters	2026-10-04T17:49:24.1239419Z   type: 'test'
build	Verify shared-field contracts, public content and browser adapters	2026-10-04T17:49:24.1240068Z   ...
build	Verify shared-field contracts, public content and browser adapters	2026-10-04T17:49:24.1241047Z # Subtest: every gallery and column entry resolves the same exact Scenes
build	Verify shared-field contracts, public content and browser adapters	2026-10-04T17:49:24.1242407Z ok 90 - every gallery and column entry resolves the same exact Scenes
build	Verify shared-field contracts, public content and browser adapters	2026-10-04T17:49:24.1243383Z   ---
build	Verify shared-field contracts, public content and browser adapters	2026-10-04T17:49:24.1243988Z   duration_ms: 0.667201
build	Verify shared-field contracts, public content and browser adapters	2026-10-04T17:49:24.1244667Z   type: 'test'
build	Verify shared-field contracts, public content and browser adapters	2026-10-04T17:49:24.1245554Z   ...
build	Verify shared-field contracts, public content and browser adapters	2026-10-04T17:49:24.1246542Z # Subtest: titles and invented Scene refs are not accepted as exact addresses
build	Verify shared-field contracts, public content and browser adapters	2026-10-04T17:49:24.1247798Z ok 91 - titles and invented Scene refs are not accepted as exact addresses
build	Verify shared-field contracts, public content and browser adapters	2026-10-04T17:49:24.1248718Z   ---
build	Verify shared-field contracts, public content and browser adapters	2026-10-04T17:49:24.1249333Z   duration_ms: 2.800728
build	Verify shared-field contracts, public content and browser adapters	2026-10-04T17:49:24.1249961Z   type: 'test'
build	Verify shared-field contracts, public content and browser adapters	2026-10-04T17:49:24.1250558Z   ...
build	Verify shared-field contracts, public content and browser adapters	2026-10-04T17:49:24.1251619Z # Subtest: a changed source produces a changed native edition and source revision
build	Verify shared-field contracts, public content and browser adapters	2026-10-04T17:49:24.1253217Z ok 92 - a changed source produces a changed native edition and source revision
build	Verify shared-field contracts, public content and browser adapters	2026-10-04T17:49:24.1254213Z   ---
build	Verify shared-field contracts, public content and browser adapters	2026-10-04T17:49:24.1254815Z   duration_ms: 15.353098
build	Verify shared-field contracts, public content and browser adapters	2026-10-04T17:49:24.1281212Z   type: 'test'
build	Verify shared-field contracts, public content and browser adapters	2026-10-04T17:49:24.1281870Z   ...
build	Verify shared-field contracts, public content and browser adapters	2026-10-04T17:49:24.1283037Z # Subtest: source text is carried from the actual selected heading, not a metadata placeholder
build	Verify shared-field contracts, public content and browser adapters	2026-10-04T17:49:24.1284598Z ok 93 - source text is carried from the actual selected heading, not a metadata placeholder
build	Verify shared-field contracts, public content and browser adapters	2026-10-04T17:49:24.1290149Z   ---
build	Verify shared-field contracts, public content and browser adapters	2026-10-04T17:49:24.1311795Z   duration_ms: 0.522312
build	Verify shared-field contracts, public content and browser adapters	2026-10-04T17:49:24.1312468Z   type: 'test'
build	Verify shared-field contracts, public content and browser adapters	2026-10-04T17:49:24.1313081Z   ...
build	Verify shared-field contracts, public content and browser adapters	2026-10-04T17:49:24.1314603Z # Subtest: §5 means / World distinction and wider paradigm field reach the actual source
build	Verify shared-field contracts, public content and browser adapters	2026-10-04T17:49:24.1316623Z ok 94 - §5 means / World distinction and wider paradigm field reach the actual source
build	Verify shared-field contracts, public content and browser adapters	2026-10-04T17:49:24.1317666Z   ---
build	Verify shared-field contracts, public content and browser adapters	2026-10-04T17:49:24.1318277Z   duration_ms: 0.258741
build	Verify shared-field contracts, public content and browser adapters	2026-10-04T17:49:24.1318928Z   type: 'test'
build	Verify shared-field contracts, public content and browser adapters	2026-10-04T17:49:24.1319568Z   ...
build	Verify shared-field contracts, public content and browser adapters	2026-10-04T17:49:24.1320569Z # Subtest: a Scene chip and face/verso link round-trip native addresses and scope
build	Verify shared-field contracts, public content and browser adapters	2026-10-04T17:49:24.1321973Z ok 95 - a Scene chip and face/verso link round-trip native addresses and scope
build	Verify shared-field contracts, public content and browser adapters	2026-10-04T17:49:24.1323322Z   ---
build	Verify shared-field contracts, public content and browser adapters	2026-10-04T17:49:24.1323956Z   duration_ms: 0.792694
build	Verify shared-field contracts, public content and browser adapters	2026-10-04T17:49:24.1324660Z   type: 'test'
build	Verify shared-field contracts, public content and browser adapters	2026-10-04T17:49:24.1325484Z   ...
build	Verify shared-field contracts, public content and browser adapters	2026-10-04T17:49:24.1326425Z # Subtest: legacy product and research destinations route into Library subjects
build	Verify shared-field contracts, public content and browser adapters	2026-10-04T17:49:24.1327861Z ok 96 - legacy product and research destinations route into Library subjects
build	Verify shared-field contracts, public content and browser adapters	2026-10-04T17:49:24.1328877Z   ---
build	Verify shared-field contracts, public content and browser adapters	2026-10-04T17:49:24.1329513Z   duration_ms: 0.533933
build	Verify shared-field contracts, public content and browser adapters	2026-10-04T17:49:24.1330160Z   type: 'test'
build	Verify shared-field contracts, public content and browser adapters	2026-10-04T17:49:24.1330746Z   ...
build	Verify shared-field contracts, public content and browser adapters	2026-10-04T17:49:24.1331774Z # Subtest: bounded scene row never exceeds measured width, including tiny containers
build	Verify shared-field contracts, public content and browser adapters	2026-10-04T17:49:24.1333199Z ok 97 - bounded scene row never exceeds measured width, including tiny containers
build	Verify shared-field contracts, public content and browser adapters	2026-10-04T17:49:24.1334178Z   ---
build	Verify shared-field contracts, public content and browser adapters	2026-10-04T17:49:24.1334764Z   duration_ms: 10.30375
build	Verify shared-field contracts, public content and browser adapters	2026-10-04T17:49:24.1335877Z   type: 'test'
build	Verify shared-field contracts, public content and browser adapters	2026-10-04T17:49:24.1336514Z   ...
build	Verify shared-field contracts, public content and browser adapters	2026-10-04T17:49:24.1337375Z # Subtest: gallery and account search use one collection field
build	Verify shared-field contracts, public content and browser adapters	2026-10-04T17:49:24.1338552Z ok 98 - gallery and account search use one collection field
build	Verify shared-field contracts, public content and browser adapters	2026-10-04T17:49:24.1339409Z   ---
build	Verify shared-field contracts, public content and browser adapters	2026-10-04T17:49:24.1339977Z   duration_ms: 0.96748
build	Verify shared-field contracts, public content and browser adapters	2026-10-04T17:49:24.1340619Z   type: 'test'
build	Verify shared-field contracts, public content and browser adapters	2026-10-04T17:49:24.1341208Z   ...
build	Verify shared-field contracts, public content and browser adapters	2026-10-04T17:49:24.1342268Z # Subtest: unavailable storage does not prevent reading or replace other browser data
build	Verify shared-field contracts, public content and browser adapters	2026-10-04T17:49:24.1343726Z ok 99 - unavailable storage does not prevent reading or replace other browser data
build	Verify shared-field contracts, public content and browser adapters	2026-10-04T17:49:24.1344738Z   ---
build	Verify shared-field contracts, public content and browser adapters	2026-10-04T17:49:24.1345630Z   duration_ms: 0.466177
build	Verify shared-field contracts, public content and browser adapters	2026-10-04T17:49:24.1346218Z   type: 'test'
build	Verify shared-field contracts, public content and browser adapters	2026-10-04T17:49:24.1346724Z   ...
build	Verify shared-field contracts, public content and browser adapters	2026-10-04T17:49:24.1347603Z # Subtest: unsafe and malformed links cannot execute as source links
build	Verify shared-field contracts, public content and browser adapters	2026-10-04T17:49:24.1349340Z ok 100 - unsafe and malformed links cannot execute as source links
build	Verify shared-field contracts, public content and browser adapters	2026-10-04T17:49:24.1350293Z   ---
build	Verify shared-field contracts, public content and browser adapters	2026-10-04T17:49:24.1350885Z   duration_ms: 0.244033
build	Verify shared-field contracts, public content and browser adapters	2026-10-04T17:49:24.1351548Z   type: 'test'
build	Verify shared-field contracts, public content and browser adapters	2026-10-04T17:49:24.1352213Z   ...
build	Verify shared-field contracts, public content and browser adapters	2026-10-04T17:49:24.1353082Z # Subtest: publication admission rejects private publication
build	Verify shared-field contracts, public content and browser adapters	2026-10-04T17:49:24.1354228Z ok 101 - publication admission rejects private publication
build	Verify shared-field contracts, public content and browser adapters	2026-10-04T17:49:24.1355418Z   ---
build	Verify shared-field contracts, public content and browser adapters	2026-10-04T17:49:24.1356076Z   duration_ms: 1.106568
build	Verify shared-field contracts, public content and browser adapters	2026-10-04T17:49:24.1356720Z   type: 'test'
build	Verify shared-field contracts, public content and browser adapters	2026-10-04T17:49:24.1357308Z   ...
build	Verify shared-field contracts, public content and browser adapters	2026-10-04T17:49:24.1358210Z # Subtest: publication admission rejects withdrawn publication
build	Verify shared-field contracts, public content and browser adapters	2026-10-04T17:49:24.1359410Z ok 102 - publication admission rejects withdrawn publication
build	Verify shared-field contracts, public content and browser adapters	2026-10-04T17:49:24.1360191Z   ---
build	Verify shared-field contracts, public content and browser adapters	2026-10-04T17:49:24.1360685Z   duration_ms: 0.81203
build	Verify shared-field contracts, public content and browser adapters	2026-10-04T17:49:24.1361254Z   type: 'test'
build	Verify shared-field contracts, public content and browser adapters	2026-10-04T17:49:24.1361786Z   ...
build	Verify shared-field contracts, public content and browser adapters	2026-10-04T17:49:24.1362577Z # Subtest: publication admission rejects different expression
build	Verify shared-field contracts, public content and browser adapters	2026-10-04T17:49:24.1363712Z ok 103 - publication admission rejects different expression
build	Verify shared-field contracts, public content and browser adapters	2026-10-04T17:49:24.1364528Z   ---
build	Verify shared-field contracts, public content and browser adapters	2026-10-04T17:49:24.1365321Z   duration_ms: 0.932094
build	Verify shared-field contracts, public content and browser adapters	2026-10-04T17:49:24.1378811Z   type: 'test'
build	Verify shared-field contracts, public content and browser adapters	2026-10-04T17:49:24.1379604Z   ...
build	Verify shared-field contracts, public content and browser adapters	2026-10-04T17:49:24.1380372Z # Subtest: publication admission rejects stale source
build	Verify shared-field contracts, public content and browser adapters	2026-10-04T17:49:24.1381407Z ok 104 - publication admission rejects stale source
build	Verify shared-field contracts, public content and browser adapters	2026-10-04T17:49:24.1382164Z   ---
build	Verify shared-field contracts, public content and browser adapters	2026-10-04T17:49:24.1382740Z   duration_ms: 0.916484
build	Verify shared-field contracts, public content and browser adapters	2026-10-04T17:49:24.1383411Z   type: 'test'
build	Verify shared-field contracts, public content and browser adapters	2026-10-04T17:49:24.1383990Z   ...
build	Verify shared-field contracts, public content and browser adapters	2026-10-04T17:49:24.1384836Z # Subtest: publication admission rejects stale scene list
build	Verify shared-field contracts, public content and browser adapters	2026-10-04T17:49:24.1386357Z ok 105 - publication admission rejects stale scene list
build	Verify shared-field contracts, public content and browser adapters	2026-10-04T17:49:24.1387199Z   ---
build	Verify shared-field contracts, public content and browser adapters	2026-10-04T17:49:24.1387743Z   duration_ms: 0.885195
build	Verify shared-field contracts, public content and browser adapters	2026-10-04T17:49:24.1388300Z   type: 'test'
build	Verify shared-field contracts, public content and browser adapters	2026-10-04T17:49:24.1388796Z   ...
build	Verify shared-field contracts, public content and browser adapters	2026-10-04T17:49:24.1389561Z # Subtest: publication admission rejects undisclosed body
build	Verify shared-field contracts, public content and browser adapters	2026-10-04T17:49:24.1390663Z ok 106 - publication admission rejects undisclosed body
build	Verify shared-field contracts, public content and browser adapters	2026-10-04T17:49:24.1391413Z   ---
build	Verify shared-field contracts, public content and browser adapters	2026-10-04T17:49:24.1397900Z   duration_ms: 1.201926
build	Verify shared-field contracts, public content and browser adapters	2026-10-04T17:49:24.1398812Z   type: 'test'
build	Verify shared-field contracts, public content and browser adapters	2026-10-04T17:49:24.1399392Z   ...
build	Verify shared-field contracts, public content and browser adapters	2026-10-04T17:49:24.1400626Z # Subtest: publication admission rejects changed body subject
build	Verify shared-field contracts, public content and browser adapters	2026-10-04T17:49:24.1401778Z ok 107 - publication admission rejects changed body subject
build	Verify shared-field contracts, public content and browser adapters	2026-10-04T17:49:24.1402652Z   ---
build	Verify shared-field contracts, public content and browser adapters	2026-10-04T17:49:24.1403289Z   duration_ms: 2.076481
build	Verify shared-field contracts, public content and browser adapters	2026-10-04T17:49:24.1403895Z   type: 'test'
build	Verify shared-field contracts, public content and browser adapters	2026-10-04T17:49:24.1404431Z   ...
build	Verify shared-field contracts, public content and browser adapters	2026-10-04T17:49:24.1405553Z # Subtest: publication admission rejects source revision mismatch
build	Verify shared-field contracts, public content and browser adapters	2026-10-04T17:49:24.1406802Z ok 108 - publication admission rejects source revision mismatch
build	Verify shared-field contracts, public content and browser adapters	2026-10-04T17:49:24.1407681Z   ---
build	Verify shared-field contracts, public content and browser adapters	2026-10-04T17:49:24.1408257Z   duration_ms: 1.154186
build	Verify shared-field contracts, public content and browser adapters	2026-10-04T17:49:24.1408874Z   type: 'test'
build	Verify shared-field contracts, public content and browser adapters	2026-10-04T17:49:24.1409450Z   ...
build	Verify shared-field contracts, public content and browser adapters	2026-10-04T17:49:24.1410424Z # Subtest: index rejects duplicate addresses and unadmitted payload locations
build	Verify shared-field contracts, public content and browser adapters	2026-10-04T17:49:24.1411759Z ok 109 - index rejects duplicate addresses and unadmitted payload locations
build	Verify shared-field contracts, public content and browser adapters	2026-10-04T17:49:24.1412785Z   ---
build	Verify shared-field contracts, public content and browser adapters	2026-10-04T17:49:24.1413420Z   duration_ms: 1.098253
build	Verify shared-field contracts, public content and browser adapters	2026-10-04T17:49:24.1414139Z   type: 'test'
build	Verify shared-field contracts, public content and browser adapters	2026-10-04T17:49:24.1414803Z   ...
build	Verify shared-field contracts, public content and browser adapters	2026-10-04T17:49:24.1416583Z # Subtest: membership links name source structure; geometry creates no new semantic edges
build	Verify shared-field contracts, public content and browser adapters	2026-10-04T17:49:24.1418247Z ok 110 - membership links name source structure; geometry creates no new semantic edges
build	Verify shared-field contracts, public content and browser adapters	2026-10-04T17:49:24.1419407Z   ---
build	Verify shared-field contracts, public content and browser adapters	2026-10-04T17:49:24.1420027Z   duration_ms: 0.410623
build	Verify shared-field contracts, public content and browser adapters	2026-10-04T17:49:24.1420705Z   type: 'test'
build	Verify shared-field contracts, public content and browser adapters	2026-10-04T17:49:24.1421335Z   ...
build	Verify shared-field contracts, public content and browser adapters	2026-10-04T17:49:24.1422621Z # Subtest: published source never acquires authoring actions or mutable private state
build	Verify shared-field contracts, public content and browser adapters	2026-10-04T17:49:24.1424111Z ok 111 - published source never acquires authoring actions or mutable private state
build	Verify shared-field contracts, public content and browser adapters	2026-10-04T17:49:24.1425431Z   ---
build	Verify shared-field contracts, public content and browser adapters	2026-10-04T17:49:24.1426117Z   duration_ms: 0.233365
build	Verify shared-field contracts, public content and browser adapters	2026-10-04T17:49:24.1427169Z   type: 'test'
build	Verify shared-field contracts, public content and browser adapters	2026-10-04T17:49:24.1427814Z   ...
build	Verify shared-field contracts, public content and browser adapters	2026-10-04T17:49:24.1429105Z # Subtest: an optional canonical locator rides the edition projection into the Reader provenance slot
build	Verify shared-field contracts, public content and browser adapters	2026-10-04T17:49:24.1430993Z ok 112 - an optional canonical locator rides the edition projection into the Reader provenance slot
build	Verify shared-field contracts, public content and browser adapters	2026-10-04T17:49:24.1432323Z   ---
build	Verify shared-field contracts, public content and browser adapters	2026-10-04T17:49:24.1432945Z   duration_ms: 2.812139
build	Verify shared-field contracts, public content and browser adapters	2026-10-04T17:49:24.1433688Z   type: 'test'
build	Verify shared-field contracts, public content and browser adapters	2026-10-04T17:49:24.1434348Z   ...
build	Verify shared-field contracts, public content and browser adapters	2026-10-04T17:49:24.1556330Z # Subtest: Human Participant Root renders chosen identity, public selections and provenance
build	Verify shared-field contracts, public content and browser adapters	2026-10-04T17:49:24.1558409Z ok 113 - Human Participant Root renders chosen identity, public selections and provenance
build	Verify shared-field contracts, public content and browser adapters	2026-10-04T17:49:24.1567859Z   ---
build	Verify shared-field contracts, public content and browser adapters	2026-10-04T17:49:24.1568471Z   duration_ms: 2.669834
build	Verify shared-field contracts, public content and browser adapters	2026-10-04T17:49:24.1569068Z   type: 'test'
build	Verify shared-field contracts, public content and browser adapters	2026-10-04T17:49:24.1569564Z   ...
build	Verify shared-field contracts, public content and browser adapters	2026-10-04T17:49:24.1570554Z # Subtest: renderer boundary is representation-generic rather than subject-kind-specific
build	Verify shared-field contracts, public content and browser adapters	2026-10-04T17:49:24.1572019Z ok 114 - renderer boundary is representation-generic rather than subject-kind-specific
build	Verify shared-field contracts, public content and browser adapters	2026-10-04T17:49:24.1572956Z   ---
build	Verify shared-field contracts, public content and browser adapters	2026-10-04T17:49:24.1573460Z   duration_ms: 0.543471
build	Verify shared-field contracts, public content and browser adapters	2026-10-04T17:49:24.1574016Z   type: 'test'
build	Verify shared-field contracts, public content and browser adapters	2026-10-04T17:49:24.1574543Z   ...
build	Verify shared-field contracts, public content and browser adapters	2026-10-04T17:49:24.1575805Z # Subtest: renderer rejects an unknown representation contract without flattening native type
build	Verify shared-field contracts, public content and browser adapters	2026-10-04T17:49:24.1577324Z ok 115 - renderer rejects an unknown representation contract without flattening native type
build	Verify shared-field contracts, public content and browser adapters	2026-10-04T17:49:24.1578287Z   ---
build	Verify shared-field contracts, public content and browser adapters	2026-10-04T17:49:24.1578815Z   duration_ms: 0.760534
build	Verify shared-field contracts, public content and browser adapters	2026-10-04T17:49:24.1579393Z   type: 'test'
build	Verify shared-field contracts, public content and browser adapters	2026-10-04T17:49:24.1579894Z   ...
build	Verify shared-field contracts, public content and browser adapters	2026-10-04T17:49:24.1580913Z # Subtest: fixture corpus members can be selected without making the renderer subject-specific
build	Verify shared-field contracts, public content and browser adapters	2026-10-04T17:49:24.1582387Z ok 116 - fixture corpus members can be selected without making the renderer subject-specific
build	Verify shared-field contracts, public content and browser adapters	2026-10-04T17:49:24.1583312Z   ---
build	Verify shared-field contracts, public content and browser adapters	2026-10-04T17:49:24.1583828Z   duration_ms: 0.884384
build	Verify shared-field contracts, public content and browser adapters	2026-10-04T17:49:24.1584372Z   type: 'test'
build	Verify shared-field contracts, public content and browser adapters	2026-10-04T17:49:24.1584871Z   ...
build	Verify shared-field contracts, public content and browser adapters	2026-10-04T17:49:24.1586764Z # Subtest: Explore registers the account presentation grammar without executable HTML injection
build	Verify shared-field contracts, public content and browser adapters	2026-10-04T17:49:24.1588469Z ok 117 - Explore registers the account presentation grammar without executable HTML injection
build	Verify shared-field contracts, public content and browser adapters	2026-10-04T17:49:24.1590094Z   ---
build	Verify shared-field contracts, public content and browser adapters	2026-10-04T17:49:24.1590686Z   duration_ms: 9.759787
build	Verify shared-field contracts, public content and browser adapters	2026-10-04T17:49:24.1591290Z   type: 'test'
build	Verify shared-field contracts, public content and browser adapters	2026-10-04T17:49:24.1591859Z   ...
build	Verify shared-field contracts, public content and browser adapters	2026-10-04T17:49:24.1592667Z # Subtest: public site markdown contains every routed page
build	Verify shared-field contracts, public content and browser adapters	2026-10-04T17:49:24.1593686Z ok 118 - public site markdown contains every routed page
build	Verify shared-field contracts, public content and browser adapters	2026-10-04T17:49:24.1594421Z   ---
build	Verify shared-field contracts, public content and browser adapters	2026-10-04T17:49:24.1595216Z   duration_ms: 1.847315
build	Verify shared-field contracts, public content and browser adapters	2026-10-04T17:49:24.1595863Z   type: 'test'
build	Verify shared-field contracts, public content and browser adapters	2026-10-04T17:49:24.1596426Z   ...
build	Verify shared-field contracts, public content and browser adapters	2026-10-04T17:49:24.1597217Z # Subtest: product sections expose the renderer contract
build	Verify shared-field contracts, public content and browser adapters	2026-10-04T17:49:24.1598239Z ok 119 - product sections expose the renderer contract
build	Verify shared-field contracts, public content and browser adapters	2026-10-04T17:49:24.1599158Z   ---
build	Verify shared-field contracts, public content and browser adapters	2026-10-04T17:49:24.1599760Z   duration_ms: 1.415161
build	Verify shared-field contracts, public content and browser adapters	2026-10-04T17:49:24.1600398Z   type: 'test'
build	Verify shared-field contracts, public content and browser adapters	2026-10-04T17:49:24.1600989Z   ...
build	Verify shared-field contracts, public content and browser adapters	2026-10-04T17:49:24.1602047Z # Subtest: research page represents the wider programme and keeps QL as one deeper surface
build	Verify shared-field contracts, public content and browser adapters	2026-10-04T17:49:24.1603865Z ok 120 - research page represents the wider programme and keeps QL as one deeper surface
build	Verify shared-field contracts, public content and browser adapters	2026-10-04T17:49:24.1608283Z   ---
build	Verify shared-field contracts, public content and browser adapters	2026-10-04T17:49:24.1608933Z   duration_ms: 0.801611
build	Verify shared-field contracts, public content and browser adapters	2026-10-04T17:49:24.1609583Z   type: 'test'
build	Verify shared-field contracts, public content and browser adapters	2026-10-04T17:49:24.1610893Z   ...
build	Verify shared-field contracts, public content and browser adapters	2026-10-04T17:49:24.1611939Z # Subtest: human authorship remains a developed provenance relation, not generic personalisation
build	Verify shared-field contracts, public content and browser adapters	2026-10-04T17:49:24.1613449Z ok 121 - human authorship remains a developed provenance relation, not generic personalisation
build	Verify shared-field contracts, public content and browser adapters	2026-10-04T17:49:24.1614441Z   ---
build	Verify shared-field contracts, public content and browser adapters	2026-10-04T17:49:24.1615210Z   duration_ms: 0.490753
build	Verify shared-field contracts, public content and browser adapters	2026-10-04T17:49:24.1615858Z   type: 'test'
build	Verify shared-field contracts, public content and browser adapters	2026-10-04T17:49:24.1616370Z   ...
build	Verify shared-field contracts, public content and browser adapters	2026-10-04T17:49:24.1617701Z # Subtest: collective extension is represented as a research method, not generic extensibility
build	Verify shared-field contracts, public content and browser adapters	2026-10-04T17:49:24.1619179Z ok 122 - collective extension is represented as a research method, not generic extensibility
build	Verify shared-field contracts, public content and browser adapters	2026-10-04T17:49:24.1620109Z   ---
build	Verify shared-field contracts, public content and browser adapters	2026-10-04T17:49:24.1620620Z   duration_ms: 0.359508
build	Verify shared-field contracts, public content and browser adapters	2026-10-04T17:49:24.1621169Z   type: 'test'
build	Verify shared-field contracts, public content and browser adapters	2026-10-04T17:49:24.1621660Z   ...
build	Verify shared-field contracts, public content and browser adapters	2026-10-04T17:49:24.1622783Z # Subtest: founding positions carry the same positive world, authorship and collective research commitments
build	Verify shared-field contracts, public content and browser adapters	2026-10-04T17:49:24.1624474Z ok 123 - founding positions carry the same positive world, authorship and collective research commitments
build	Verify shared-field contracts, public content and browser adapters	2026-10-04T17:49:24.1625809Z   ---
build	Verify shared-field contracts, public content and browser adapters	2026-10-04T17:49:24.1626325Z   duration_ms: 1.384004
build	Verify shared-field contracts, public content and browser adapters	2026-10-04T17:49:24.1626878Z   type: 'test'
build	Verify shared-field contracts, public content and browser adapters	2026-10-04T17:49:24.1627394Z   ...
build	Verify shared-field contracts, public content and browser adapters	2026-10-04T17:49:24.1628418Z # Subtest: first-contact copy carries the world-making proposition and local-to-shared movement
build	Verify shared-field contracts, public content and browser adapters	2026-10-04T17:49:24.1629979Z ok 124 - first-contact copy carries the world-making proposition and local-to-shared movement
build	Verify shared-field contracts, public content and browser adapters	2026-10-04T17:49:24.1630995Z   ---
build	Verify shared-field contracts, public content and browser adapters	2026-10-04T17:49:24.1631537Z   duration_ms: 1.826446
build	Verify shared-field contracts, public content and browser adapters	2026-10-04T17:49:24.1632141Z   type: 'test'
build	Verify shared-field contracts, public content and browser adapters	2026-10-04T17:49:24.1632657Z   ...
build	Verify shared-field contracts, public content and browser adapters	2026-10-04T17:49:24.1633857Z # Subtest: current six-office wording and truthful local installation do not imply publication or verification
build	Verify shared-field contracts, public content and browser adapters	2026-10-04T17:49:24.1635922Z ok 125 - current six-office wording and truthful local installation do not imply publication or verification
build	Verify shared-field contracts, public content and browser adapters	2026-10-04T17:49:24.1638897Z   ---
build	Verify shared-field contracts, public content and browser adapters	2026-10-04T17:49:24.1639469Z   duration_ms: 0.530687
build	Verify shared-field contracts, public content and browser adapters	2026-10-04T17:49:24.1640339Z   type: 'test'
build	Verify shared-field contracts, public content and browser adapters	2026-10-04T17:49:24.1640855Z   ...
build	Verify shared-field contracts, public content and browser adapters	2026-10-04T17:49:24.1641790Z # Subtest: O:I keeps its authored brand and the essay carries its full authored title
build	Verify shared-field contracts, public content and browser adapters	2026-10-04T17:49:24.1643123Z ok 126 - O:I keeps its authored brand and the essay carries its full authored title
build	Verify shared-field contracts, public content and browser adapters	2026-10-04T17:49:24.1643976Z   ---
build	Verify shared-field contracts, public content and browser adapters	2026-10-04T17:49:24.1644478Z   duration_ms: 0.824743
build	Verify shared-field contracts, public content and browser adapters	2026-10-04T17:49:24.1645385Z   type: 'test'
build	Verify shared-field contracts, public content and browser adapters	2026-10-04T17:49:24.1645942Z   ...
build	Verify shared-field contracts, public content and browser adapters	2026-10-04T17:49:24.1646796Z # Subtest: vite emits the structured public pages without replacing Explore
build	Verify shared-field contracts, public content and browser adapters	2026-10-04T17:49:24.1648037Z ok 127 - vite emits the structured public pages without replacing Explore
build	Verify shared-field contracts, public content and browser adapters	2026-10-04T17:49:24.1649156Z   ---
build	Verify shared-field contracts, public content and browser adapters	2026-10-04T17:49:24.1649728Z   duration_ms: 0.628309
build	Verify shared-field contracts, public content and browser adapters	2026-10-04T17:49:24.1650362Z   type: 'test'
build	Verify shared-field contracts, public content and browser adapters	2026-10-04T17:49:24.1650959Z   ...
build	Verify shared-field contracts, public content and browser adapters	2026-10-04T17:49:24.2416119Z # Subtest: empty native publication remains empty; no fixture fallback
build	Verify shared-field contracts, public content and browser adapters	2026-10-04T17:49:24.2422280Z ok 128 - empty native publication remains empty; no fixture fallback
build	Verify shared-field contracts, public content and browser adapters	2026-10-04T17:49:24.2422724Z   ---
build	Verify shared-field contracts, public content and browser adapters	2026-10-04T17:49:24.2422946Z   duration_ms: 4.273997
build	Verify shared-field contracts, public content and browser adapters	2026-10-04T17:49:24.2423202Z   type: 'test'
build	Verify shared-field contracts, public content and browser adapters	2026-10-04T17:49:24.2423410Z   ...
build	Verify shared-field contracts, public content and browser adapters	2026-10-04T17:49:24.2423898Z # Subtest: native subject identities, source revisions and collection membership survive
build	Verify shared-field contracts, public content and browser adapters	2026-10-04T17:49:24.2424637Z ok 129 - native subject identities, source revisions and collection membership survive
build	Verify shared-field contracts, public content and browser adapters	2026-10-04T17:49:24.2425632Z   ---
build	Verify shared-field contracts, public content and browser adapters	2026-10-04T17:49:24.2425975Z   duration_ms: 46.688054
build	Verify shared-field contracts, public content and browser adapters	2026-10-04T17:49:24.2426338Z   type: 'test'
build	Verify shared-field contracts, public content and browser adapters	2026-10-04T17:49:24.2426538Z   ...
build	Verify shared-field contracts, public content and browser adapters	2026-10-04T17:49:24.2427078Z # Subtest: the optional canonical locator survives admission, the seed, the compiled manifests and the model
build	Verify shared-field contracts, public content and browser adapters	2026-10-04T17:49:24.2427917Z ok 130 - the optional canonical locator survives admission, the seed, the compiled manifests and the model
build	Verify shared-field contracts, public content and browser adapters	2026-10-04T17:49:24.2428627Z   ---
build	Verify shared-field contracts, public content and browser adapters	2026-10-04T17:49:24.2428997Z   duration_ms: 10.69172
build	Verify shared-field contracts, public content and browser adapters	2026-10-04T17:49:24.2429250Z   type: 'test'
build	Verify shared-field contracts, public content and browser adapters	2026-10-04T17:49:24.2429449Z   ...
build	Verify shared-field contracts, public content and browser adapters	2026-10-04T17:49:24.2429910Z # Subtest: the canonical deep-link composes from the Publish base and hides without one
build	Verify shared-field contracts, public content and browser adapters	2026-10-04T17:49:24.2430571Z ok 131 - the canonical deep-link composes from the Publish base and hides without one
build	Verify shared-field contracts, public content and browser adapters	2026-10-04T17:49:24.2431098Z   ---
build	Verify shared-field contracts, public content and browser adapters	2026-10-04T17:49:24.2431433Z   duration_ms: 0.422946
build	Verify shared-field contracts, public content and browser adapters	2026-10-04T17:49:24.2431829Z   type: 'test'
build	Verify shared-field contracts, public content and browser adapters	2026-10-04T17:49:24.2432166Z   ...
build	Verify shared-field contracts, public content and browser adapters	2026-10-04T17:49:24.2450352Z # Subtest: a malformed canonical locator fails public admission instead of shipping
build	Verify shared-field contracts, public content and browser adapters	2026-10-04T17:49:24.2451770Z ok 132 - a malformed canonical locator fails public admission instead of shipping
build	Verify shared-field contracts, public content and browser adapters	2026-10-04T17:49:24.2452385Z   ---
build	Verify shared-field contracts, public content and browser adapters	2026-10-04T17:49:24.2452829Z   duration_ms: 8.286789
build	Verify shared-field contracts, public content and browser adapters	2026-10-04T17:49:24.2453365Z   type: 'test'
build	Verify shared-field contracts, public content and browser adapters	2026-10-04T17:49:24.2453775Z   ...
build	Verify shared-field contracts, public content and browser adapters	2026-10-04T17:49:24.2454632Z # Subtest: publications without the optional locator admit unchanged and expose no canonical link
build	Verify shared-field contracts, public content and browser adapters	2026-10-04T17:49:24.2456162Z ok 133 - publications without the optional locator admit unchanged and expose no canonical link
build	Verify shared-field contracts, public content and browser adapters	2026-10-04T17:49:24.2456830Z   ---
build	Verify shared-field contracts, public content and browser adapters	2026-10-04T17:49:24.2457262Z   duration_ms: 7.121272
build	Verify shared-field contracts, public content and browser adapters	2026-10-04T17:49:24.2457768Z   type: 'test'
build	Verify shared-field contracts, public content and browser adapters	2026-10-04T17:49:24.2458172Z   ...
build	Verify shared-field contracts, public content and browser adapters	2026-10-04T17:49:24.2459163Z # Subtest: native body fidelity preserves authored field, geometry, dynamics and text-bearing journey instead of rebuilding the demo shell
build	Verify shared-field contracts, public content and browser adapters	2026-10-04T17:49:24.2460259Z ok 134 - native body fidelity preserves authored field, geometry, dynamics and text-bearing journey instead of rebuilding the demo shell
build	Verify shared-field contracts, public content and browser adapters	2026-10-04T17:49:24.2461430Z   ---
build	Verify shared-field contracts, public content and browser adapters	2026-10-04T17:49:24.2465626Z   duration_ms: 5.408837
build	Verify shared-field contracts, public content and browser adapters	2026-10-04T17:49:24.2467122Z   type: 'test'
build	Verify shared-field contracts, public content and browser adapters	2026-10-04T17:49:24.2467520Z   ...
build	Verify shared-field contracts, public content and browser adapters	2026-10-04T17:49:24.2468621Z # Subtest: native body admission refuses changed bytes, changed scene maps and protected material
build	Verify shared-field contracts, public content and browser adapters	2026-10-04T17:49:24.2470302Z ok 135 - native body admission refuses changed bytes, changed scene maps and protected material
build	Verify shared-field contracts, public content and browser adapters	2026-10-04T17:49:24.2471387Z   ---
build	Verify shared-field contracts, public content and browser adapters	2026-10-04T17:49:24.2472033Z   duration_ms: 7.23336
build	Verify shared-field contracts, public content and browser adapters	2026-10-04T17:49:24.2472652Z   type: 'test'
build	Verify shared-field contracts, public content and browser adapters	2026-10-04T17:49:24.2473220Z   ...
build	Verify shared-field contracts, public content and browser adapters	2026-10-04T17:49:24.2474156Z # Subtest: private objects, raw row copy, metadata, fields and wrappers never enter any outward payload
build	Verify shared-field contracts, public content and browser adapters	2026-10-04T17:49:24.2475816Z ok 136 - private objects, raw row copy, metadata, fields and wrappers never enter any outward payload
build	Verify shared-field contracts, public content and browser adapters	2026-10-04T17:49:24.2476683Z   ---
build	Verify shared-field contracts, public content and browser adapters	2026-10-04T17:49:24.2477052Z   duration_ms: 5.532477
build	Verify shared-field contracts, public content and browser adapters	2026-10-04T17:49:24.2477486Z   type: 'test'
build	Verify shared-field contracts, public content and browser adapters	2026-10-04T17:49:24.2477867Z   ...
build	Verify shared-field contracts, public content and browser adapters	2026-10-04T17:49:24.2478576Z # Subtest: a private edge between otherwise public subjects is excluded
build	Verify shared-field contracts, public content and browser adapters	2026-10-04T17:49:24.2479597Z ok 137 - a private edge between otherwise public subjects is excluded
build	Verify shared-field contracts, public content and browser adapters	2026-10-04T17:49:24.2480591Z   ---
build	Verify shared-field contracts, public content and browser adapters	2026-10-04T17:49:24.2480958Z   duration_ms: 5.989647
build	Verify shared-field contracts, public content and browser adapters	2026-10-04T17:49:24.2481379Z   type: 'test'
build	Verify shared-field contracts, public content and browser adapters	2026-10-04T17:49:24.2481741Z   ...
build	Verify shared-field contracts, public content and browser adapters	2026-10-04T17:49:24.2482598Z # Subtest: published binding with private or unsupported material fails before serialization
build	Verify shared-field contracts, public content and browser adapters	2026-10-04T17:49:24.2483654Z ok 138 - published binding with private or unsupported material fails before serialization
build	Verify shared-field contracts, public content and browser adapters	2026-10-04T17:49:24.2484126Z   ---
build	Verify shared-field contracts, public content and browser adapters	2026-10-04T17:49:24.2484334Z   duration_ms: 1.045674
build	Verify shared-field contracts, public content and browser adapters	2026-10-04T17:49:24.2484560Z   type: 'test'
build	Verify shared-field contracts, public content and browser adapters	2026-10-04T17:49:24.2484754Z   ...
build	Verify shared-field contracts, public content and browser adapters	2026-10-04T17:49:24.2485553Z # Subtest: exact stale publication and Scene addresses never resolve to another edition
build	Verify shared-field contracts, public content and browser adapters	2026-10-04T17:49:24.2486243Z ok 139 - exact stale publication and Scene addresses never resolve to another edition
build	Verify shared-field contracts, public content and browser adapters	2026-10-04T17:49:24.2486665Z   ---
build	Verify shared-field contracts, public content and browser adapters	2026-10-04T17:49:24.2486860Z   duration_ms: 4.392538
build	Verify shared-field contracts, public content and browser adapters	2026-10-04T17:49:24.2487081Z   type: 'test'
build	Verify shared-field contracts, public content and browser adapters	2026-10-04T17:49:24.2487280Z   ...
build	Verify shared-field contracts, public content and browser adapters	2026-10-04T17:49:24.2487691Z # Subtest: native edition manifests identify exactly the emitted source and bytes
build	Verify shared-field contracts, public content and browser adapters	2026-10-04T17:49:24.2488334Z ok 140 - native edition manifests identify exactly the emitted source and bytes
build	Verify shared-field contracts, public content and browser adapters	2026-10-04T17:49:24.2488717Z   ---
build	Verify shared-field contracts, public content and browser adapters	2026-10-04T17:49:24.2488910Z   duration_ms: 4.632103
build	Verify shared-field contracts, public content and browser adapters	2026-10-04T17:49:24.2489132Z   type: 'test'
build	Verify shared-field contracts, public content and browser adapters	2026-10-04T17:49:24.2489332Z   ...
build	Verify shared-field contracts, public content and browser adapters	2026-10-04T17:49:24.2490304Z # Subtest: route carries source, Expression/Projection editions, exact Scene and reading anchor separately
build	Verify shared-field contracts, public content and browser adapters	2026-10-04T17:49:24.2491485Z ok 141 - route carries source, Expression/Projection editions, exact Scene and reading anchor separately
build	Verify shared-field contracts, public content and browser adapters	2026-10-04T17:49:24.2491992Z   ---
build	Verify shared-field contracts, public content and browser adapters	2026-10-04T17:49:24.2492195Z   duration_ms: 0.867212
build	Verify shared-field contracts, public content and browser adapters	2026-10-04T17:49:24.2492417Z   type: 'test'
build	Verify shared-field contracts, public content and browser adapters	2026-10-04T17:49:24.2492827Z   ...
build	Verify shared-field contracts, public content and browser adapters	2026-10-04T17:49:24.2493302Z # Subtest: assets cannot depend on loopback, private addresses, arbitrary schemes or credentials
build	Verify shared-field contracts, public content and browser adapters	2026-10-04T17:49:24.2494024Z ok 142 - assets cannot depend on loopback, private addresses, arbitrary schemes or credentials
build	Verify shared-field contracts, public content and browser adapters	2026-10-04T17:49:24.2494459Z   ---
build	Verify shared-field contracts, public content and browser adapters	2026-10-04T17:49:24.2494653Z   duration_ms: 1.203127
build	Verify shared-field contracts, public content and browser adapters	2026-10-04T17:49:24.2494873Z   type: 'test'
build	Verify shared-field contracts, public content and browser adapters	2026-10-04T17:49:24.2495287Z   ...
build	Verify shared-field contracts, public content and browser adapters	2026-10-04T17:49:24.2495613Z # Subtest: production entrypoints cannot import fixtures
build	Verify shared-field contracts, public content and browser adapters	2026-10-04T17:49:24.2496055Z ok 143 - production entrypoints cannot import fixtures
build	Verify shared-field contracts, public content and browser adapters	2026-10-04T17:49:24.2496355Z   ---
build	Verify shared-field contracts, public content and browser adapters	2026-10-04T17:49:24.2496544Z   duration_ms: 0.619743
build	Verify shared-field contracts, public content and browser adapters	2026-10-04T17:49:24.2496758Z   type: 'test'
build	Verify shared-field contracts, public content and browser adapters	2026-10-04T17:49:24.2496955Z   ...
build	Verify shared-field contracts, public content and browser adapters	2026-10-04T17:49:24.2567397Z # Subtest: Self / Other browser adapter is derived from canonical shared-field contracts
build	Verify shared-field contracts, public content and browser adapters	2026-10-04T17:49:24.2568722Z ok 144 - Self / Other browser adapter is derived from canonical shared-field contracts
build	Verify shared-field contracts, public content and browser adapters	2026-10-04T17:49:24.2569527Z   ---
build	Verify shared-field contracts, public content and browser adapters	2026-10-04T17:49:24.2569900Z   duration_ms: 10.083429
build	Verify shared-field contracts, public content and browser adapters	2026-10-04T17:49:24.2570329Z   type: 'test'
build	Verify shared-field contracts, public content and browser adapters	2026-10-04T17:49:24.2570699Z   ...
build	Verify shared-field contracts, public content and browser adapters	2026-10-04T17:49:24.2571507Z # Subtest: front-door Self, public root and Other reuse the canonical golden fixtures
build	Verify shared-field contracts, public content and browser adapters	2026-10-04T17:49:24.2572739Z ok 145 - front-door Self, public root and Other reuse the canonical golden fixtures
build	Verify shared-field contracts, public content and browser adapters	2026-10-04T17:49:24.2573487Z   ---
build	Verify shared-field contracts, public content and browser adapters	2026-10-04T17:49:24.2573862Z   duration_ms: 7.387888
build	Verify shared-field contracts, public content and browser adapters	2026-10-04T17:49:24.2574289Z   type: 'test'
build	Verify shared-field contracts, public content and browser adapters	2026-10-04T17:49:24.2574694Z   ...
build	Verify shared-field contracts, public content and browser adapters	2026-10-04T17:49:24.2575667Z # Subtest: Self / Other adapter rejects a participant outside the selected field
build	Verify shared-field contracts, public content and browser adapters	2026-10-04T17:49:24.2576810Z ok 146 - Self / Other adapter rejects a participant outside the selected field
build	Verify shared-field contracts, public content and browser adapters	2026-10-04T17:49:24.2577528Z   ---
build	Verify shared-field contracts, public content and browser adapters	2026-10-04T17:49:24.2577892Z   duration_ms: 5.836843
build	Verify shared-field contracts, public content and browser adapters	2026-10-04T17:49:24.2578311Z   type: 'test'
build	Verify shared-field contracts, public content and browser adapters	2026-10-04T17:49:24.2578681Z   ...
build	Verify shared-field contracts, public content and browser adapters	2026-10-04T17:49:24.2579497Z # Subtest: Self / Other adapter rejects a public root published by another participant
build	Verify shared-field contracts, public content and browser adapters	2026-10-04T17:49:24.2580752Z ok 147 - Self / Other adapter rejects a public root published by another participant
build	Verify shared-field contracts, public content and browser adapters	2026-10-04T17:49:24.2581520Z   ---
build	Verify shared-field contracts, public content and browser adapters	2026-10-04T17:49:24.2581887Z   duration_ms: 1.562145
build	Verify shared-field contracts, public content and browser adapters	2026-10-04T17:49:24.2582634Z   type: 'test'
build	Verify shared-field contracts, public content and browser adapters	2026-10-04T17:49:24.2583004Z   ...
build	Verify shared-field contracts, public content and browser adapters	2026-10-04T17:49:24.2583824Z # Subtest: places the canonical focus at the centre without changing relation identity
build	Verify shared-field contracts, public content and browser adapters	2026-10-04T17:49:24.2585425Z ok 148 - places the canonical focus at the centre without changing relation identity
build	Verify shared-field contracts, public content and browser adapters	2026-10-04T17:49:24.2586210Z   ---
build	Verify shared-field contracts, public content and browser adapters	2026-10-04T17:49:24.2586590Z   duration_ms: 1.313402
build	Verify shared-field contracts, public content and browser adapters	2026-10-04T17:49:24.2587017Z   type: 'test'
build	Verify shared-field contracts, public content and browser adapters	2026-10-04T17:49:24.2587393Z   ...
build	Verify shared-field contracts, public content and browser adapters	2026-10-04T17:49:24.2588061Z # Subtest: recentring is a new visual projection of the supplied relation state
build	Verify shared-field contracts, public content and browser adapters	2026-10-04T17:49:24.2589091Z ok 149 - recentring is a new visual projection of the supplied relation state
build	Verify shared-field contracts, public content and browser adapters	2026-10-04T17:49:24.2589714Z   ---
build	Verify shared-field contracts, public content and browser adapters	2026-10-04T17:49:24.2590041Z   duration_ms: 0.287244
build	Verify shared-field contracts, public content and browser adapters	2026-10-04T17:49:24.2590494Z   type: 'test'
build	Verify shared-field contracts, public content and browser adapters	2026-10-04T17:49:24.2590849Z   ...
build	Verify shared-field contracts, public content and browser adapters	2026-10-04T17:49:24.2591522Z # Subtest: layout is deterministic for the same bounded relation state
build	Verify shared-field contracts, public content and browser adapters	2026-10-04T17:49:24.2592466Z ok 150 - layout is deterministic for the same bounded relation state
build	Verify shared-field contracts, public content and browser adapters	2026-10-04T17:49:24.2593109Z   ---
build	Verify shared-field contracts, public content and browser adapters	2026-10-04T17:49:24.2593448Z   duration_ms: 1.1132
build	Verify shared-field contracts, public content and browser adapters	2026-10-04T17:49:24.2593836Z   type: 'test'
build	Verify shared-field contracts, public content and browser adapters	2026-10-04T17:49:24.2594162Z   ...
build	Verify shared-field contracts, public content and browser adapters	2026-10-04T17:49:24.2594496Z 1..150
build	Verify shared-field contracts, public content and browser adapters	2026-10-04T17:49:24.2594824Z # tests 150
build	Verify shared-field contracts, public content and browser adapters	2026-10-04T17:49:24.2595630Z # suites 0
build	Verify shared-field contracts, public content and browser adapters	2026-10-04T17:49:24.2595977Z # pass 150
build	Verify shared-field contracts, public content and browser adapters	2026-10-04T17:49:24.2596318Z # fail 0
build	Verify shared-field contracts, public content and browser adapters	2026-10-04T17:49:24.2596629Z # cancelled 0
build	Verify shared-field contracts, public content and browser adapters	2026-10-04T17:49:24.2596991Z # skipped 0
build	Verify shared-field contracts, public content and browser adapters	2026-10-04T17:49:24.2597317Z # todo 0
build	Verify shared-field contracts, public content and browser adapters	2026-10-04T17:49:24.2597689Z # duration_ms 873.215678
build	Install SpaceTimeDB module dependencies	﻿2026-10-04T17:49:24.2680677Z ##[group]Run npm install --prefix ../shared-field/spacetimedb --no-audit --no-fund
build	Install SpaceTimeDB module dependencies	2026-10-04T17:49:24.2681310Z [36;1mnpm install --prefix ../shared-field/spacetimedb --no-audit --no-fund[0m
build	Install SpaceTimeDB module dependencies	2026-10-04T17:49:24.2747835Z shell: /usr/bin/bash -e {0}
build	Install SpaceTimeDB module dependencies	2026-10-04T17:49:24.2748118Z ##[endgroup]
build	Install SpaceTimeDB module dependencies	2026-10-04T17:49:25.9299688Z 
build	Install SpaceTimeDB module dependencies	2026-10-04T17:49:25.9300334Z added 15 packages in 2s
build	Install pinned SpaceTimeDB CLI 2.8.1	﻿2026-10-04T17:49:25.9505973Z ##[group]Run curl -sSf https://install.spacetimedb.com | \
build	Install pinned SpaceTimeDB CLI 2.8.1	2026-10-04T17:49:25.9506476Z [36;1mcurl -sSf https://install.spacetimedb.com | \[0m
build	Install pinned SpaceTimeDB CLI 2.8.1	2026-10-04T17:49:25.9507058Z [36;1m  SPACETIME_DOWNLOAD_ROOT="https://github.com/clockworklabs/SpacetimeDB/releases/download/v2.8.1" \[0m
build	Install pinned SpaceTimeDB CLI 2.8.1	2026-10-04T17:49:25.9507574Z [36;1m  sh -s -- -y[0m
build	Install pinned SpaceTimeDB CLI 2.8.1	2026-10-04T17:49:25.9507835Z [36;1mecho "$HOME/.local/bin" >> "$GITHUB_PATH"[0m
build	Install pinned SpaceTimeDB CLI 2.8.1	2026-10-04T17:49:25.9508162Z [36;1mexport PATH="$HOME/.local/bin:$PATH"[0m
build	Install pinned SpaceTimeDB CLI 2.8.1	2026-10-04T17:49:25.9508473Z [36;1mspacetime version install 2.8.1[0m
build	Install pinned SpaceTimeDB CLI 2.8.1	2026-10-04T17:49:25.9508753Z [36;1mspacetime version use 2.8.1[0m
build	Install pinned SpaceTimeDB CLI 2.8.1	2026-10-04T17:49:25.9509096Z [36;1mspacetime --version | tee /tmp/spacetimedb-version.txt[0m
build	Install pinned SpaceTimeDB CLI 2.8.1	2026-10-04T17:49:25.9509516Z [36;1mgrep -q '2.8.1' /tmp/spacetimedb-version.txt[0m
build	Install pinned SpaceTimeDB CLI 2.8.1	2026-10-04T17:49:25.9575560Z shell: /usr/bin/bash --noprofile --norc -e -o pipefail {0}
build	Install pinned SpaceTimeDB CLI 2.8.1	2026-10-04T17:49:25.9575922Z ##[endgroup]
build	Install pinned SpaceTimeDB CLI 2.8.1	2026-10-04T17:49:26.1626659Z Downloading installer...
build	Install pinned SpaceTimeDB CLI 2.8.1	2026-10-04T17:49:26.4831815Z The SpacetimeDB command line tool will now be installed:
build	Install pinned SpaceTimeDB CLI 2.8.1	2026-10-04T17:49:26.4832760Z 	CLI configuration directory: /home/runner/.config/spacetime/
build	Install pinned SpaceTimeDB CLI 2.8.1	2026-10-04T17:49:26.4833552Z 	`spacetime` binary: /home/runner/.local/bin/spacetime
build	Install pinned SpaceTimeDB CLI 2.8.1	2026-10-04T17:49:26.4834518Z 	directory for installed SpacetimeDB versions: /home/runner/.local/share/spacetime/bin
build	Install pinned SpaceTimeDB CLI 2.8.1	2026-10-04T17:49:26.4835738Z 	database directory: /home/runner/.local/share/spacetime/data
build	Install pinned SpaceTimeDB CLI 2.8.1	2026-10-04T17:49:26.4879330Z Downloading latest version...
build	Install pinned SpaceTimeDB CLI 2.8.1	2026-10-04T17:49:27.8651379Z The `spacetime` command has been installed as /home/runner/.local/bin/spacetime
build	Install pinned SpaceTimeDB CLI 2.8.1	2026-10-04T17:49:27.8652042Z 
build	Install pinned SpaceTimeDB CLI 2.8.1	2026-10-04T17:49:27.8652641Z The install process is complete; check out our quickstart guide to get started!
build	Install pinned SpaceTimeDB CLI 2.8.1	2026-10-04T17:49:27.8653427Z 	<https://spacetimedb.com/docs/>
build	Install pinned SpaceTimeDB CLI 2.8.1	2026-10-04T17:49:29.1940625Z A new version of SpacetimeDB is available: v2.10.2 (current: v2.8.1)
build	Install pinned SpaceTimeDB CLI 2.8.1	2026-10-04T17:49:29.1941206Z Run `spacetime version upgrade` to update.
build	Install pinned SpaceTimeDB CLI 2.8.1	2026-10-04T17:49:29.1941414Z 
build	Install pinned SpaceTimeDB CLI 2.8.1	2026-10-04T17:49:29.1973268Z spacetime Path: /home/runner/.local/share/spacetime/bin/2.8.1/spacetimedb-cli
build	Install pinned SpaceTimeDB CLI 2.8.1	2026-10-04T17:49:29.1974218Z Commit: 4d9aa49594d59bf09f949b83c30413e43bf0805a
build	Install pinned SpaceTimeDB CLI 2.8.1	2026-10-04T17:49:29.1975271Z spacetimedb tool version 2.8.1; spacetimedb-lib version 2.8.1;
build	Install the vendored Quartz	﻿2026-10-04T17:49:29.2031488Z ##[group]Run npm ci --prefix vendor/quartz --no-audit --no-fund
build	Install the vendored Quartz	2026-10-04T17:49:29.2031973Z [36;1mnpm ci --prefix vendor/quartz --no-audit --no-fund[0m
build	Install the vendored Quartz	2026-10-04T17:49:29.2095225Z shell: /usr/bin/bash -e {0}
build	Install the vendored Quartz	2026-10-04T17:49:29.2095515Z ##[endgroup]
build	Install the vendored Quartz	2026-10-04T17:49:38.7547929Z 
build	Install the vendored Quartz	2026-10-04T17:49:38.7548495Z added 489 packages in 9s
build	Verify the essay publication builders and host contract	﻿2026-10-04T17:49:38.7902396Z ##[group]Run node --experimental-strip-types --test essay-source.test.mjs essay-browser.test.mjs essay-host.test.mjs quartz-staged-input.test.mjs
build	Verify the essay publication builders and host contract	2026-10-04T17:49:38.7904308Z [36;1mnode --experimental-strip-types --test essay-source.test.mjs essay-browser.test.mjs essay-host.test.mjs quartz-staged-input.test.mjs[0m
build	Verify the essay publication builders and host contract	2026-10-04T17:49:38.7986856Z shell: /usr/bin/bash -e {0}
build	Verify the essay publication builders and host contract	2026-10-04T17:49:38.7987275Z ##[endgroup]
build	Verify the essay publication builders and host contract	2026-10-04T17:49:38.8578081Z TAP version 13
build	Verify the essay publication builders and host contract	2026-10-04T17:49:39.1167265Z # Subtest: publication keeps the six folders and drops quilt, NOTES, reference-notes, and JSON
build	Verify the essay publication builders and host contract	2026-10-04T17:49:39.1186014Z ok 1 - publication keeps the six folders and drops quilt, NOTES, reference-notes, and JSON
build	Verify the essay publication builders and host contract	2026-10-04T17:49:39.1222545Z   ---
build	Verify the essay publication builders and host contract	2026-10-04T17:49:39.1245542Z   duration_ms: 87.542854
build	Verify the essay publication builders and host contract	2026-10-04T17:49:39.1252514Z   type: 'test'
build	Verify the essay publication builders and host contract	2026-10-04T17:49:39.1253680Z   ...
build	Verify the essay publication builders and host contract	2026-10-04T17:49:39.1254736Z # Subtest: the shell points at Relational Logos and does not paste it into site prose
build	Verify the essay publication builders and host contract	2026-10-04T17:49:39.1258648Z ok 2 - the shell points at Relational Logos and does not paste it into site prose
build	Verify the essay publication builders and host contract	2026-10-04T17:49:39.1260222Z   ---
build	Verify the essay publication builders and host contract	2026-10-04T17:49:39.1260791Z   duration_ms: 2.372103
build	Verify the essay publication builders and host contract	2026-10-04T17:49:39.1262150Z   type: 'test'
build	Verify the essay publication builders and host contract	2026-10-04T17:49:39.1262989Z   ...
build	Verify the essay publication builders and host contract	2026-10-04T17:49:39.1860945Z # Subtest: site base is the path in front of an essay route
build	Verify the essay publication builders and host contract	2026-10-04T17:49:39.1881722Z ok 3 - site base is the path in front of an essay route
build	Verify the essay publication builders and host contract	2026-10-04T17:49:39.1907214Z   ---
build	Verify the essay publication builders and host contract	2026-10-04T17:49:39.1925452Z   duration_ms: 1.717675
build	Verify the essay publication builders and host contract	2026-10-04T17:49:39.1965603Z   type: 'test'
build	Verify the essay publication builders and host contract	2026-10-04T17:49:39.1995406Z   ...
build	Verify the essay publication builders and host contract	2026-10-04T17:49:39.2037449Z # Subtest: built essay.html boots from the site base and drops root-absolute asset tags
build	Verify the essay publication builders and host contract	2026-10-04T17:49:39.2055935Z ok 4 - built essay.html boots from the site base and drops root-absolute asset tags
build	Verify the essay publication builders and host contract	2026-10-04T17:49:39.2075296Z   ---
build	Verify the essay publication builders and host contract	2026-10-04T17:49:39.2075657Z   duration_ms: 0.782316
build	Verify the essay publication builders and host contract	2026-10-04T17:49:39.2076041Z   type: 'test'
build	Verify the essay publication builders and host contract	2026-10-04T17:49:39.2076369Z   ...
build	Verify the essay publication builders and host contract	2026-10-04T17:49:39.2077487Z # Subtest: the publish step requires the Quartz publication, prunes the shell catalog, and publishes the Quartz not-found page
build	Verify the essay publication builders and host contract	2026-10-04T17:49:39.2079243Z ok 5 - the publish step requires the Quartz publication, prunes the shell catalog, and publishes the Quartz not-found page
build	Verify the essay publication builders and host contract	2026-10-04T17:49:39.2080192Z   ---
build	Verify the essay publication builders and host contract	2026-10-04T17:49:39.2080513Z   duration_ms: 2.902169
build	Verify the essay publication builders and host contract	2026-10-04T17:49:39.2080873Z   type: 'test'
build	Verify the essay publication builders and host contract	2026-10-04T17:49:39.2081192Z   ...
build	Verify the essay publication builders and host contract	2026-10-04T17:49:39.2082014Z # Subtest: a missing Quartz publication, a shell stub, or a missing stamp fails the publish step
build	Verify the essay publication builders and host contract	2026-10-04T17:49:39.2083267Z ok 6 - a missing Quartz publication, a shell stub, or a missing stamp fails the publish step
build	Verify the essay publication builders and host contract	2026-10-04T17:49:39.2083998Z   ---
build	Verify the essay publication builders and host contract	2026-10-04T17:49:39.2084307Z   duration_ms: 1.734517
build	Verify the essay publication builders and host contract	2026-10-04T17:49:39.2084668Z   type: 'test'
build	Verify the essay publication builders and host contract	2026-10-04T17:49:39.2085193Z   ...
build	Verify the essay publication builders and host contract	2026-10-04T17:49:39.2086073Z # Subtest: pages serves deep essay links from 404.html; vercel rewrites them and an existing file wins
build	Verify the essay publication builders and host contract	2026-10-04T17:49:39.2112795Z ok 7 - pages serves deep essay links from 404.html; vercel rewrites them and an existing file wins
build	Verify the essay publication builders and host contract	2026-10-04T17:49:39.2141621Z   ---
build	Verify the essay publication builders and host contract	2026-10-04T17:49:39.2186355Z   duration_ms: 79.460484
build	Verify the essay publication builders and host contract	2026-10-04T17:49:39.2212154Z   type: 'test'
build	Verify the essay publication builders and host contract	2026-10-04T17:49:39.2221765Z   ...
build	Verify the essay publication builders and host contract	2026-10-04T17:49:39.2813605Z # Subtest: a real cached Git source refreshes main and stages figures while withholding notes
build	Verify the essay publication builders and host contract	2026-10-04T17:49:39.2846091Z ok 8 - a real cached Git source refreshes main and stages figures while withholding notes
build	Verify the essay publication builders and host contract	2026-10-04T17:49:39.2870697Z   ---
build	Verify the essay publication builders and host contract	2026-10-04T17:49:39.2871195Z   duration_ms: 313.184659
build	Verify the essay publication builders and host contract	2026-10-04T17:49:39.2871676Z   type: 'test'
build	Verify the essay publication builders and host contract	2026-10-04T17:49:39.2872273Z   ...
build	Verify the essay publication builders and host contract	2026-10-04T17:49:39.2873137Z # Subtest: frontmatter keeps the last native source identity without touching prose
build	Verify the essay publication builders and host contract	2026-10-04T17:49:39.2874141Z ok 9 - frontmatter keeps the last native source identity without touching prose
build	Verify the essay publication builders and host contract	2026-10-04T17:49:39.2875118Z   ---
build	Verify the essay publication builders and host contract	2026-10-04T17:49:39.2878756Z   duration_ms: 0.49941
build	Verify the essay publication builders and host contract	2026-10-04T17:49:39.2879258Z   type: 'test'
build	Verify the essay publication builders and host contract	2026-10-04T17:49:39.2880189Z   ...
build	Verify the essay publication builders and host contract	2026-10-04T17:49:39.3532204Z # Subtest: selected staged Markdown survives Git storage exclusions while private input stays excluded
build	Verify the essay publication builders and host contract	2026-10-04T17:49:39.3556165Z ok 10 - selected staged Markdown survives Git storage exclusions while private input stays excluded
build	Verify the essay publication builders and host contract	2026-10-04T17:49:39.3557520Z   ---
build	Verify the essay publication builders and host contract	2026-10-04T17:49:39.3575700Z   duration_ms: 30.635964
build	Verify the essay publication builders and host contract	2026-10-04T17:49:39.3576473Z   type: 'test'
build	Verify the essay publication builders and host contract	2026-10-04T17:49:39.3577261Z   ...
build	Verify the essay publication builders and host contract	2026-10-04T17:49:39.3675082Z 1..10
build	Verify the essay publication builders and host contract	2026-10-04T17:49:39.3675489Z # tests 10
build	Verify the essay publication builders and host contract	2026-10-04T17:49:39.3675839Z # suites 0
build	Verify the essay publication builders and host contract	2026-10-04T17:49:39.3676178Z # pass 10
build	Verify the essay publication builders and host contract	2026-10-04T17:49:39.3676387Z # fail 0
build	Verify the essay publication builders and host contract	2026-10-04T17:49:39.3676620Z # cancelled 0
build	Verify the essay publication builders and host contract	2026-10-04T17:49:39.3676855Z # skipped 0
build	Verify the essay publication builders and host contract	2026-10-04T17:49:39.3677080Z # todo 0
build	Verify the essay publication builders and host contract	2026-10-04T17:49:39.3677329Z # duration_ms 528.715664
build	Verify the full live Explore client build separately	﻿2026-10-04T17:49:39.3785500Z ##[group]Run npm run build
build	Verify the full live Explore client build separately	2026-10-04T17:49:39.3785847Z [36;1mnpm run build[0m
build	Verify the full live Explore client build separately	2026-10-04T17:49:39.3852160Z shell: /usr/bin/bash -e {0}
build	Verify the full live Explore client build separately	2026-10-04T17:49:39.3852422Z env:
build	Verify the full live Explore client build separately	2026-10-04T17:49:39.3852805Z   VITE_OI_SPACETIMEDB_URI: wss://maincloud.spacetimedb.com
build	Verify the full live Explore client build separately	2026-10-04T17:49:39.3853293Z   VITE_OI_SPACETIMEDB_DATABASE: epilogos-oi-shared-field
build	Verify the full live Explore client build separately	2026-10-04T17:49:39.3853822Z ##[endgroup]
build	Verify the full live Explore client build separately	2026-10-04T17:49:39.4972384Z 
build	Verify the full live Explore client build separately	2026-10-04T17:49:39.4973078Z > oi-site@0.1.0 build
build	Verify the full live Explore client build separately	2026-10-04T17:49:39.4974136Z > npm run build:library && npm run generate:spacetimedb && tsc -b && vite build
build	Verify the full live Explore client build separately	2026-10-04T17:49:39.4975196Z 
build	Verify the full live Explore client build separately	2026-10-04T17:49:39.6000325Z 
build	Verify the full live Explore client build separately	2026-10-04T17:49:39.6001091Z > oi-site@0.1.0 build:library
build	Verify the full live Explore client build separately	2026-10-04T17:49:39.6002827Z > node build-library.mjs && node build-publications.mjs && node build-essay-browser.mjs && node prepare-public-assets.mjs
build	Verify the full live Explore client build separately	2026-10-04T17:49:39.6003874Z 
build	Verify the full live Explore client build separately	2026-10-04T17:49:39.6924368Z Library: 10 native site editions, 55 exact Scenes; sha256:f68a9fe565705a2de1c83b4b40144649d7f1bcb3cb0c76cf225de95dc6aca3d4
build	Verify the full live Explore client build separately	2026-10-04T17:49:39.7571958Z Native Library: 0 public subjects; 0 revisioned publications. No live subscription.
build	Verify the full live Explore client build separately	2026-10-04T17:49:43.6026688Z Essay browser: 735 pages from 44e4da181e97 → public/essay-shell
build	Verify the full live Explore client build separately	2026-10-04T17:49:43.6030312Z {
build	Verify the full live Explore client build separately	2026-10-04T17:49:43.6030723Z   Rooms: 88,
build	Verify the full live Explore client build separately	2026-10-04T17:49:43.6031104Z   Symbolon: 14,
build	Verify the full live Explore client build separately	2026-10-04T17:49:43.6031515Z   Matheme: 86,
build	Verify the full live Explore client build separately	2026-10-04T17:49:43.6031857Z   Mytheme: 48,
build	Verify the full live Explore client build separately	2026-10-04T17:49:43.6032163Z   Episteme: 497,
build	Verify the full live Explore client build separately	2026-10-04T17:49:43.6032461Z   Manuscript: 1
build	Verify the full live Explore client build separately	2026-10-04T17:49:43.6032744Z }
build	Verify the full live Explore client build separately	2026-10-04T17:49:44.2462193Z Public assets: 14 declared edition files; approved editorial media. Development demo datasets excluded.
build	Verify the full live Explore client build separately	2026-10-04T17:49:44.3461120Z 
build	Verify the full live Explore client build separately	2026-10-04T17:49:44.3461743Z > oi-site@0.1.0 generate:spacetimedb
build	Verify the full live Explore client build separately	2026-10-04T17:49:44.3462864Z > spacetime generate --lang typescript --out-dir src/explore/spacetimedb-bindings --module-path ../shared-field/spacetimedb
build	Verify the full live Explore client build separately	2026-10-04T17:49:44.3463441Z 
build	Verify the full live Explore client build separately	2026-10-04T17:49:44.3548138Z Saving config to /home/runner/.config/spacetime/cli.toml.
build	Verify the full live Explore client build separately	2026-10-04T17:49:44.3552337Z Generating TypeScript module bindings for module ../shared-field/spacetimedb
build	Verify the full live Explore client build separately	2026-10-04T17:49:46.2504665Z Build finished successfully.
build	Verify the full live Explore client build separately	2026-10-04T17:49:46.3721423Z Skipping private tables during codegen: activity_liveness_backing, admission_decision, admitted_contribution_backing, contact, contact_policy, contact_rate, contribution_index_decision, contribution_index_policy, contribution_ingress_backing, contribution_ingress_rate, contribution_receipt, exchange_grant, exchange_request, exchange_use, explore_entry_backing, explore_relation_backing, field_authority, field_day_backing, field_day_revision, field_now_backing, field_now_revision, field_owner, field_presence_backing, field_presence_connection_backing, field_read_grant, participant_backing, projection_backing, shared_field_backing, shared_stage_backing, stage_follower, watch.
build	Verify the full live Explore client build separately	2026-10-04T17:49:46.3782742Z Writing file src/explore/spacetimedb-bindings/activity_liveness_table.ts
build	Verify the full live Explore client build separately	2026-10-04T17:49:46.3783855Z Writing file src/explore/spacetimedb-bindings/contribution_table.ts
build	Verify the full live Explore client build separately	2026-10-04T17:49:46.3785102Z Writing file src/explore/spacetimedb-bindings/explore_entry_table.ts
build	Verify the full live Explore client build separately	2026-10-04T17:49:46.3786174Z Writing file src/explore/spacetimedb-bindings/explore_relation_table.ts
build	Verify the full live Explore client build separately	2026-10-04T17:49:46.3787197Z Writing file src/explore/spacetimedb-bindings/field_day_table.ts
build	Verify the full live Explore client build separately	2026-10-04T17:49:46.3788168Z Writing file src/explore/spacetimedb-bindings/field_now_table.ts
build	Verify the full live Explore client build separately	2026-10-04T17:49:46.3789161Z Writing file src/explore/spacetimedb-bindings/field_presence_table.ts
build	Verify the full live Explore client build separately	2026-10-04T17:49:46.3790142Z Writing file src/explore/spacetimedb-bindings/my_contact_table.ts
build	Verify the full live Explore client build separately	2026-10-04T17:49:46.3791227Z Writing file src/explore/spacetimedb-bindings/my_contribution_receipt_table.ts
build	Verify the full live Explore client build separately	2026-10-04T17:49:46.3792363Z Writing file src/explore/spacetimedb-bindings/my_field_authority_table.ts
build	Verify the full live Explore client build separately	2026-10-04T17:49:46.3793408Z Writing file src/explore/spacetimedb-bindings/my_stage_follow_table.ts
build	Verify the full live Explore client build separately	2026-10-04T17:49:46.3794384Z Writing file src/explore/spacetimedb-bindings/my_watch_table.ts
build	Verify the full live Explore client build separately	2026-10-04T17:49:46.3796102Z Writing file src/explore/spacetimedb-bindings/owner_pending_contribution_table.ts
build	Verify the full live Explore client build separately	2026-10-04T17:49:46.3797331Z Writing file src/explore/spacetimedb-bindings/participant_table.ts
build	Verify the full live Explore client build separately	2026-10-04T17:49:46.3798306Z Writing file src/explore/spacetimedb-bindings/projection_table.ts
build	Verify the full live Explore client build separately	2026-10-04T17:49:46.3799503Z Writing file src/explore/spacetimedb-bindings/shared_field_table.ts
build	Verify the full live Explore client build separately	2026-10-04T17:49:46.3800454Z Writing file src/explore/spacetimedb-bindings/shared_stage_table.ts
build	Verify the full live Explore client build separately	2026-10-04T17:49:46.3801485Z Writing file src/explore/spacetimedb-bindings/admit_contribution_reducer.ts
build	Verify the full live Explore client build separately	2026-10-04T17:49:46.3802599Z Writing file src/explore/spacetimedb-bindings/advance_shared_stage_reducer.ts
build	Verify the full live Explore client build separately	2026-10-04T17:49:46.3803767Z Writing file src/explore/spacetimedb-bindings/clear_activity_liveness_reducer.ts
build	Verify the full live Explore client build separately	2026-10-04T17:49:46.3805218Z Writing file src/explore/spacetimedb-bindings/close_shared_stage_reducer.ts
build	Verify the full live Explore client build separately	2026-10-04T17:49:46.3806315Z Writing file src/explore/spacetimedb-bindings/complete_exchange_reducer.ts
build	Verify the full live Explore client build separately	2026-10-04T17:49:46.3807376Z Writing file src/explore/spacetimedb-bindings/consume_exchange_reducer.ts
build	Verify the full live Explore client build separately	2026-10-04T17:49:46.3808347Z Writing file src/explore/spacetimedb-bindings/enter_field_reducer.ts
build	Verify the full live Explore client build separately	2026-10-04T17:49:46.3809300Z Writing file src/explore/spacetimedb-bindings/follow_shared_stage_reducer.ts
build	Verify the full live Explore client build separately	2026-10-04T17:49:46.3810177Z Writing file src/explore/spacetimedb-bindings/grant_exchange_reducer.ts
build	Verify the full live Explore client build separately	2026-10-04T17:49:46.3811281Z Writing file src/explore/spacetimedb-bindings/grant_field_read_reducer.ts
build	Verify the full live Explore client build separately	2026-10-04T17:49:46.3812149Z Writing file src/explore/spacetimedb-bindings/grant_participant_authority_reducer.ts
build	Verify the full live Explore client build separately	2026-10-04T17:49:46.3812920Z Writing file src/explore/spacetimedb-bindings/ingest_authorized_exchange_contribution_reducer.ts
build	Verify the full live Explore client build separately	2026-10-04T17:49:46.3813854Z Writing file src/explore/spacetimedb-bindings/ingest_transported_contribution_reducer.ts
build	Verify the full live Explore client build separately	2026-10-04T17:49:46.3815129Z Writing file src/explore/spacetimedb-bindings/leave_field_reducer.ts
build	Verify the full live Explore client build separately	2026-10-04T17:49:46.3815853Z Writing file src/explore/spacetimedb-bindings/open_shared_stage_reducer.ts
build	Verify the full live Explore client build separately	2026-10-04T17:49:46.3816493Z Writing file src/explore/spacetimedb-bindings/put_activity_liveness_reducer.ts
build	Verify the full live Explore client build separately	2026-10-04T17:49:46.3817106Z Writing file src/explore/spacetimedb-bindings/put_explore_entry_reducer.ts
build	Verify the full live Explore client build separately	2026-10-04T17:49:46.3817714Z Writing file src/explore/spacetimedb-bindings/put_explore_relation_reducer.ts
build	Verify the full live Explore client build separately	2026-10-04T17:49:46.3818309Z Writing file src/explore/spacetimedb-bindings/put_field_day_reducer.ts
build	Verify the full live Explore client build separately	2026-10-04T17:49:46.3818856Z Writing file src/explore/spacetimedb-bindings/put_field_now_reducer.ts
build	Verify the full live Explore client build separately	2026-10-04T17:49:46.3819412Z Writing file src/explore/spacetimedb-bindings/put_participant_reducer.ts
build	Verify the full live Explore client build separately	2026-10-04T17:49:46.3819993Z Writing file src/explore/spacetimedb-bindings/put_projection_reducer.ts
build	Verify the full live Explore client build separately	2026-10-04T17:49:46.3820555Z Writing file src/explore/spacetimedb-bindings/put_shared_field_reducer.ts
build	Verify the full live Explore client build separately	2026-10-04T17:49:46.3821103Z Writing file src/explore/spacetimedb-bindings/put_watch_reducer.ts
build	Verify the full live Explore client build separately	2026-10-04T17:49:46.3821670Z Writing file src/explore/spacetimedb-bindings/reject_contribution_reducer.ts
build	Verify the full live Explore client build separately	2026-10-04T17:49:46.3822249Z Writing file src/explore/spacetimedb-bindings/request_contact_reducer.ts
build	Verify the full live Explore client build separately	2026-10-04T17:49:46.3822806Z Writing file src/explore/spacetimedb-bindings/request_exchange_reducer.ts
build	Verify the full live Explore client build separately	2026-10-04T17:49:46.3823373Z Writing file src/explore/spacetimedb-bindings/respond_contact_reducer.ts
build	Verify the full live Explore client build separately	2026-10-04T17:49:46.3823933Z Writing file src/explore/spacetimedb-bindings/revoke_exchange_reducer.ts
build	Verify the full live Explore client build separately	2026-10-04T17:49:46.3824489Z Writing file src/explore/spacetimedb-bindings/revoke_field_read_reducer.ts
build	Verify the full live Explore client build separately	2026-10-04T17:49:46.3825382Z Writing file src/explore/spacetimedb-bindings/revoke_participant_authority_reducer.ts
build	Verify the full live Explore client build separately	2026-10-04T17:49:46.3826058Z Writing file src/explore/spacetimedb-bindings/set_contact_policy_reducer.ts
build	Verify the full live Explore client build separately	2026-10-04T17:49:46.3826731Z Writing file src/explore/spacetimedb-bindings/set_contribution_index_eligibility_reducer.ts
build	Verify the full live Explore client build separately	2026-10-04T17:49:46.3827430Z Writing file src/explore/spacetimedb-bindings/submit_contribution_reducer.ts
build	Verify the full live Explore client build separately	2026-10-04T17:49:46.3828257Z Writing file src/explore/spacetimedb-bindings/unfollow_shared_stage_reducer.ts
build	Verify the full live Explore client build separately	2026-10-04T17:49:46.3828900Z Writing file src/explore/spacetimedb-bindings/withdraw_contribution_reducer.ts
build	Verify the full live Explore client build separately	2026-10-04T17:49:46.3829428Z Writing file src/explore/spacetimedb-bindings/index.ts
build	Verify the full live Explore client build separately	2026-10-04T17:49:46.3830041Z Creating directory src/explore/spacetimedb-bindings/types
build	Verify the full live Explore client build separately	2026-10-04T17:49:46.3830539Z Writing file src/explore/spacetimedb-bindings/types/reducers.ts
build	Verify the full live Explore client build separately	2026-10-04T17:49:46.3831017Z Creating directory src/explore/spacetimedb-bindings/types
build	Verify the full live Explore client build separately	2026-10-04T17:49:46.3831522Z Writing file src/explore/spacetimedb-bindings/types/procedures.ts
build	Verify the full live Explore client build separately	2026-10-04T17:49:46.3832288Z Writing file src/explore/spacetimedb-bindings/types.ts
build	Verify the full live Explore client build separately	2026-10-04T17:49:46.3832907Z Generate finished successfully.
build	Verify the full live Explore client build separately	2026-10-04T17:49:52.4434463Z [36mvite v5.4.21 [32mbuilding for production...[36m[39m
build	Verify the full live Explore client build separately	2026-10-04T17:49:52.5041113Z transforming...
build	Verify the full live Explore client build separately	2026-10-04T17:50:03.6166781Z [32m✓[39m 235 modules transformed.
build	Verify the full live Explore client build separately	2026-10-04T17:50:04.0517775Z rendering chunks...
build	Verify the full live Explore client build separately	2026-10-04T17:50:04.3058640Z computing gzip size...
build	Verify the full live Explore client build separately	2026-10-04T17:50:04.3332139Z [2mdist/[22m[32messay.html                                       [39m[1m[2m  0.62 kB[22m[1m[22m[2m │ gzip:   0.35 kB[22m
build	Verify the full live Explore client build separately	2026-10-04T17:50:04.3333933Z [2mdist/[22m[32mexplore.html                                     [39m[1m[2m  0.78 kB[22m[1m[22m[2m │ gzip:   0.42 kB[22m
build	Verify the full live Explore client build separately	2026-10-04T17:50:04.3335915Z [2mdist/[22m[32mlibrary.html                                     [39m[1m[2m  0.87 kB[22m[1m[22m[2m │ gzip:   0.44 kB[22m
build	Verify the full live Explore client build separately	2026-10-04T17:50:04.3337644Z [2mdist/[22m[32mbuild.html                                       [39m[1m[2m  1.00 kB[22m[1m[22m[2m │ gzip:   0.47 kB[22m
build	Verify the full live Explore client build separately	2026-10-04T17:50:04.3339346Z [2mdist/[22m[32mresearch.html                                    [39m[1m[2m  1.00 kB[22m[1m[22m[2m │ gzip:   0.47 kB[22m
build	Verify the full live Explore client build separately	2026-10-04T17:50:04.3341138Z [2mdist/[22m[32mproducts.html                                    [39m[1m[2m  1.02 kB[22m[1m[22m[2m │ gzip:   0.48 kB[22m
build	Verify the full live Explore client build separately	2026-10-04T17:50:04.3342824Z [2mdist/[22m[32moi.html                                          [39m[1m[2m  1.02 kB[22m[1m[22m[2m │ gzip:   0.48 kB[22m
build	Verify the full live Explore client build separately	2026-10-04T17:50:04.3344447Z [2mdist/[22m[32mindex.html                                       [39m[1m[2m  1.04 kB[22m[1m[22m[2m │ gzip:   0.53 kB[22m
build	Verify the full live Explore client build separately	2026-10-04T17:50:04.3346344Z [2mdist/[22m[32mshell.html                                       [39m[1m[2m  1.04 kB[22m[1m[22m[2m │ gzip:   0.53 kB[22m
build	Verify the full live Explore client build separately	2026-10-04T17:50:04.3348043Z [2mdist/[22m[32mshared-field.html                                [39m[1m[2m  1.04 kB[22m[1m[22m[2m │ gzip:   0.50 kB[22m
build	Verify the full live Explore client build separately	2026-10-04T17:50:04.3349812Z [2mdist/[22m[2massets/[22m[32mKaTeX_Size3-Regular-CTq5MqoE.woff         [39m[1m[2m  4.42 kB[22m[1m[22m
build	Verify the full live Explore client build separately	2026-10-04T17:50:04.3351577Z [2mdist/[22m[2massets/[22m[32mKaTeX_Size4-Regular-Dl5lxZxV.woff2        [39m[1m[2m  4.93 kB[22m[1m[22m
build	Verify the full live Explore client build separately	2026-10-04T17:50:04.3353331Z [2mdist/[22m[2massets/[22m[32mKaTeX_Size2-Regular-Dy4dx90m.woff2        [39m[1m[2m  5.21 kB[22m[1m[22m
build	Verify the full live Explore client build separately	2026-10-04T17:50:04.3355666Z [2mdist/[22m[2massets/[22m[32mKaTeX_Size1-Regular-mCD8mA8B.woff2        [39m[1m[2m  5.47 kB[22m[1m[22m
build	Verify the full live Explore client build separately	2026-10-04T17:50:04.3357326Z [2mdist/[22m[2massets/[22m[32mKaTeX_Size4-Regular-BF-4gkZK.woff         [39m[1m[2m  5.98 kB[22m[1m[22m
build	Verify the full live Explore client build separately	2026-10-04T17:50:04.3358850Z [2mdist/[22m[2massets/[22m[32mKaTeX_Size2-Regular-oD1tc_U0.woff         [39m[1m[2m  6.19 kB[22m[1m[22m
build	Verify the full live Explore client build separately	2026-10-04T17:50:04.3360393Z [2mdist/[22m[2massets/[22m[32mKaTeX_Size1-Regular-C195tn64.woff         [39m[1m[2m  6.50 kB[22m[1m[22m
build	Verify the full live Explore client build separately	2026-10-04T17:50:04.3362071Z [2mdist/[22m[2massets/[22m[32mKaTeX_Caligraphic-Regular-Di6jR-x-.woff2  [39m[1m[2m  6.91 kB[22m[1m[22m
build	Verify the full live Explore client build separately	2026-10-04T17:50:04.3363769Z [2mdist/[22m[2massets/[22m[32mKaTeX_Caligraphic-Bold-Dq_IR9rO.woff2     [39m[1m[2m  6.91 kB[22m[1m[22m
build	Verify the full live Explore client build separately	2026-10-04T17:50:04.3365546Z [2mdist/[22m[2massets/[22m[32mKaTeX_Size3-Regular-DgpXs0kz.ttf          [39m[1m[2m  7.59 kB[22m[1m[22m
build	Verify the full live Explore client build separately	2026-10-04T17:50:04.3367514Z [2mdist/[22m[2massets/[22m[32mKaTeX_Caligraphic-Regular-CTRA-rTL.woff   [39m[1m[2m  7.66 kB[22m[1m[22m
build	Verify the full live Explore client build separately	2026-10-04T17:50:04.3369255Z [2mdist/[22m[2massets/[22m[32mKaTeX_Caligraphic-Bold-BEiXGLvX.woff      [39m[1m[2m  7.72 kB[22m[1m[22m
build	Verify the full live Explore client build separately	2026-10-04T17:50:04.3371168Z [2mdist/[22m[2massets/[22m[32mKaTeX_Script-Regular-D3wIWfF6.woff2       [39m[1m[2m  9.64 kB[22m[1m[22m
build	Verify the full live Explore client build separately	2026-10-04T17:50:04.3372687Z [2mdist/[22m[2massets/[22m[32mKaTeX_SansSerif-Regular-DDBCnlJ7.woff2    [39m[1m[2m 10.34 kB[22m[1m[22m
build	Verify the full live Explore client build separately	2026-10-04T17:50:04.3374392Z [2mdist/[22m[2massets/[22m[32mKaTeX_Size4-Regular-DWFBv043.ttf          [39m[1m[2m 10.36 kB[22m[1m[22m
build	Verify the full live Explore client build separately	2026-10-04T17:50:04.3376406Z [2mdist/[22m[2massets/[22m[32mKaTeX_Script-Regular-D5yQViql.woff        [39m[1m[2m 10.59 kB[22m[1m[22m
build	Verify the full live Explore client build separately	2026-10-04T17:50:04.3378196Z [2mdist/[22m[2massets/[22m[32mKaTeX_Fraktur-Regular-CTYiF6lA.woff2      [39m[1m[2m 11.32 kB[22m[1m[22m
build	Verify the full live Explore client build separately	2026-10-04T17:50:04.3379943Z [2mdist/[22m[2massets/[22m[32mKaTeX_Fraktur-Bold-CL6g_b3V.woff2         [39m[1m[2m 11.35 kB[22m[1m[22m
build	Verify the full live Explore client build separately	2026-10-04T17:50:04.3381636Z [2mdist/[22m[2massets/[22m[32mKaTeX_Size2-Regular-B7gKUWhC.ttf          [39m[1m[2m 11.51 kB[22m[1m[22m
build	Verify the full live Explore client build separately	2026-10-04T17:50:04.3383375Z [2mdist/[22m[2massets/[22m[32mKaTeX_SansSerif-Italic-C3H0VqGB.woff2     [39m[1m[2m 12.03 kB[22m[1m[22m
build	Verify the full live Explore client build separately	2026-10-04T17:50:04.3412723Z [2mdist/[22m[2massets/[22m[32mKaTeX_SansSerif-Bold-D1sUS0GD.woff2       [39m[1m[2m 12.22 kB[22m[1m[22m
build	Verify the full live Explore client build separately	2026-10-04T17:50:04.3414567Z [2mdist/[22m[2massets/[22m[32mKaTeX_Size1-Regular-Dbsnue_I.ttf          [39m[1m[2m 12.23 kB[22m[1m[22m
build	Verify the full live Explore client build separately	2026-10-04T17:50:04.3416552Z [2mdist/[22m[2massets/[22m[32mKaTeX_SansSerif-Regular-CS6fqUqJ.woff     [39m[1m[2m 12.32 kB[22m[1m[22m
build	Verify the full live Explore client build separately	2026-10-04T17:50:04.3418303Z [2mdist/[22m[2massets/[22m[32mKaTeX_Caligraphic-Regular-wX97UBjC.ttf    [39m[1m[2m 12.34 kB[22m[1m[22m
build	Verify the full live Explore client build separately	2026-10-04T17:50:04.3420054Z [2mdist/[22m[2massets/[22m[32mKaTeX_Caligraphic-Bold-ATXxdsX0.ttf       [39m[1m[2m 12.37 kB[22m[1m[22m
build	Verify the full live Explore client build separately	2026-10-04T17:50:04.3421797Z [2mdist/[22m[2massets/[22m[32mKaTeX_Fraktur-Regular-Dxdc4cR9.woff       [39m[1m[2m 13.21 kB[22m[1m[22m
build	Verify the full live Explore client build separately	2026-10-04T17:50:04.3423535Z [2mdist/[22m[2massets/[22m[32mKaTeX_Fraktur-Bold-BsDP51OF.woff          [39m[1m[2m 13.30 kB[22m[1m[22m
build	Verify the full live Explore client build separately	2026-10-04T17:50:04.3425456Z [2mdist/[22m[2massets/[22m[32mKaTeX_Typewriter-Regular-CO6r4hn1.woff2   [39m[1m[2m 13.57 kB[22m[1m[22m
build	Verify the full live Explore client build separately	2026-10-04T17:50:04.3427237Z [2mdist/[22m[2massets/[22m[32mKaTeX_SansSerif-Italic-DN2j7dab.woff      [39m[1m[2m 14.11 kB[22m[1m[22m
build	Verify the full live Explore client build separately	2026-10-04T17:50:04.3428970Z [2mdist/[22m[2massets/[22m[32mKaTeX_SansSerif-Bold-DbIhKOiC.woff        [39m[1m[2m 14.41 kB[22m[1m[22m
build	Verify the full live Explore client build separately	2026-10-04T17:50:04.3430743Z [2mdist/[22m[2massets/[22m[32mKaTeX_Typewriter-Regular-C0xS9mPB.woff    [39m[1m[2m 16.03 kB[22m[1m[22m
build	Verify the full live Explore client build separately	2026-10-04T17:50:04.3432527Z [2mdist/[22m[2massets/[22m[32mKaTeX_Math-BoldItalic-CZnvNsCZ.woff2      [39m[1m[2m 16.40 kB[22m[1m[22m
build	Verify the full live Explore client build separately	2026-10-04T17:50:04.3434260Z [2mdist/[22m[2massets/[22m[32mKaTeX_Math-Italic-t53AETM-.woff2          [39m[1m[2m 16.44 kB[22m[1m[22m
build	Verify the full live Explore client build separately	2026-10-04T17:50:04.3436187Z [2mdist/[22m[2massets/[22m[32mKaTeX_Script-Regular-C5JkGWo-.ttf         [39m[1m[2m 16.65 kB[22m[1m[22m
build	Verify the full live Explore client build separately	2026-10-04T17:50:04.3438001Z [2mdist/[22m[2massets/[22m[32mKaTeX_Main-BoldItalic-DxDJ3AOS.woff2      [39m[1m[2m 16.78 kB[22m[1m[22m
build	Verify the full live Explore client build separately	2026-10-04T17:50:04.3439761Z [2mdist/[22m[2massets/[22m[32mKaTeX_Main-Italic-NWA7e6Wa.woff2          [39m[1m[2m 16.99 kB[22m[1m[22m
build	Verify the full live Explore client build separately	2026-10-04T17:50:04.3441620Z [2mdist/[22m[2massets/[22m[32mKaTeX_Math-BoldItalic-iY-2wyZ7.woff       [39m[1m[2m 18.67 kB[22m[1m[22m
build	Verify the full live Explore client build separately	2026-10-04T17:50:04.3443333Z [2mdist/[22m[2massets/[22m[32mKaTeX_Math-Italic-DA0__PXp.woff           [39m[1m[2m 18.75 kB[22m[1m[22m
build	Verify the full live Explore client build separately	2026-10-04T17:50:04.3445503Z [2mdist/[22m[2massets/[22m[32mKaTeX_Main-BoldItalic-SpSLRI95.woff       [39m[1m[2m 19.41 kB[22m[1m[22m
build	Verify the full live Explore client build separately	2026-10-04T17:50:04.3447295Z [2mdist/[22m[2massets/[22m[32mKaTeX_SansSerif-Regular-BNo7hRIc.ttf      [39m[1m[2m 19.44 kB[22m[1m[22m
build	Verify the full live Explore client build separately	2026-10-04T17:50:04.3449057Z [2mdist/[22m[2massets/[22m[32mKaTeX_Fraktur-Regular-CB_wures.ttf        [39m[1m[2m 19.57 kB[22m[1m[22m
build	Verify the full live Explore client build separately	2026-10-04T17:50:04.3451019Z [2mdist/[22m[2massets/[22m[32mKaTeX_Fraktur-Bold-BdnERNNW.ttf           [39m[1m[2m 19.58 kB[22m[1m[22m
build	Verify the full live Explore client build separately	2026-10-04T17:50:04.3452710Z [2mdist/[22m[2massets/[22m[32mKaTeX_Main-Italic-BMLOBm91.woff           [39m[1m[2m 19.68 kB[22m[1m[22m
build	Verify the full live Explore client build separately	2026-10-04T17:50:04.3454473Z [2mdist/[22m[2massets/[22m[32mKaTeX_SansSerif-Italic-YYjJ1zSn.ttf       [39m[1m[2m 22.36 kB[22m[1m[22m
build	Verify the full live Explore client build separately	2026-10-04T17:50:04.3456451Z [2mdist/[22m[2massets/[22m[32mKaTeX_SansSerif-Bold-CFMepnvq.ttf         [39m[1m[2m 24.50 kB[22m[1m[22m
build	Verify the full live Explore client build separately	2026-10-04T17:50:04.3458227Z [2mdist/[22m[2massets/[22m[32mKaTeX_Main-Bold-Cx986IdX.woff2            [39m[1m[2m 25.32 kB[22m[1m[22m
build	Verify the full live Explore client build separately	2026-10-04T17:50:04.3459976Z [2mdist/[22m[2massets/[22m[32mKaTeX_Main-Regular-B22Nviop.woff2         [39m[1m[2m 26.27 kB[22m[1m[22m
build	Verify the full live Explore client build separately	2026-10-04T17:50:04.3461733Z [2mdist/[22m[2massets/[22m[32mKaTeX_Typewriter-Regular-D3Ib7_Hf.ttf     [39m[1m[2m 27.56 kB[22m[1m[22m
build	Verify the full live Explore client build separately	2026-10-04T17:50:04.3463468Z [2mdist/[22m[2massets/[22m[32mKaTeX_AMS-Regular-BQhdFMY1.woff2          [39m[1m[2m 28.08 kB[22m[1m[22m
build	Verify the full live Explore client build separately	2026-10-04T17:50:04.3465368Z [2mdist/[22m[2massets/[22m[32mKaTeX_Main-Bold-Jm3AIy58.woff             [39m[1m[2m 29.91 kB[22m[1m[22m
build	Verify the full live Explore client build separately	2026-10-04T17:50:04.3467097Z [2mdist/[22m[2massets/[22m[32mKaTeX_Main-Regular-Dr94JaBh.woff          [39m[1m[2m 30.77 kB[22m[1m[22m
build	Verify the full live Explore client build separately	2026-10-04T17:50:04.3468800Z [2mdist/[22m[2massets/[22m[32mKaTeX_Math-BoldItalic-B3XSjfu4.ttf        [39m[1m[2m 31.20 kB[22m[1m[22m
build	Verify the full live Explore client build separately	2026-10-04T17:50:04.3470532Z [2mdist/[22m[2massets/[22m[32mKaTeX_Math-Italic-flOr_0UB.ttf            [39m[1m[2m 31.31 kB[22m[1m[22m
build	Verify the full live Explore client build separately	2026-10-04T17:50:04.3472233Z [2mdist/[22m[2massets/[22m[32mKaTeX_Main-BoldItalic-DzxPMmG6.ttf        [39m[1m[2m 32.97 kB[22m[1m[22m
build	Verify the full live Explore client build separately	2026-10-04T17:50:04.3473982Z [2mdist/[22m[2massets/[22m[32mKaTeX_AMS-Regular-DMm9YOAa.woff           [39m[1m[2m 33.52 kB[22m[1m[22m
build	Verify the full live Explore client build separately	2026-10-04T17:50:04.3475901Z [2mdist/[22m[2massets/[22m[32mKaTeX_Main-Italic-3WenGoN9.ttf            [39m[1m[2m 33.58 kB[22m[1m[22m
build	Verify the full live Explore client build separately	2026-10-04T17:50:04.3477648Z [2mdist/[22m[2massets/[22m[32mKaTeX_Main-Bold-waoOVXN0.ttf              [39m[1m[2m 51.34 kB[22m[1m[22m
build	Verify the full live Explore client build separately	2026-10-04T17:50:04.3479349Z [2mdist/[22m[2massets/[22m[32mKaTeX_Main-Regular-ypZvNtVU.ttf           [39m[1m[2m 53.58 kB[22m[1m[22m
build	Verify the full live Explore client build separately	2026-10-04T17:50:04.3481057Z [2mdist/[22m[2massets/[22m[32mKaTeX_AMS-Regular-DRggAlZN.ttf            [39m[1m[2m 63.63 kB[22m[1m[22m
build	Verify the full live Explore client build separately	2026-10-04T17:50:04.3482930Z [2mdist/[22m[2massets/[22m[35messay-Crg8sWGv.css                        [39m[1m[2m 35.21 kB[22m[1m[22m[2m │ gzip:   9.63 kB[22m
build	Verify the full live Explore client build separately	2026-10-04T17:50:04.3484758Z [2mdist/[22m[2massets/[22m[35mexplore-CTF1Rji6.css                      [39m[1m[2m 39.82 kB[22m[1m[22m[2m │ gzip:   7.66 kB[22m
build	Verify the full live Explore client build separately	2026-10-04T17:50:04.3486889Z [2mdist/[22m[2massets/[22m[35mmain-HiB4qHtd.css                         [39m[1m[2m 47.06 kB[22m[1m[22m[2m │ gzip:  10.08 kB[22m
build	Verify the full live Explore client build separately	2026-10-04T17:50:04.3488813Z [2mdist/[22m[2massets/[22m[36mmain-nkQtLIcl.js                          [39m[1m[2m  0.03 kB[22m[1m[22m[2m │ gzip:   0.05 kB[22m
build	Verify the full live Explore client build separately	2026-10-04T17:50:04.3490757Z [2mdist/[22m[2massets/[22m[36mShellMark-CmWDMGll.js                     [39m[1m[2m  0.83 kB[22m[1m[22m[2m │ gzip:   0.47 kB[22m
build	Verify the full live Explore client build separately	2026-10-04T17:50:04.3492719Z [2mdist/[22m[2massets/[22m[36mNativeStage-BkxLIs62.js                   [39m[1m[2m  5.88 kB[22m[1m[22m[2m │ gzip:   2.36 kB[22m
build	Verify the full live Explore client build separately	2026-10-04T17:50:04.3494723Z [2mdist/[22m[2massets/[22m[36mexplore-surface-dT9Z_PJx.js               [39m[1m[2m 31.20 kB[22m[1m[22m[2m │ gzip:   8.41 kB[22m
build	Verify the full live Explore client build separately	2026-10-04T17:50:04.3497176Z [2mdist/[22m[2massets/[22m[36mclient-DOmNpTln.js                        [39m[1m[2m142.54 kB[22m[1m[22m[2m │ gzip:  45.75 kB[22m
build	Verify the full live Explore client build separately	2026-10-04T17:50:04.3498255Z [33m
build	Verify the full live Explore client build separately	2026-10-04T17:50:04.3499023Z (!) Some chunks are larger than 500 kB after minification. Consider:
build	Verify the full live Explore client build separately	2026-10-04T17:50:04.3500102Z - Using dynamic import() to code-split the application
build	Verify the full live Explore client build separately	2026-10-04T17:50:04.3501630Z - Use build.rollupOptions.output.manualChunks to improve chunking: https://rollupjs.org/configuration-options/#output-manualchunks
build	Verify the full live Explore client build separately	2026-10-04T17:50:04.3503365Z - Adjust chunk size limit for this warning via build.chunkSizeWarningLimit.[39m
build	Verify the full live Explore client build separately	2026-10-04T17:50:04.3505248Z [2mdist/[22m[2massets/[22m[36mexplore-B--J1Wfn.js                       [39m[1m[2m215.53 kB[22m[1m[22m[2m │ gzip:  57.06 kB[22m
build	Verify the full live Explore client build separately	2026-10-04T17:50:04.3507181Z [2mdist/[22m[2massets/[22m[36messay-2NflANol.js                         [39m[1m[2m270.82 kB[22m[1m[22m[2m │ gzip:  82.05 kB[22m
build	Verify the full live Explore client build separately	2026-10-04T17:50:04.3509097Z [2mdist/[22m[2massets/[22m[36mmain-03Elguo2.js                          [39m[1m[2m343.33 kB[22m[1m[22m[2m │ gzip: 120.65 kB[22m
build	Verify the full live Explore client build separately	2026-10-04T17:50:04.3511018Z [2mdist/[22m[2massets/[22m[36mnative-player-Bzp2rdzb.js                 [39m[1m[33m840.07 kB[39m[22m[2m │ gzip: 226.38 kB[22m
build	Verify the full live Explore client build separately	2026-10-04T17:50:04.3512171Z [32m✓ built in 11.87s[39m
build	Assemble the curated authored Expression publication	﻿2026-10-04T17:50:04.4433204Z ##[group]Run node build-return-of-zero-publications.mjs
build	Assemble the curated authored Expression publication	2026-10-04T17:50:04.4433702Z [36;1mnode build-return-of-zero-publications.mjs[0m
build	Assemble the curated authored Expression publication	2026-10-04T17:50:04.4434088Z [36;1mnode public-excerpt-selection.native.mjs[0m
build	Assemble the curated authored Expression publication	2026-10-04T17:50:04.4435365Z [36;1mprintf 'OI_LIBRARY_PUBLICATIONS=%s\n' "$(node -e "const fs=require('fs');process.stdout.write(JSON.stringify(JSON.parse(fs.readFileSync('publications/return-of-zero-curated/inputs.json','utf8'))))")" >> "$GITHUB_ENV"[0m
build	Assemble the curated authored Expression publication	2026-10-04T17:50:04.4498595Z shell: /usr/bin/bash -e {0}
build	Assemble the curated authored Expression publication	2026-10-04T17:50:04.4498865Z env:
build	Assemble the curated authored Expression publication	2026-10-04T17:50:04.4499421Z   OI_PUBLICATION_ENVELOPE: /home/runner/work/O-I/O-I/desktop/cradle/expressions-app/collections/return-of-zero/PUBLICATION-CURATED.json
build	Assemble the curated authored Expression publication	2026-10-04T17:50:04.4500333Z   OI_PCD_S_PRODUCTS_ROOT: /home/runner/work/O-I/O-I/.publication-sources/Point-Cloud-Demo/production/s-products
build	Assemble the curated authored Expression publication	2026-10-04T17:50:04.4501043Z   OI_ESSAY_REPO: /home/runner/work/O-I/O-I/.publication-sources/Antykathera-Essay-Work
build	Assemble the curated authored Expression publication	2026-10-04T17:50:04.4501469Z ##[endgroup]
build	Assemble the curated authored Expression publication	2026-10-04T17:50:05.9503298Z Return-of-Zero publications: 136 producer documents from pinned sources at dbf3b17; 83 source bindings and 61 assets verified.
build	Assemble the curated authored Expression publication	2026-10-04T17:50:09.6741242Z {"passed":true,"standing":"Actual pinned native inputs, production producer and strict receiver; source evidence, not installed or human acceptance.","members":135,"changed_members":6,"records":[{"member":"sp-aikit-fd-docs-p1","source_digest":"aadcde39a06024e49d4d71e99a0576300b783c06ad0717ba8dc34f97396a78c6","public_digest":"557bbb6c4ecc095c771ac132e6c7675e529759ea62a73a137a5d3457e9d9d661","source_revision":"e875344c04c14228840665a91823edc42b078fb2","public_revision":"sha256:557bbb6c4ecc095c771ac132e6c7675e529759ea62a73a137a5d3457e9d9d661","selected_fields":1},{"member":"sp-aikit-fd-periphery","source_digest":"081e776c0126c002bd238d929746428363a009bb291980c8280efeb2a7d911b7","public_digest":"b6126314299dd6e5bb157e76648fb9be7804aadae2d7e677cd6f44a61ba9443a","source_revision":"e875344c04c14228840665a91823edc42b078fb2","public_revision":"sha256:b6126314299dd6e5bb157e76648fb9be7804aadae2d7e677cd6f44a61ba9443a","selected_fields":2},{"member":"sp-factory-fd-product-root","source_digest":"5e0f7c9c85acf1ffae8dd8c76d8528f2b7ec1aee29a01b30ae3b2093f28ce9e1","public_digest":"4603157bc853cec0fe78e5422cdff12e4b24d991c903b0dcfcb9d2a44657be09","source_revision":"e875344c04c14228840665a91823edc42b078fb2","public_revision":"sha256:4603157bc853cec0fe78e5422cdff12e4b24d991c903b0dcfcb9d2a44657be09","selected_fields":2},{"member":"sp-factory-fd-inkwell-claude-front","source_digest":"17f5778c830100d352393b509a4648b2c3edac62dcbce3c2b633a821c6dbbdc4","public_digest":"b08ee01888fa4458042d03fdc1e85972d32de7914a7eec4ef8dbb4314621a42f","source_revision":"e875344c04c14228840665a91823edc42b078fb2","public_revision":"sha256:b08ee01888fa4458042d03fdc1e85972d32de7914a7eec4ef8dbb4314621a42f","selected_fields":6},{"member":"sp-factory-fd-sites","source_digest":"a24026d07d5560566af7575b67b2f0be93c8c612b44b35c68fd6967f0991db40","public_digest":"43c4de7aae0ef388e1bf3f192219e785388a79175ea7be92d1aefc5a9b4df49a","source_revision":"e875344c04c14228840665a91823edc42b078fb2","public_revision":"sha256:43c4de7aae0ef388e1bf3f192219e785388a79175ea7be92d1aefc5a9b4df49a","selected_fields":2},{"member":"sp-ql-fd-craft","source_digest":"30d7f83f2b8c5a605522fa282983b30969186ddf82901d633b2ee1e0593c689b","public_digest":"d4b8098adabc7e604201269003c048c9e4e164cf0da1b1cea6c21238bc31139a","source_revision":"e875344c04c14228840665a91823edc42b078fb2","public_revision":"sha256:d4b8098adabc7e604201269003c048c9e4e164cf0da1b1cea6c21238bc31139a","selected_fields":2}]}
build	Build the admitted public reading edition for deployment	﻿2026-10-04T17:50:09.7301246Z ##[group]Run npm run build:public
build	Build the admitted public reading edition for deployment	2026-10-04T17:50:09.7301582Z [36;1mnpm run build:public[0m
build	Build the admitted public reading edition for deployment	2026-10-04T17:50:09.7364215Z shell: /usr/bin/bash -e {0}
build	Build the admitted public reading edition for deployment	2026-10-04T17:50:09.7364482Z env:
build	Build the admitted public reading edition for deployment	2026-10-04T17:50:09.7421068Z   OI_LIBRARY_PUBLICATIONS: ["/home/runner/work/O-I/O-I/site/publications/return-of-zero-curated/world-publication.json","/home/runner/work/O-I/O-I/site/publications/return-of-zero-curated/expression-roz-a-arguments.json","/home/runner/work/O-I/O-I/site/publications/return-of-zero-curated/expression-roz-a-prime-conjugates.json","/home/runner/work/O-I/O-I/site/publications/return-of-zero-curated/expression-roz-ac-root.json","/home/runner/work/O-I/O-I/site/publications/return-of-zero-curated/expression-roz-c-concepts-1.json","/home/runner/work/O-I/O-I/site/publications/return-of-zero-curated/expression-roz-c-concepts-2.json","/home/runner/work/O-I/O-I/site/publications/return-of-zero-curated/expression-roz-dossiers.json","/home/runner/work/O-I/O-I/site/publications/return-of-zero-curated/expression-roz-etymologies.json","/home/runner/work/O-I/O-I/site/publications/return-of-zero-curated/expression-roz-histories.json","/home/runner/work/O-I/O-I/site/publications/return-of-zero-curated/expression-roz-lenses-aphorism.json","/home/runner/work/O-I/O-I/site/publications/return-of-zero-curated/expression-roz-s-products.json","/home/runner/work/O-I/O-I/site/publications/return-of-zero-curated/expression-roz-matheme-computation.json","/home/runner/work/O-I/O-I/site/publications/return-of-zero-curated/expression-roz-matheme-formal-neighbours.json","/home/runner/work/O-I/O-I/site/publications/return-of-zero-curated/expression-roz-matheme-four-files.json","/home/runner/work/O-I/O-I/site/publications/return-of-zero-curated/expression-roz-matheme-logics.json","/home/runner/work/O-I/O-I/site/publications/return-of-zero-curated/expression-roz-matheme-ql-spanda.json","/home/runner/work/O-I/O-I/site/publications/return-of-zero-curated/expression-roz-matheme-topology-harmonics.json","/home/runner/work/O-I/O-I/site/publications/return-of-zero-curated/expression-roz-symbolon-spine.json","/home/runner/work/O-I/O-I/site/publications/return-of-zero-curated/expression-roz-symbolon-whole.json","/home/runner/work/O-I/O-I/site/publications/return-of-zero-curated/expression-roz-mytheme-antikythera-attunement.json","/home/runner/work/O-I/O-I/site/publications/return-of-zero-curated/expression-roz-mytheme-apollo-dionysus-daphne.json","/home/runner/work/O-I/O-I/site/publications/return-of-zero-curated/expression-roz-mytheme-apollo-eros-daphne-peneus.json","/home/runner/work/O-I/O-I/site/publications/return-of-zero-curated/expression-roz-mytheme-ares-aphrodite-hephaestus-poseidon.json","/home/runner/work/O-I/O-I/site/publications/return-of-zero-curated/expression-roz-mytheme-avatar-image-mask-idol.json","/home/runner/work/O-I/O-I/site/publications/return-of-zero-curated/expression-roz-mytheme-eros-psyche.json","/home/runner/work/O-I/O-I/site/publications/return-of-zero-curated/expression-roz-mytheme-goethe-permanence-change.json","/home/runner/work/O-I/O-I/site/publications/return-of-zero-curated/expression-roz-mytheme-indra-net.json","/home/runner/work/O-I/O-I/site/publications/return-of-zero-curated/expression-roz-mytheme-job.json","/home/runner/work/O-I/O-I/site/publications/return-of-zero-curated/expression-roz-mytheme-maya-eye-veil-frame-horizon.json","/home/runner/work/O-I/O-I/site/publications/return-of-zero-curated/expression-roz-mytheme-meal-epistemic-metabolism.json","/home/runner/work/O-I/O-I/site/publications/return-of-zero-curated/expression-roz-mytheme-mirror-that-moves-first.json","/home/runner/work/O-I/O-I/site/publications/return-of-zero-curated/expression-roz-mytheme-mother-assumption-chiasm.json","/home/runner/work/O-I/O-I/site/publications/return-of-zero-curated/expression-roz-mytheme-myth-attica-athena-poseidon-cecrops.json","/home/runner/work/O-I/O-I/site/publications/return-of-zero-curated/expression-roz-mytheme-myth-hypostasis-archons-norea-sophia.json","/home/runner/work/O-I/O-I/site/publications/return-of-zero-curated/expression-roz-mytheme-narrative-fanon-language-gaze-mask-recognition.json","/home/runner/work/O-I/O-I/site/publications/return-of-zero-curated/expression-roz-mytheme-narrative-jung-aion-fishes-christ-antichrist-alchemy.json","/home/runner/work/O-I/O-I/site/publications/return-of-zero-curated/expression-roz-mytheme-neumann-images.json","/home/runner/work/O-I/O-I/site/publications/return-of-zero-curated/expression-roz-mytheme-pauli-egg-dream.json","/home/runner/work/O-I/O-I/site/publications/return-of-zero-curated/expression-roz-mytheme-stained-glass-refraction.json","/home/runner/work/O-I/O-I/site/publications/return-of-zero-curated/expression-roz-mytheme-taylor-authored-images.json","/home/runner/work/O-I/O-I/site/publications/return-of-zero-curated/expression-roz-mytheme-the-prisoner.json","/home/runner/work/O-I/O-I/site/publications/return-of-zero-curated/expression-roz-mytheme-travelling-jigsaw-atlas.json","/home/runner/work/O-I/O-I/site/publications/return-of-zero-curated/expression-roz-mytheme-uroboros-trickster.json","/home/runner/work/O-I/O-I/site/publications/return-of-zero-curated/expression-roz-mytheme-valentinian-sophia-horos-achamoth.json","/home/runner/work/O-I/O-I/site/publications/return-of-zero-curated/expression-roz-essay-reading.json","/home/runner/work/O-I/O-I/site/publications/return-of-zero-curated/expression-roz-room-00-integral-threshold.json","/home/runner/work/O-I/O-I/site/publications/return-of-zero-curated/expression-roz-room-01-differentiating-mind.json","/home/runner/work/O-I/O-I/site/publications/return-of-zero-curated/expression-roz-room-02-return-of-zero.json","/home/runner/work/O-I/O-I/site/publications/return-of-zero-curated/expression-roz-room-03-two-logics.json","/home/runner/work/O-I/O-I/site/publications/return-of-zero-curated/expression-roz-room-04-mathematical-substrate.json","/home/runner/work/O-I/O-I/site/publications/return-of-zero-curated/expression-roz-room-05-psychoid-flowering.json","/home/runner/work/O-I/O-I/site/publications/return-of-zero-curated/expression-roz-room-06-objective-internality.json","/home/runner/work/O-I/O-I/site/publications/return-of-zero-curated/expression-roz-room-07-instrument-returns.json","/home/runner/work/O-I/O-I/site/publications/return-of-zero-curated/expression-sp-actuation-docs.json","/home/runner/work/O-I/O-I/site/publications/return-of-zero-curated/expression-sp-actuation-now-day-2026-09-11-1.json","/home/runner/work/O-I/O-I/site/publications/return-of-zero-curated/expression-sp-actuation-now-day-2026-09-11-2.json","/home/runner/work/O-I/O-I/site/publications/return-of-zero-curated/expression-sp-actuation-now-day-2026-09-12-1.json","/home/runner/work/O-I/O-I/site/publications/return-of-zero-curated/expression-sp-actuation-now-day-2026-09-12-2.json","/home/runner/work/O-I/O-I/site/publications/return-of-zero-curated/expression-sp-actuation-product.json","/home/runner/work/O-I/O-I/site/publications/return-of-zero-curated/expression-sp-actuation-projectcentral-governance.json","/home/runner/work/O-I/O-I/site/publications/return-of-zero-curated/expression-sp-actuation-ql-runtime-comparison.json","/home/runner/work/O-I/O-I/site/publications/return-of-zero-curated/expression-sp-actuation-ql-runtime-deep-prime.json","/home/runner/work/O-I/O-I/site/publications/return-of-zero-curated/expression-sp-actuation-ql-runtime-experiment-trees-1.json","/home/runner/work/O-I/O-I/site/publications/return-of-zero-curated/expression-sp-actuation-ql-runtime-experiment-trees-2.json","/home/runner/work/O-I/O-I/site/publications/return-of-zero-curated/expression-sp-actuation-ql-runtime-foundations.json","/home/runner/work/O-I/O-I/site/publications/return-of-zero-curated/expression-sp-actuation-ql-runtime-protocols.json","/home/runner/work/O-I/O-I/site/publications/return-of-zero-curated/expression-sp-actuation-ql-runtime-reviews-1.json","/home/runner/work/O-I/O-I/site/publications/return-of-zero-curated/expression-sp-actuation-ql-runtime-reviews-2.json","/home/runner/work/O-I/O-I/site/publications/return-of-zero-curated/expression-sp-actuation-rust-refoundation-1.json","/home/runner/work/O-I/O-I/site/publications/return-of-zero-curated/expression-sp-actuation-rust-refoundation-2.json","/home/runner/work/O-I/O-I/site/publications/return-of-zero-curated/expression-sp-actuation-skills.json","/home/runner/work/O-I/O-I/site/publications/return-of-zero-curated/expression-sp-actuation.json","/home/runner/work/O-I/O-I/site/publications/return-of-zero-curated/expression-sp-aikit-fd-adr-implementation.json","/home/runner/work/O-I/O-I/site/publications/return-of-zero-curated/expression-sp-aikit-fd-docs-p1.json","/home/runner/work/O-I/O-I/site/publications/return-of-zero-curated/expression-sp-aikit-fd-docs-p2.json","/home/runner/work/O-I/O-I/site/publications/return-of-zero-curated/expression-sp-aikit-fd-ground.json","/home/runner/work/O-I/O-I/site/publications/return-of-zero-curated/expression-sp-aikit-fd-periphery.json","/home/runner/work/O-I/O-I/site/publications/return-of-zero-curated/expression-sp-aikit-fd-plans.json","/home/runner/work/O-I/O-I/site/publications/return-of-zero-curated/expression-sp-aikit-fd-skills-p1.json","/home/runner/work/O-I/O-I/site/publications/return-of-zero-curated/expression-sp-aikit-fd-skills-p2.json","/home/runner/work/O-I/O-I/site/publications/return-of-zero-curated/expression-sp-aikit-fd-v2-p1.json","/home/runner/work/O-I/O-I/site/publications/return-of-zero-curated/expression-sp-aikit-fd-v2-p2.json","/home/runner/work/O-I/O-I/site/publications/return-of-zero-curated/expression-sp-aikit.json","/home/runner/work/O-I/O-I/site/publications/return-of-zero-curated/expression-sp-central-ctrl-defaults.json","/home/runner/work/O-I/O-I/site/publications/return-of-zero-curated/expression-sp-central-docs-connectors.json","/home/runner/work/O-I/O-I/site/publications/return-of-zero-curated/expression-sp-central-docs-governance.json","/home/runner/work/O-I/O-I/site/publications/return-of-zero-curated/expression-sp-central-docs-operations.json","/home/runner/work/O-I/O-I/site/publications/return-of-zero-curated/expression-sp-central-docs-vision.json","/home/runner/work/O-I/O-I/site/publications/return-of-zero-curated/expression-sp-central-projectcentral.json","/home/runner/work/O-I/O-I/site/publications/return-of-zero-curated/expression-sp-central-root-and-connectors.json","/home/runner/work/O-I/O-I/site/publications/return-of-zero-curated/expression-sp-central-skills.json","/home/runner/work/O-I/O-I/site/publications/return-of-zero-curated/expression-sp-central-surfaces.json","/home/runner/work/O-I/O-I/site/publications/return-of-zero-curated/expression-sp-central.json","/home/runner/work/O-I/O-I/site/publications/return-of-zero-curated/expression-sp-factory-fd-docs-canon-modules.json","/home/runner/work/O-I/O-I/site/publications/return-of-zero-curated/expression-sp-factory-fd-docs-canon.json","/home/runner/work/O-I/O-I/site/publications/return-of-zero-curated/expression-sp-factory-fd-docs-program-research.json","/home/runner/work/O-I/O-I/site/publications/return-of-zero-curated/expression-sp-factory-fd-inkwell-claude-front.json","/home/runner/work/O-I/O-I/site/publications/return-of-zero-curated/expression-sp-factory-fd-inkwell-orchestrator.json","/home/runner/work/O-I/O-I/site/publications/return-of-zero-curated/expression-sp-factory-fd-inkwell-overview-appdocs.json","/home/runner/work/O-I/O-I/site/publications/return-of-zero-curated/expression-sp-factory-fd-inkwell-prompts.json","/home/runner/work/O-I/O-I/site/publications/return-of-zero-curated/expression-sp-factory-fd-inkwell-specs.json","/home/runner/work/O-I/O-I/site/publications/return-of-zero-curated/expression-sp-factory-fd-inkwell-sssf-1.json","/home/runner/work/O-I/O-I/site/publications/return-of-zero-curated/expression-sp-factory-fd-inkwell-sssf-2.json","/home/runner/work/O-I/O-I/site/publications/return-of-zero-curated/expression-sp-factory-fd-inkwell-templates-adws.json","/home/runner/work/O-I/O-I/site/publications/return-of-zero-curated/expression-sp-factory-fd-product-root.json","/home/runner/work/O-I/O-I/site/publications/return-of-zero-curated/expression-sp-factory-fd-ql-core.json","/home/runner/work/O-I/O-I/site/publications/return-of-zero-curated/expression-sp-factory-fd-ql-experiments.json","/home/runner/work/O-I/O-I/site/publications/return-of-zero-curated/expression-sp-factory-fd-seed-docs.json","/home/runner/work/O-I/O-I/site/publications/return-of-zero-curated/expression-sp-factory-fd-sites.json","/home/runner/work/O-I/O-I/site/publications/return-of-zero-curated/expression-sp-factory-fd-skills.json","/home/runner/work/O-I/O-I/site/publications/return-of-zero-curated/expression-sp-factory-fd-sssf-1.json","/home/runner/work/O-I/O-I/site/publications/return-of-zero-curated/expression-sp-factory-fd-sssf-2.json","/home/runner/work/O-I/O-I/site/publications/return-of-zero-curated/expression-sp-factory.json","/home/runner/work/O-I/O-I/site/publications/return-of-zero-curated/expression-sp-ql.json","/home/runner/work/O-I/O-I/site/publications/return-of-zero-curated/expression-sp-ql-fd-craft.json","/home/runner/work/O-I/O-I/site/publications/return-of-zero-curated/expression-sp-ql-fd-docs-p1.json","/home/runner/work/O-I/O-I/site/publications/return-of-zero-curated/expression-sp-ql-fd-docs-p2.json","/home/runner/work/O-I/O-I/site/publications/return-of-zero-curated/expression-sp-ql-fd-epi-logos-p1.json","/home/runner/work/O-I/O-I/site/publications/return-of-zero-curated/expression-sp-ql-fd-epi-logos-p2.json","/home/runner/work/O-I/O-I/site/publications/return-of-zero-curated/expression-sp-ql-fd-epi-logos-p3.json","/home/runner/work/O-I/O-I/site/publications/return-of-zero-curated/expression-sp-ql-fd-epi-logos-p4.json","/home/runner/work/O-I/O-I/site/publications/return-of-zero-curated/expression-sp-ql-fd-fixtures.json","/home/runner/work/O-I/O-I/site/publications/return-of-zero-curated/expression-sp-ql-fd-geometry.json","/home/runner/work/O-I/O-I/site/publications/return-of-zero-curated/expression-sp-ql-fd-ground.json","/home/runner/work/O-I/O-I/site/publications/return-of-zero-curated/expression-sp-ql-fd-kernel-rebuild-p1.json","/home/runner/work/O-I/O-I/site/publications/return-of-zero-curated/expression-sp-ql-fd-kernel-rebuild-p2.json","/home/runner/work/O-I/O-I/site/publications/return-of-zero-curated/expression-sp-ql-fd-kernel-rebuild-p3.json","/home/runner/work/O-I/O-I/site/publications/return-of-zero-curated/expression-sp-ql-fd-periphery.json","/home/runner/work/O-I/O-I/site/publications/return-of-zero-curated/expression-sp-ql-fd-skills.json","/home/runner/work/O-I/O-I/site/publications/return-of-zero-curated/expression-sp-workcell-docs-connectivity.json","/home/runner/work/O-I/O-I/site/publications/return-of-zero-curated/expression-sp-workcell-docs-operations.json","/home/runner/work/O-I/O-I/site/publications/return-of-zero-curated/expression-sp-workcell-docs-platform.json","/home/runner/work/O-I/O-I/site/publications/return-of-zero-curated/expression-sp-workcell-docs-sources.json","/home/runner/work/O-I/O-I/site/publications/return-of-zero-curated/expression-sp-workcell-projectcentral.json","/home/runner/work/O-I/O-I/site/publications/return-of-zero-curated/expression-sp-workcell-sdk-and-skills.json","/home/runner/work/O-I/O-I/site/publications/return-of-zero-curated/expression-sp-workcell.json"]
build	Build the admitted public reading edition for deployment	2026-10-04T17:50:09.7478448Z   OI_ESSAY_BROWSER_REPO: /home/runner/work/O-I/O-I/.publication-sources/essay-reading/published-reading/2026-10-04
build	Build the admitted public reading edition for deployment	2026-10-04T17:50:09.7479122Z ##[endgroup]
build	Build the admitted public reading edition for deployment	2026-10-04T17:50:09.8469752Z 
build	Build the admitted public reading edition for deployment	2026-10-04T17:50:09.8470342Z > oi-site@0.1.0 build:public
build	Build the admitted public reading edition for deployment	2026-10-04T17:50:09.8471508Z > npm run build:library && npm run build:essay-quartz && tsc -p tsconfig.public.json && vite build --config vite.public.config.ts && node write-vercel-deploy-config.mjs
build	Build the admitted public reading edition for deployment	2026-10-04T17:50:09.8472272Z 
build	Build the admitted public reading edition for deployment	2026-10-04T17:50:09.9438022Z 
build	Build the admitted public reading edition for deployment	2026-10-04T17:50:09.9438667Z > oi-site@0.1.0 build:library
build	Build the admitted public reading edition for deployment	2026-10-04T17:50:09.9439485Z > node build-library.mjs && node build-publications.mjs && node build-essay-browser.mjs && node prepare-public-assets.mjs
build	Build the admitted public reading edition for deployment	2026-10-04T17:50:09.9439980Z 
build	Build the admitted public reading edition for deployment	2026-10-04T17:50:10.0285973Z Library: 10 native site editions, 55 exact Scenes; sha256:f68a9fe565705a2de1c83b4b40144649d7f1bcb3cb0c76cf225de95dc6aca3d4
build	Build the admitted public reading edition for deployment	2026-10-04T17:50:12.3962302Z Native Library: 271 public subjects; 136 revisioned publications. No live subscription.
build	Build the admitted public reading edition for deployment	2026-10-04T17:50:15.2100514Z Essay browser: 874 pages from b2b5b7061058 → public/essay-shell
build	Build the admitted public reading edition for deployment	2026-10-04T17:50:15.2103121Z {
build	Build the admitted public reading edition for deployment	2026-10-04T17:50:15.2103500Z   Rooms: 239,
build	Build the admitted public reading edition for deployment	2026-10-04T17:50:15.2103840Z   Symbolon: 14,
build	Build the admitted public reading edition for deployment	2026-10-04T17:50:15.2104194Z   Matheme: 93,
build	Build the admitted public reading edition for deployment	2026-10-04T17:50:15.2104532Z   Mytheme: 148,
build	Build the admitted public reading edition for deployment	2026-10-04T17:50:15.2104834Z   Episteme: 378,
build	Build the admitted public reading edition for deployment	2026-10-04T17:50:15.2105519Z   Manuscript: 1
build	Build the admitted public reading edition for deployment	2026-10-04T17:50:15.2105866Z }
build	Build the admitted public reading edition for deployment	2026-10-04T17:50:16.6088947Z Public assets: 557 declared edition files; approved editorial media. Development demo datasets excluded.
build	Build the admitted public reading edition for deployment	2026-10-04T17:50:16.7153922Z 
build	Build the admitted public reading edition for deployment	2026-10-04T17:50:16.7154682Z > oi-site@0.1.0 build:essay-quartz
build	Build the admitted public reading edition for deployment	2026-10-04T17:50:16.7155452Z > node build-essay-quartz.mjs
build	Build the admitted public reading edition for deployment	2026-10-04T17:50:16.7155679Z 
build	Build the admitted public reading edition for deployment	2026-10-04T17:50:51.5739247Z 
build	Build the admitted public reading edition for deployment	2026-10-04T17:50:51.5739784Z  Quartz v4.5.2  
build	Build the admitted public reading edition for deployment	2026-10-04T17:50:51.5752685Z 
build	Build the admitted public reading edition for deployment	2026-10-04T17:50:51.5753326Z Cleaned output directory `/home/runner/work/O-I/O-I/site/.public-edition/essay` in 6ms
build	Build the admitted public reading edition for deployment	2026-10-04T17:50:51.5754274Z Found 874 input files from `content` in 58ms
build	Build the admitted public reading edition for deployment	2026-10-04T17:50:51.5754872Z Parsing input files using 4 threads
build	Build the admitted public reading edition for deployment	2026-10-04T17:50:51.5755407Z 
build	Build the admitted public reading edition for deployment	2026-10-04T17:50:51.5756851Z Warning: content/symbolon/episteme/etymologies/apportionment-and-economy/HISTORICAL-BRANCHES-apportionment-and-economy.md isn't yet tracked by git, dates will be inaccurate
build	Build the admitted public reading edition for deployment	2026-10-04T17:50:51.5758120Z 
build	Build the admitted public reading edition for deployment	2026-10-04T17:50:51.5759452Z Warning: content/symbolon/episteme/etymologies/apportionment-and-economy/HISTORY-apportionment-and-economy.md isn't yet tracked by git, dates will be inaccurate
build	Build the admitted public reading edition for deployment	2026-10-04T17:50:51.5760578Z 
build	Build the admitted public reading edition for deployment	2026-10-04T17:50:51.5761885Z Warning: content/symbolon/episteme/etymologies/apportionment-and-economy/WHOLE-FIELD-apportionment-and-economy.md isn't yet tracked by git, dates will be inaccurate
build	Build the admitted public reading edition for deployment	2026-10-04T17:50:51.5763019Z 
build	Build the admitted public reading edition for deployment	2026-10-04T17:50:51.5763845Z Warning: content/section-rooms/arguments/concepts/agentworld.md isn't yet tracked by git, dates will be inaccurate
build	Build the admitted public reading edition for deployment	2026-10-04T17:50:51.5764645Z 
build	Build the admitted public reading edition for deployment	2026-10-04T17:50:51.5766432Z Warning: content/symbolon/episteme/etymologies/arbitration-hybris-regard-anamnesis/HISTORICAL-BRANCHES-arbitration-hybris-regard-anamnesis.md isn't yet tracked by git, dates will be inaccurate
build	Build the admitted public reading edition for deployment	2026-10-04T17:50:51.5767845Z 
build	Build the admitted public reading edition for deployment	2026-10-04T17:50:51.5768851Z Warning: content/section-rooms/arguments/concepts/anthropomorphization.md isn't yet tracked by git, dates will be inaccurate
build	Build the admitted public reading edition for deployment	2026-10-04T17:50:51.5769738Z 
build	Build the admitted public reading edition for deployment	2026-10-04T17:50:51.5770519Z Warning: content/section-rooms/arguments/concepts/apoha.md isn't yet tracked by git, dates will be inaccurate
build	Build the admitted public reading edition for deployment	2026-10-04T17:50:51.5771257Z 
build	Build the admitted public reading edition for deployment	2026-10-04T17:50:51.5772233Z (node:3935) [DEP0040] DeprecationWarning: The `punycode` module is deprecated. Please use a userland alternative instead.
build	Build the admitted public reading edition for deployment	2026-10-04T17:50:51.5773541Z (Use `node --trace-deprecation ...` to show where the warning was created)
build	Build the admitted public reading edition for deployment	2026-10-04T17:50:51.5775601Z (node:3935) [DEP0040] DeprecationWarning: The `punycode` module is deprecated. Please use a userland alternative instead.
build	Build the admitted public reading edition for deployment	2026-10-04T17:50:51.5776704Z (Use `node --trace-deprecation ...` to show where the warning was created)
build	Build the admitted public reading edition for deployment	2026-10-04T17:50:51.5777498Z (node:3935) [DEP0040] DeprecationWarning: The `punycode` module is deprecated. Please use a userland alternative instead.
build	Build the admitted public reading edition for deployment	2026-10-04T17:50:51.5778560Z (Use `node --trace-deprecation ...` to show where the warning was created)
build	Build the admitted public reading edition for deployment	2026-10-04T17:50:51.5779414Z (node:3935) [DEP0040] DeprecationWarning: The `punycode` module is deprecated. Please use a userland alternative instead.
build	Build the admitted public reading edition for deployment	2026-10-04T17:50:51.5780186Z (Use `node --trace-deprecation ...` to show where the warning was created)
build	Build the admitted public reading edition for deployment	2026-10-04T17:50:51.5781004Z (node:3935) [DEP0040] DeprecationWarning: The `punycode` module is deprecated. Please use a userland alternative instead.
build	Build the admitted public reading edition for deployment	2026-10-04T17:50:51.5781786Z (Use `node --trace-deprecation ...` to show where the warning was created)
build	Build the admitted public reading edition for deployment	2026-10-04T17:50:51.5782889Z LaTeX-incompatible input and strict mode is set to 'warn': Unrecognized Unicode character "−" (8722) [unknownSymbol]
build	Build the admitted public reading edition for deployment	2026-10-04T17:50:51.5784125Z LaTeX-incompatible input and strict mode is set to 'warn': Unrecognized Unicode character "Ø" (216) [unknownSymbol]
build	Build the admitted public reading edition for deployment	2026-10-04T17:50:51.5785766Z LaTeX-incompatible input and strict mode is set to 'warn': Unrecognized Unicode character "Ø" (216) [unknownSymbol]
build	Build the admitted public reading edition for deployment	2026-10-04T17:50:51.5787227Z LaTeX-incompatible input and strict mode is set to 'warn': Unrecognized Unicode character "Ø" (216) [unknownSymbol]
build	Build the admitted public reading edition for deployment	2026-10-04T17:50:51.5788284Z LaTeX-incompatible input and strict mode is set to 'warn': Unrecognized Unicode character "Ø" (216) [unknownSymbol]
build	Build the admitted public reading edition for deployment	2026-10-04T17:50:51.5789277Z LaTeX-incompatible input and strict mode is set to 'warn': Unrecognized Unicode character "Ø" (216) [unknownSymbol]
build	Build the admitted public reading edition for deployment	2026-10-04T17:50:51.5790683Z LaTeX-incompatible input and strict mode is set to 'warn': Unrecognized Unicode character "Ø" (216) [unknownSymbol]
build	Build the admitted public reading edition for deployment	2026-10-04T17:50:51.5792171Z LaTeX-incompatible input and strict mode is set to 'warn': Unrecognized Unicode character "Ø" (216) [unknownSymbol]
build	Build the admitted public reading edition for deployment	2026-10-04T17:50:51.5793157Z LaTeX-incompatible input and strict mode is set to 'warn': Unrecognized Unicode character "Ø" (216) [unknownSymbol]
build	Build the admitted public reading edition for deployment	2026-10-04T17:50:51.5794099Z LaTeX-incompatible input and strict mode is set to 'warn': Unrecognized Unicode character "Ø" (216) [unknownSymbol]
build	Build the admitted public reading edition for deployment	2026-10-04T17:50:51.5795328Z LaTeX-incompatible input and strict mode is set to 'warn': Unrecognized Unicode character "Ø" (216) [unknownSymbol]
build	Build the admitted public reading edition for deployment	2026-10-04T17:50:51.5796290Z LaTeX-incompatible input and strict mode is set to 'warn': Unrecognized Unicode character "Ø" (216) [unknownSymbol]
build	Build the admitted public reading edition for deployment	2026-10-04T17:50:51.5797533Z LaTeX-incompatible input and strict mode is set to 'warn': Unrecognized Unicode character "Ø" (216) [unknownSymbol]
build	Build the admitted public reading edition for deployment	2026-10-04T17:50:51.5798472Z LaTeX-incompatible input and strict mode is set to 'warn': Unrecognized Unicode character "Ø" (216) [unknownSymbol]
build	Build the admitted public reading edition for deployment	2026-10-04T17:50:51.5799843Z LaTeX-incompatible input and strict mode is set to 'warn': Unrecognized Unicode character "Ø" (216) [unknownSymbol]
build	Build the admitted public reading edition for deployment	2026-10-04T17:50:51.5800891Z LaTeX-incompatible input and strict mode is set to 'warn': Unrecognized Unicode character "Ø" (216) [unknownSymbol]
build	Build the admitted public reading edition for deployment	2026-10-04T17:50:51.5801829Z LaTeX-incompatible input and strict mode is set to 'warn': Unrecognized Unicode character "Ø" (216) [unknownSymbol]
build	Build the admitted public reading edition for deployment	2026-10-04T17:50:51.5802760Z LaTeX-incompatible input and strict mode is set to 'warn': Unrecognized Unicode character "Ø" (216) [unknownSymbol]
build	Build the admitted public reading edition for deployment	2026-10-04T17:50:51.5803681Z LaTeX-incompatible input and strict mode is set to 'warn': Unrecognized Unicode character "Ø" (216) [unknownSymbol]
build	Build the admitted public reading edition for deployment	2026-10-04T17:50:51.5804612Z LaTeX-incompatible input and strict mode is set to 'warn': Unrecognized Unicode character "−" (8722) [unknownSymbol]
build	Build the admitted public reading edition for deployment	2026-10-04T17:50:51.5805862Z LaTeX-incompatible input and strict mode is set to 'warn': Unrecognized Unicode character "−" (8722) [unknownSymbol]
build	Build the admitted public reading edition for deployment	2026-10-04T17:50:51.5806824Z LaTeX-incompatible input and strict mode is set to 'warn': Unrecognized Unicode character "Ø" (216) [unknownSymbol]
build	Build the admitted public reading edition for deployment	2026-10-04T17:50:51.5807765Z LaTeX-incompatible input and strict mode is set to 'warn': Unrecognized Unicode character "Ø" (216) [unknownSymbol]
build	Build the admitted public reading edition for deployment	2026-10-04T17:50:51.5808694Z LaTeX-incompatible input and strict mode is set to 'warn': Unrecognized Unicode character "Ø" (216) [unknownSymbol]
build	Build the admitted public reading edition for deployment	2026-10-04T17:50:51.5809901Z LaTeX-incompatible input and strict mode is set to 'warn': Unrecognized Unicode character "Ø" (216) [unknownSymbol]
build	Build the admitted public reading edition for deployment	2026-10-04T17:50:51.5810840Z LaTeX-incompatible input and strict mode is set to 'warn': Unrecognized Unicode character "Ø" (216) [unknownSymbol]
build	Build the admitted public reading edition for deployment	2026-10-04T17:50:51.5811769Z LaTeX-incompatible input and strict mode is set to 'warn': Unrecognized Unicode character "Ø" (216) [unknownSymbol]
build	Build the admitted public reading edition for deployment	2026-10-04T17:50:51.5812695Z LaTeX-incompatible input and strict mode is set to 'warn': Unrecognized Unicode character "Ø" (216) [unknownSymbol]
build	Build the admitted public reading edition for deployment	2026-10-04T17:50:51.5813618Z LaTeX-incompatible input and strict mode is set to 'warn': Unrecognized Unicode character "Ø" (216) [unknownSymbol]
build	Build the admitted public reading edition for deployment	2026-10-04T17:50:51.5814669Z LaTeX-incompatible input and strict mode is set to 'warn': Unrecognized Unicode character "Ø" (216) [unknownSymbol]
build	Build the admitted public reading edition for deployment	2026-10-04T17:50:51.5815979Z LaTeX-incompatible input and strict mode is set to 'warn': Unrecognized Unicode character "Ø" (216) [unknownSymbol]
build	Build the admitted public reading edition for deployment	2026-10-04T17:50:51.5816928Z LaTeX-incompatible input and strict mode is set to 'warn': Unrecognized Unicode character "Ø" (216) [unknownSymbol]
build	Build the admitted public reading edition for deployment	2026-10-04T17:50:51.5817855Z LaTeX-incompatible input and strict mode is set to 'warn': Unrecognized Unicode character "Ø" (216) [unknownSymbol]
build	Build the admitted public reading edition for deployment	2026-10-04T17:50:51.5818817Z LaTeX-incompatible input and strict mode is set to 'warn': Unrecognized Unicode character "Ø" (216) [unknownSymbol]
build	Build the admitted public reading edition for deployment	2026-10-04T17:50:51.5819745Z LaTeX-incompatible input and strict mode is set to 'warn': Unrecognized Unicode character "Ø" (216) [unknownSymbol]
build	Build the admitted public reading edition for deployment	2026-10-04T17:50:51.5820972Z Warning: content/symbolon/episteme/etymologies/arbitration-hybris-regard-anamnesis/HISTORY-arbitration-hybris-regard-anamnesis.md isn't yet tracked by git, dates will be inaccurate
build	Build the admitted public reading edition for deployment	2026-10-04T17:50:51.5821703Z 
build	Build the admitted public reading edition for deployment	2026-10-04T17:50:51.5822211Z Warning: content/section-rooms/arguments/concepts/bimba-pratibimba.md isn't yet tracked by git, dates will be inaccurate
build	Build the admitted public reading edition for deployment	2026-10-04T17:50:51.5822684Z 
build	Build the admitted public reading edition for deployment	2026-10-04T17:50:51.5823186Z Warning: content/section-rooms/arguments/concepts/centaur-societies.md isn't yet tracked by git, dates will be inaccurate
build	Build the admitted public reading edition for deployment	2026-10-04T17:50:51.5823687Z 
build	Build the admitted public reading edition for deployment	2026-10-04T17:50:51.5824308Z Warning: content/section-rooms/arguments/concepts/compassion-as-sensitivity-to-origins.md isn't yet tracked by git, dates will be inaccurate
build	Build the admitted public reading edition for deployment	2026-10-04T17:50:51.5825236Z 
build	Build the admitted public reading edition for deployment	2026-10-04T17:50:51.5825785Z Warning: content/section-rooms/arguments/concepts/counterfeit-gathering.md isn't yet tracked by git, dates will be inaccurate
build	Build the admitted public reading edition for deployment	2026-10-04T17:50:51.5826311Z 
build	Build the admitted public reading edition for deployment	2026-10-04T17:50:51.5826785Z Warning: content/section-rooms/arguments/concepts/diaphaneity.md isn't yet tracked by git, dates will be inaccurate
build	Build the admitted public reading edition for deployment	2026-10-04T17:50:51.5827242Z 
build	Build the admitted public reading edition for deployment	2026-10-04T17:50:51.5828069Z Warning: content/symbolon/episteme/etymologies/arbitration-hybris-regard-anamnesis/WHOLE-FIELD-arbitration-hybris-regard-anamnesis.md isn't yet tracked by git, dates will be inaccurate
build	Build the admitted public reading edition for deployment	2026-10-04T17:50:51.5828818Z 
build	Build the admitted public reading edition for deployment	2026-10-04T17:50:51.5829454Z Warning: content/section-rooms/arguments/concepts/dimensional-reframing-at-zero-and-infinity.md isn't yet tracked by git, dates will be inaccurate
build	Build the admitted public reading edition for deployment	2026-10-04T17:50:51.5830050Z 
build	Build the admitted public reading edition for deployment	2026-10-04T17:50:51.5830568Z Warning: content/section-rooms/arguments/concepts/fusion-as-syns-shadow.md isn't yet tracked by git, dates will be inaccurate
build	Build the admitted public reading edition for deployment	2026-10-04T17:50:51.5831062Z 
build	Build the admitted public reading edition for deployment	2026-10-04T17:50:51.5831509Z Warning: content/section-rooms/arguments/concepts/index.md isn't yet tracked by git, dates will be inaccurate
build	Build the admitted public reading edition for deployment	2026-10-04T17:50:51.5831948Z 
build	Build the admitted public reading edition for deployment	2026-10-04T17:50:51.5832576Z Warning: content/symbolon/episteme/etymologies/earth-taste-wisdom/HISTORY-earth-taste-wisdom.md isn't yet tracked by git, dates will be inaccurate
build	Build the admitted public reading edition for deployment	2026-10-04T17:50:51.5833141Z 
build	Build the admitted public reading edition for deployment	2026-10-04T17:50:51.5833921Z Warning: content/symbolon/episteme/etymologies/encounter-region-name-count/HISTORICAL-BRANCHES-encounter-region-name-count.md isn't yet tracked by git, dates will be inaccurate
build	Build the admitted public reading edition for deployment	2026-10-04T17:50:51.5834634Z 
build	Build the admitted public reading edition for deployment	2026-10-04T17:50:51.5835549Z Warning: content/section-rooms/arguments/concepts/mathematical-artistic-image-register.md isn't yet tracked by git, dates will be inaccurate
build	Build the admitted public reading edition for deployment	2026-10-04T17:50:51.5836298Z 
build	Build the admitted public reading edition for deployment	2026-10-04T17:50:51.5837031Z Warning: content/symbolon/episteme/etymologies/encounter-region-name-count/HISTORY-encounter-region-name-count.md isn't yet tracked by git, dates will be inaccurate
build	Build the admitted public reading edition for deployment	2026-10-04T17:50:51.5837679Z 
build	Build the admitted public reading edition for deployment	2026-10-04T17:50:51.5838153Z Warning: content/section-rooms/arguments/concepts/parasociety.md isn't yet tracked by git, dates will be inaccurate
build	Build the admitted public reading edition for deployment	2026-10-04T17:50:51.5838604Z 
build	Build the admitted public reading edition for deployment	2026-10-04T17:50:51.5839121Z Warning: content/section-rooms/arguments/concepts/planetary-computation.md isn't yet tracked by git, dates will be inaccurate
build	Build the admitted public reading edition for deployment	2026-10-04T17:50:51.5839611Z 
build	Build the admitted public reading edition for deployment	2026-10-04T17:50:51.5840101Z Warning: content/section-rooms/arguments/concepts/prompt-thrownness.md isn't yet tracked by git, dates will be inaccurate
build	Build the admitted public reading edition for deployment	2026-10-04T17:50:51.5840691Z 
build	Build the admitted public reading edition for deployment	2026-10-04T17:50:51.5841436Z Warning: content/symbolon/episteme/etymologies/encounter-region-name-count/WHOLE-FIELD-encounter-region-name-count.md isn't yet tracked by git, dates will be inaccurate
build	Build the admitted public reading edition for deployment	2026-10-04T17:50:51.5842099Z 
build	Build the admitted public reading edition for deployment	2026-10-04T17:50:51.5842588Z Warning: content/section-rooms/arguments/concepts/psychoid-number.md isn't yet tracked by git, dates will be inaccurate
build	Build the admitted public reading edition for deployment	2026-10-04T17:50:51.5843055Z 
build	Build the admitted public reading edition for deployment	2026-10-04T17:50:51.5843545Z Warning: content/section-rooms/arguments/concepts/register-grammar.md isn't yet tracked by git, dates will be inaccurate
build	Build the admitted public reading edition for deployment	2026-10-04T17:50:51.5844016Z 
build	Build the admitted public reading edition for deployment	2026-10-04T17:50:51.5844475Z Warning: content/section-rooms/arguments/concepts/simulation.md isn't yet tracked by git, dates will be inaccurate
build	Build the admitted public reading edition for deployment	2026-10-04T17:50:51.5845152Z 
build	Build the admitted public reading edition for deployment	2026-10-04T17:50:51.5845756Z Warning: content/section-rooms/arguments/concepts/the-slash.md isn't yet tracked by git, dates will be inaccurate
build	Build the admitted public reading edition for deployment	2026-10-04T17:50:51.5846217Z 
build	Build the admitted public reading edition for deployment	2026-10-04T17:50:51.5846978Z Warning: content/section-rooms/arguments/concepts/vikalpa-samkalpa.md isn't yet tracked by git, dates will be inaccurate
build	Build the admitted public reading edition for deployment	2026-10-04T17:50:51.5847699Z 
build	Build the admitted public reading edition for deployment	2026-10-04T17:50:51.5849379Z Warning: content/symbolon/episteme/etymologies/genesis-paradigm-project-epilogos/HISTORY-genesis-paradigm-project-epilogos.md isn't yet tracked by git, dates will be inaccurate
build	Build the admitted public reading edition for deployment	2026-10-04T17:50:51.5850247Z 
build	Build the admitted public reading edition for deployment	2026-10-04T17:50:51.5850878Z Warning: content/section-rooms/arguments/concepts/world-picture-to-world-atlas.md isn't yet tracked by git, dates will be inaccurate
build	Build the admitted public reading edition for deployment	2026-10-04T17:50:51.5851404Z 
build	Build the admitted public reading edition for deployment	2026-10-04T17:50:51.5851850Z Warning: content/section-rooms/arguments/concepts/zero.md isn't yet tracked by git, dates will be inaccurate
build	Build the admitted public reading edition for deployment	2026-10-04T17:50:51.5852282Z 
build	Build the admitted public reading edition for deployment	2026-10-04T17:50:51.5853095Z Warning: content/symbolon/episteme/etymologies/genesis-paradigm-project-epilogos/WHOLE-FIELD-genesis-paradigm-project-epilogos.md isn't yet tracked by git, dates will be inaccurate
build	Build the admitted public reading edition for deployment	2026-10-04T17:50:51.5853830Z 
build	Build the admitted public reading edition for deployment	2026-10-04T17:50:51.5854542Z Warning: content/symbolon/episteme/etymologies/homology-and-analogy/HISTORICAL-BRANCHES-homology-and-analogy.md isn't yet tracked by git, dates will be inaccurate
build	Build the admitted public reading edition for deployment	2026-10-04T17:50:51.5855507Z 
build	Build the admitted public reading edition for deployment	2026-10-04T17:50:51.5856318Z Warning: content/symbolon/episteme/etymologies/homology-and-analogy/HISTORY-homology-and-analogy.md isn't yet tracked by git, dates will be inaccurate
build	Build the admitted public reading edition for deployment	2026-10-04T17:50:51.5856924Z 
build	Build the admitted public reading edition for deployment	2026-10-04T17:50:51.5857591Z Warning: content/symbolon/episteme/etymologies/homology-and-analogy/WHOLE-FIELD-homology-and-analogy.md isn't yet tracked by git, dates will be inaccurate
build	Build the admitted public reading edition for deployment	2026-10-04T17:50:51.5858192Z 
build	Build the admitted public reading edition for deployment	2026-10-04T17:50:51.5858952Z Warning: content/symbolon/episteme/etymologies/symbol-account-and-trust/HISTORICAL-BRANCHES-symbol-account-and-trust.md isn't yet tracked by git, dates will be inaccurate
build	Build the admitted public reading edition for deployment	2026-10-04T17:50:51.5859626Z 
build	Build the admitted public reading edition for deployment	2026-10-04T17:50:51.5860308Z Warning: content/symbolon/episteme/etymologies/symbol-account-and-trust/HISTORY-symbol-account-and-trust.md isn't yet tracked by git, dates will be inaccurate
build	Build the admitted public reading edition for deployment	2026-10-04T17:50:51.5860936Z 
build	Build the admitted public reading edition for deployment	2026-10-04T17:50:51.5861635Z Warning: content/symbolon/episteme/etymologies/symbol-account-and-trust/WHOLE-FIELD-symbol-account-and-trust.md isn't yet tracked by git, dates will be inaccurate
build	Build the admitted public reading edition for deployment	2026-10-04T17:50:51.5862459Z 
build	Build the admitted public reading edition for deployment	2026-10-04T17:50:51.5863352Z Warning: content/symbolon/episteme/etymologies/trust-place-logos-nomos-natio-credere/HISTORICAL-BRANCHES-trust-place-logos-nomos-natio-credere.md isn't yet tracked by git, dates will be inaccurate
build	Build the admitted public reading edition for deployment	2026-10-04T17:50:51.5864178Z 
build	Build the admitted public reading edition for deployment	2026-10-04T17:50:51.5864781Z Warning: content/section-rooms/00-integral-threshold/READING-00-integral-threshold.md isn't yet tracked by git, dates will be inaccurate
build	Build the admitted public reading edition for deployment	2026-10-04T17:50:51.5865662Z 
build	Build the admitted public reading edition for deployment	2026-10-04T17:50:51.5866504Z Warning: content/symbolon/episteme/etymologies/trust-place-logos-nomos-natio-credere/HISTORY-trust-place-logos-nomos-natio-credere.md isn't yet tracked by git, dates will be inaccurate
build	Build the admitted public reading edition for deployment	2026-10-04T17:50:51.5867243Z 
build	Build the admitted public reading edition for deployment	2026-10-04T17:50:51.5867953Z Warning: content/section-rooms/00-integral-threshold/ROOM-00-integral-threshold.md isn't yet tracked by git, dates will be inaccurate
build	Build the admitted public reading edition for deployment	2026-10-04T17:50:51.5868473Z 
build	Build the admitted public reading edition for deployment	2026-10-04T17:50:51.5869313Z Warning: content/symbolon/episteme/etymologies/trust-place-logos-nomos-natio-credere/WHOLE-FIELD-trust-place-logos-nomos-natio-credere.md isn't yet tracked by git, dates will be inaccurate
build	Build the admitted public reading edition for deployment	2026-10-04T17:50:51.5870062Z 
build	Build the admitted public reading edition for deployment	2026-10-04T17:50:51.5870642Z Warning: content/section-rooms/01-differentiating-mind/ROOM-01-differentiating-mind.md isn't yet tracked by git, dates will be inaccurate
build	Build the admitted public reading edition for deployment	2026-10-04T17:50:51.5871179Z 
build	Build the admitted public reading edition for deployment	2026-10-04T17:50:51.5871809Z Warning: content/symbolon/episteme/histories/encounters-and-transmissions/myth/DEVELOPMENT-myth.md isn't yet tracked by git, dates will be inaccurate
build	Build the admitted public reading edition for deployment	2026-10-04T17:50:51.5872423Z 
build	Build the admitted public reading edition for deployment	2026-10-04T17:50:51.5872957Z Warning: content/section-rooms/02-return-of-zero/READING-02-return-of-zero.md isn't yet tracked by git, dates will be inaccurate
build	Build the admitted public reading edition for deployment	2026-10-04T17:50:51.5873452Z 
build	Build the admitted public reading edition for deployment	2026-10-04T17:50:51.5874061Z Warning: content/symbolon/episteme/histories/encounters-and-transmissions/myth/HISTORY-myth.md isn't yet tracked by git, dates will be inaccurate
build	Build the admitted public reading edition for deployment	2026-10-04T17:50:51.5874624Z 
build	Build the admitted public reading edition for deployment	2026-10-04T17:50:51.5875421Z Warning: content/section-rooms/02-return-of-zero/ROOM-02-return-of-zero.md isn't yet tracked by git, dates will be inaccurate
build	Build the admitted public reading edition for deployment	2026-10-04T17:50:51.5876026Z 
build	Build the admitted public reading edition for deployment	2026-10-04T17:50:51.5876938Z Warning: content/symbolon/episteme/histories/places-and-peoples/language-law-nation-centralisation/DEVELOPMENT-language-law-nation-centralisation.md isn't yet tracked by git, dates will be inaccurate
build	Build the admitted public reading edition for deployment	2026-10-04T17:50:51.5877739Z 
build	Build the admitted public reading edition for deployment	2026-10-04T17:50:51.5878615Z Warning: content/symbolon/episteme/histories/places-and-peoples/language-law-nation-centralisation/HISTORY-language-law-nation-centralisation.md isn't yet tracked by git, dates will be inaccurate
build	Build the admitted public reading edition for deployment	2026-10-04T17:50:51.5879417Z 
build	Build the admitted public reading edition for deployment	2026-10-04T17:50:51.5879911Z Warning: content/section-rooms/03-two-logics/ROOM-03-two-logics.md isn't yet tracked by git, dates will be inaccurate
build	Build the admitted public reading edition for deployment	2026-10-04T17:50:51.5880485Z 
build	Build the admitted public reading edition for deployment	2026-10-04T17:50:51.5881261Z Warning: content/symbolon/episteme/histories/traditions-and-disciplines/ancient-philosophy/DEVELOPMENT-ancient-philosophy.md isn't yet tracked by git, dates will be inaccurate
build	Build the admitted public reading edition for deployment	2026-10-04T17:50:51.5881960Z 
build	Build the admitted public reading edition for deployment	2026-10-04T17:50:51.5882707Z Warning: content/symbolon/episteme/histories/traditions-and-disciplines/ancient-philosophy/HISTORY-ancient-philosophy.md isn't yet tracked by git, dates will be inaccurate
build	Build the admitted public reading edition for deployment	2026-10-04T17:50:51.5883375Z 
build	Build the admitted public reading edition for deployment	2026-10-04T17:50:51.5884131Z Warning: content/symbolon/episteme/histories/traditions-and-disciplines/indian-philosophy/DEVELOPMENT-indian-philosophy.md isn't yet tracked by git, dates will be inaccurate
build	Build the admitted public reading edition for deployment	2026-10-04T17:50:51.5884818Z 
build	Build the admitted public reading edition for deployment	2026-10-04T17:50:51.5885897Z Warning: content/symbolon/episteme/histories/traditions-and-disciplines/indian-philosophy/HISTORY-indian-philosophy.md isn't yet tracked by git, dates will be inaccurate
build	Build the admitted public reading edition for deployment	2026-10-04T17:50:51.5886563Z 
build	Build the admitted public reading edition for deployment	2026-10-04T17:50:51.5887169Z Warning: content/section-rooms/04-mathematical-substrate/ROOM-04-mathematical-substrate.md isn't yet tracked by git, dates will be inaccurate
build	Build the admitted public reading edition for deployment	2026-10-04T17:50:51.5887726Z 
build	Build the admitted public reading edition for deployment	2026-10-04T17:50:51.5888551Z Warning: content/symbolon/episteme/histories/traditions-and-disciplines/language-symbol-dialogue/DEVELOPMENT-language-symbol-dialogue.md isn't yet tracked by git, dates will be inaccurate
build	Build the admitted public reading edition for deployment	2026-10-04T17:50:51.5889454Z 
build	Build the admitted public reading edition for deployment	2026-10-04T17:50:51.5890262Z Warning: content/symbolon/episteme/histories/traditions-and-disciplines/language-symbol-dialogue/HISTORY-language-symbol-dialogue.md isn't yet tracked by git, dates will be inaccurate
build	Build the admitted public reading edition for deployment	2026-10-04T17:50:51.5890971Z 
build	Build the admitted public reading edition for deployment	2026-10-04T17:50:51.5891663Z Warning: content/symbolon/episteme/histories/traditions-and-disciplines/mathematics/DEVELOPMENT-mathematics.md isn't yet tracked by git, dates will be inaccurate
build	Build the admitted public reading edition for deployment	2026-10-04T17:50:51.5892288Z 
build	Build the admitted public reading edition for deployment	2026-10-04T17:50:51.5892953Z Warning: content/symbolon/episteme/histories/traditions-and-disciplines/mathematics/HISTORY-mathematics.md isn't yet tracked by git, dates will be inaccurate
build	Build the admitted public reading edition for deployment	2026-10-04T17:50:51.5893733Z 
build	Build the admitted public reading edition for deployment	2026-10-04T17:50:51.5894545Z Warning: content/symbolon/episteme/histories/traditions-and-disciplines/process-systems-science/DEVELOPMENT-process-systems-science.md isn't yet tracked by git, dates will be inaccurate
build	Build the admitted public reading edition for deployment	2026-10-04T17:50:51.5895757Z 
build	Build the admitted public reading edition for deployment	2026-10-04T17:50:51.5896350Z Warning: content/section-rooms/05-psychoid-flowering/ROOM-05-psychoid-flowering.md isn't yet tracked by git, dates will be inaccurate
build	Build the admitted public reading edition for deployment	2026-10-04T17:50:51.5896877Z 
build	Build the admitted public reading edition for deployment	2026-10-04T17:50:51.5897671Z Warning: content/symbolon/episteme/histories/traditions-and-disciplines/process-systems-science/HISTORY-process-systems-science.md isn't yet tracked by git, dates will be inaccurate
build	Build the admitted public reading edition for deployment	2026-10-04T17:50:51.5898383Z 
build	Build the admitted public reading edition for deployment	2026-10-04T17:50:51.5899067Z Warning: content/symbolon/episteme/histories/traditions-and-disciplines/psychology/DEVELOPMENT-psychology.md isn't yet tracked by git, dates will be inaccurate
build	Build the admitted public reading edition for deployment	2026-10-04T17:50:51.5899689Z 
build	Build the admitted public reading edition for deployment	2026-10-04T17:50:51.5900353Z Warning: content/symbolon/episteme/histories/traditions-and-disciplines/psychology/HISTORY-psychology.md isn't yet tracked by git, dates will be inaccurate
build	Build the admitted public reading edition for deployment	2026-10-04T17:50:51.5900952Z 
build	Build the admitted public reading edition for deployment	2026-10-04T17:50:51.5901721Z Warning: content/symbolon/episteme/histories/traditions-and-disciplines/technology-politics/DEVELOPMENT-technology-politics.md isn't yet tracked by git, dates will be inaccurate
build	Build the admitted public reading edition for deployment	2026-10-04T17:50:51.5902419Z 
build	Build the admitted public reading edition for deployment	2026-10-04T17:50:51.5902998Z Warning: content/section-rooms/06-objective-internality/ROOM-06-objective-internality.md isn't yet tracked by git, dates will be inaccurate
build	Build the admitted public reading edition for deployment	2026-10-04T17:50:51.5903540Z 
build	Build the admitted public reading edition for deployment	2026-10-04T17:50:51.5904289Z Warning: content/symbolon/episteme/histories/traditions-and-disciplines/technology-politics/HISTORY-technology-politics.md isn't yet tracked by git, dates will be inaccurate
build	Build the admitted public reading edition for deployment	2026-10-04T17:50:51.5905208Z 
build	Build the admitted public reading edition for deployment	2026-10-04T17:50:51.5905994Z Warning: content/symbolon/episteme/histories/traditions-and-disciplines/zero-subject-advent/DEVELOPMENT-zero-subject-advent.md isn't yet tracked by git, dates will be inaccurate
build	Build the admitted public reading edition for deployment	2026-10-04T17:50:51.5906691Z 
build	Build the admitted public reading edition for deployment	2026-10-04T17:50:51.5907434Z Warning: content/symbolon/episteme/histories/traditions-and-disciplines/zero-subject-advent/HISTORY-zero-subject-advent.md isn't yet tracked by git, dates will be inaccurate
build	Build the admitted public reading edition for deployment	2026-10-04T17:50:51.5908108Z 
build	Build the admitted public reading edition for deployment	2026-10-04T17:50:51.5908661Z Warning: content/section-rooms/07-instrument-returns/ROOM-07-instrument-returns.md isn't yet tracked by git, dates will be inaccurate
build	Build the admitted public reading edition for deployment	2026-10-04T17:50:51.5909174Z 
build	Build the admitted public reading edition for deployment	2026-10-04T17:50:51.5910099Z Warning: content/symbolon/episteme/sources/analytic-philosophy/chalmers/chalmers-1995-facing-up-consciousness/chalmers-1995-facing-up-consciousness.md isn't yet tracked by git, dates will be inaccurate
build	Build the admitted public reading edition for deployment	2026-10-04T17:50:51.5910888Z 
build	Build the admitted public reading edition for deployment	2026-10-04T17:50:51.5911793Z Warning: content/symbolon/episteme/sources/political-theory-institutions/kinzer/kinzer-2026-mkultra-house-testimony/kinzer-2026-mkultra-house-testimony.md isn't yet tracked by git, dates will be inaccurate
build	Build the admitted public reading edition for deployment	2026-10-04T17:50:51.5912593Z 
build	Build the admitted public reading edition for deployment	2026-10-04T17:50:51.5913554Z Warning: content/symbolon/episteme/sources/political-theory-institutions/united-states-doj/doj-2025-epstein-production-letter/doj-2025-epstein-production-letter.md isn't yet tracked by git, dates will be inaccurate
build	Build the admitted public reading edition for deployment	2026-10-04T17:50:51.5914387Z 
build	Build the admitted public reading edition for deployment	2026-10-04T17:50:51.5915810Z Warning: content/symbolon/episteme/sources/political-theory-institutions/united-states-senate/senate-1977-project-mkultra-hearing/senate-1977-project-mkultra-hearing.md isn't yet tracked by git, dates will be inaccurate
build	Build the admitted public reading edition for deployment	2026-10-04T17:50:51.5916685Z 
build	Build the admitted public reading edition for deployment	2026-10-04T17:50:51.5917492Z Warning: content/symbolon/episteme/sources/political-theory-institutions/wired/wired-2026-dialog-exposed/wired-2026-dialog-exposed.md isn't yet tracked by git, dates will be inaccurate
build	Build the admitted public reading edition for deployment	2026-10-04T17:50:51.5918206Z 
build	Build the admitted public reading edition for deployment	2026-10-04T17:50:51.5919017Z Warning: content/symbolon/episteme/sources/political-theory-institutions/wired/wired-2026-dialog-rankings/wired-2026-dialog-rankings.md isn't yet tracked by git, dates will be inaccurate
build	Build the admitted public reading edition for deployment	2026-10-04T17:50:51.5919726Z 
build	Build the admitted public reading edition for deployment	2026-10-04T17:50:51.5920716Z Warning: content/symbolon/episteme/sources/psychology/jung/jung-1971-spirit-man-art-literature-cw15/jung-1971-spirit-man-art-literature-cw15.md isn't yet tracked by git, dates will be inaccurate
build	Build the admitted public reading edition for deployment	2026-10-04T17:50:51.5921468Z 
build	Build the admitted public reading edition for deployment	2026-10-04T17:50:51.5922488Z Warning: content/symbolon/episteme/sources/psychology/jung/jung-1975-structure-dynamics-psyche-cw8/jung-1975-structure-dynamics-psyche-cw8.md isn't yet tracked by git, dates will be inaccurate
build	Build the admitted public reading edition for deployment	2026-10-04T17:50:51.5923237Z 
build	Build the admitted public reading edition for deployment	2026-10-04T17:50:51.5924017Z Warning: content/symbolon/episteme/sources/psychology/jung/jung-1976-psychological-types-cw6/jung-1976-psychological-types-cw6.md isn't yet tracked by git, dates will be inaccurate
build	Build the admitted public reading edition for deployment	2026-10-04T17:50:51.5924705Z 
build	Build the admitted public reading edition for deployment	2026-10-04T17:50:51.5925668Z Warning: content/symbolon/episteme/sources/psychology/jung/jung-1976-symbolic-life-cw18/jung-1976-symbolic-life-cw18.md isn't yet tracked by git, dates will be inaccurate
build	Build the admitted public reading edition for deployment	2026-10-04T17:50:51.5926320Z 
build	Build the admitted public reading edition for deployment	2026-10-04T17:50:51.5927143Z Warning: content/symbolon/episteme/sources/psychology/jung/jung-1977-mysterium-coniunctionis-cw14/jung-1977-mysterium-coniunctionis-cw14.md isn't yet tracked by git, dates will be inaccurate
build	Build the admitted public reading edition for deployment	2026-10-04T17:50:51.5927883Z 
build	Build the admitted public reading edition for deployment	2026-10-04T17:50:51.5928658Z Warning: content/symbolon/episteme/sources/psychology/jung/jung-1980-psychology-alchemy-cw12/jung-1980-psychology-alchemy-cw12.md isn't yet tracked by git, dates will be inaccurate
build	Build the admitted public reading edition for deployment	2026-10-04T17:50:51.5929346Z 
build	Build the admitted public reading edition for deployment	2026-10-04T17:50:51.5930119Z Warning: content/symbolon/episteme/sources/psychology/jung/jung-1983-alchemical-studies-cw13/jung-1983-alchemical-studies-cw13.md isn't yet tracked by git, dates will be inaccurate
build	Build the admitted public reading edition for deployment	2026-10-04T17:50:51.5930808Z 
build	Build the admitted public reading edition for deployment	2026-10-04T17:50:51.5931654Z Warning: content/symbolon/episteme/sources/psychology/jung/jung-cw9i-hull-routledge-second-edition/jung-cw9i-hull-routledge-second-edition.md isn't yet tracked by git, dates will be inaccurate
build	Build the admitted public reading edition for deployment	2026-10-04T17:50:51.5932411Z 
build	Build the admitted public reading edition for deployment	2026-10-04T17:50:51.5933178Z Warning: content/symbolon/episteme/sources/classical-premodern-philosophy/plato/plato-jowett-phaedrus/plato-jowett-phaedrus.md isn't yet tracked by git, dates will be inaccurate
build	Build the admitted public reading edition for deployment	2026-10-04T17:50:51.5933861Z 
build	Build the admitted public reading edition for deployment	2026-10-04T17:50:51.5934597Z Warning: content/symbolon/episteme/sources/computer-science-ml/bai/bai-2022-constitutional-ai/bai-2022-constitutional-ai.md isn't yet tracked by git, dates will be inaccurate
build	Build the admitted public reading edition for deployment	2026-10-04T17:50:51.5935471Z 
build	Build the admitted public reading edition for deployment	2026-10-04T17:50:51.5936758Z Warning: content/symbolon/episteme/sources/computer-science-ml/bengio/bengio-2003-neural-probabilistic-language-model/bengio-2003-neural-probabilistic-language-model.md isn't yet tracked by git, dates will be inaccurate
build	Build the admitted public reading edition for deployment	2026-10-04T17:50:51.5937661Z 
build	Build the admitted public reading edition for deployment	2026-10-04T17:50:51.5938501Z Warning: content/symbolon/episteme/sources/internal-corpus/taylor/taylor-2026-6174-ql-complete-mapping/taylor-2026-6174-ql-complete-mapping.md isn't yet tracked by git, dates will be inaccurate
build	Build the admitted public reading edition for deployment	2026-10-04T17:50:51.5939382Z Parsed 874 Markdown files in 29s
build	Build the admitted public reading edition for deployment	2026-10-04T17:50:51.5939772Z Filtered out 0 files in 904μs
build	Build the admitted public reading edition for deployment	2026-10-04T17:50:51.5940022Z Emitting files
build	Build the admitted public reading edition for deployment	2026-10-04T17:50:51.5940466Z Emitted 2175 files to `/home/runner/work/O-I/O-I/site/.public-edition/essay` in 3s
build	Build the admitted public reading edition for deployment	2026-10-04T17:50:51.5940928Z Done processing 874 files in 32s
build	Build the admitted public reading edition for deployment	2026-10-04T17:50:51.5942083Z Quartz essay publication: 874 published pages + 16 visual assets from https://github.com/EpiLogos/Antykathera-Essay-Work.git@b2b5b7061 at .public-edition/essay. Frontmatter deduped in 79 files (Notion import duplicate source_id).
build	Build the admitted public reading edition for deployment	2026-10-04T17:50:54.6767660Z [36mvite v5.4.21 [32mbuilding for production...[36m[39m
build	Build the admitted public reading edition for deployment	2026-10-04T17:50:54.7418238Z transforming...
build	Build the admitted public reading edition for deployment	2026-10-04T17:51:04.9208278Z [32m✓[39m 145 modules transformed.
build	Build the admitted public reading edition for deployment	2026-10-04T17:51:05.6530384Z rendering chunks...
build	Build the admitted public reading edition for deployment	2026-10-04T17:51:05.8444409Z computing gzip size...
build	Build the admitted public reading edition for deployment	2026-10-04T17:51:05.8716671Z [2mdist/[22m[32mlibrary.html                      [39m[1m[2m  0.62 kB[22m[1m[22m[2m │ gzip:   0.38 kB[22m
build	Build the admitted public reading edition for deployment	2026-10-04T17:51:05.8718385Z [2mdist/[22m[32mbuild.html                        [39m[1m[2m  0.74 kB[22m[1m[22m[2m │ gzip:   0.41 kB[22m
build	Build the admitted public reading edition for deployment	2026-10-04T17:51:05.8720376Z [2mdist/[22m[32mresearch.html                     [39m[1m[2m  0.74 kB[22m[1m[22m[2m │ gzip:   0.42 kB[22m
build	Build the admitted public reading edition for deployment	2026-10-04T17:51:05.8721986Z [2mdist/[22m[32mproducts.html                     [39m[1m[2m  0.76 kB[22m[1m[22m[2m │ gzip:   0.43 kB[22m
build	Build the admitted public reading edition for deployment	2026-10-04T17:51:05.8722967Z [33m
build	Build the admitted public reading edition for deployment	2026-10-04T17:51:05.8723661Z (!) Some chunks are larger than 500 kB after minification. Consider:
build	Build the admitted public reading edition for deployment	2026-10-04T17:51:05.8724568Z - Using dynamic import() to code-split the application
build	Build the admitted public reading edition for deployment	2026-10-04T17:51:05.8726295Z - Use build.rollupOptions.output.manualChunks to improve chunking: https://rollupjs.org/configuration-options/#output-manualchunks
build	Build the admitted public reading edition for deployment	2026-10-04T17:51:05.8728073Z - Adjust chunk size limit for this warning via build.chunkSizeWarningLimit.[39m
build	Build the admitted public reading edition for deployment	2026-10-04T17:51:05.8729466Z [2mdist/[22m[32moi.html                           [39m[1m[2m  0.76 kB[22m[1m[22m[2m │ gzip:   0.43 kB[22m
build	Build the admitted public reading edition for deployment	2026-10-04T17:51:05.8730867Z [2mdist/[22m[32mshell.html                        [39m[1m[2m  0.79 kB[22m[1m[22m[2m │ gzip:   0.47 kB[22m
build	Build the admitted public reading edition for deployment	2026-10-04T17:51:05.8732328Z [2mdist/[22m[32mindex.html                        [39m[1m[2m  0.79 kB[22m[1m[22m[2m │ gzip:   0.48 kB[22m
build	Build the admitted public reading edition for deployment	2026-10-04T17:51:05.8733877Z [2mdist/[22m[32mshared-field.html                 [39m[1m[2m  0.79 kB[22m[1m[22m[2m │ gzip:   0.44 kB[22m
build	Build the admitted public reading edition for deployment	2026-10-04T17:51:05.8735859Z [2mdist/[22m[2massets/[22m[35mmain-HiB4qHtd.css          [39m[1m[2m 47.06 kB[22m[1m[22m[2m │ gzip:  10.08 kB[22m
build	Build the admitted public reading edition for deployment	2026-10-04T17:51:05.8737592Z [2mdist/[22m[2massets/[22m[36mmain-DFHOPj5T.js           [39m[1m[2m  0.03 kB[22m[1m[22m[2m │ gzip:   0.05 kB[22m
build	Build the admitted public reading edition for deployment	2026-10-04T17:51:05.8739048Z [2mdist/[22m[2massets/[22m[36mNativeStage-DkH07EHc.js    [39m[1m[2m  5.68 kB[22m[1m[22m[2m │ gzip:   2.29 kB[22m
build	Build the admitted public reading edition for deployment	2026-10-04T17:51:05.8740863Z [2mdist/[22m[2massets/[22m[36mmain-COig66Ro.js           [39m[1m[33m514.36 kB[39m[22m[2m │ gzip: 174.41 kB[22m
build	Build the admitted public reading edition for deployment	2026-10-04T17:51:05.8742334Z [2mdist/[22m[2massets/[22m[36mnative-player-Bn6cIjyx.js  [39m[1m[33m839.97 kB[39m[22m[2m │ gzip: 226.33 kB[22m
build	Build the admitted public reading edition for deployment	2026-10-04T17:51:05.8743496Z [32m✓ built in 11.17s[39m
build	Build the admitted public reading edition for deployment	2026-10-04T17:51:06.1095461Z Deploy config restored: dist/.vercel/project.json (oi-epi-logos), dist/vercel.json.
build	Verify exact curated publication bytes	﻿2026-10-04T17:51:06.1217888Z ##[group]Run node verify-public-edition.mjs --directory dist --expected-inputs "$OI_LIBRARY_PUBLICATIONS" --out evidence/library/curated-byte-receipt.json
build	Verify exact curated publication bytes	2026-10-04T17:51:06.1219057Z [36;1mnode verify-public-edition.mjs --directory dist --expected-inputs "$OI_LIBRARY_PUBLICATIONS" --out evidence/library/curated-byte-receipt.json[0m
build	Verify exact curated publication bytes	2026-10-04T17:51:06.1282198Z shell: /usr/bin/bash -e {0}
build	Verify exact curated publication bytes	2026-10-04T17:51:06.1282480Z env:
build	Verify exact curated publication bytes	2026-10-04T17:51:06.1338013Z   OI_LIBRARY_PUBLICATIONS: ["/home/runner/work/O-I/O-I/site/publications/return-of-zero-curated/world-publication.json","/home/runner/work/O-I/O-I/site/publications/return-of-zero-curated/expression-roz-a-arguments.json","/home/runner/work/O-I/O-I/site/publications/return-of-zero-curated/expression-roz-a-prime-conjugates.json","/home/runner/work/O-I/O-I/site/publications/return-of-zero-curated/expression-roz-ac-root.json","/home/runner/work/O-I/O-I/site/publications/return-of-zero-curated/expression-roz-c-concepts-1.json","/home/runner/work/O-I/O-I/site/publications/return-of-zero-curated/expression-roz-c-concepts-2.json","/home/runner/work/O-I/O-I/site/publications/return-of-zero-curated/expression-roz-dossiers.json","/home/runner/work/O-I/O-I/site/publications/return-of-zero-curated/expression-roz-etymologies.json","/home/runner/work/O-I/O-I/site/publications/return-of-zero-curated/expression-roz-histories.json","/home/runner/work/O-I/O-I/site/publications/return-of-zero-curated/expression-roz-lenses-aphorism.json","/home/runner/work/O-I/O-I/site/publications/return-of-zero-curated/expression-roz-s-products.json","/home/runner/work/O-I/O-I/site/publications/return-of-zero-curated/expression-roz-matheme-computation.json","/home/runner/work/O-I/O-I/site/publications/return-of-zero-curated/expression-roz-matheme-formal-neighbours.json","/home/runner/work/O-I/O-I/site/publications/return-of-zero-curated/expression-roz-matheme-four-files.json","/home/runner/work/O-I/O-I/site/publications/return-of-zero-curated/expression-roz-matheme-logics.json","/home/runner/work/O-I/O-I/site/publications/return-of-zero-curated/expression-roz-matheme-ql-spanda.json","/home/runner/work/O-I/O-I/site/publications/return-of-zero-curated/expression-roz-matheme-topology-harmonics.json","/home/runner/work/O-I/O-I/site/publications/return-of-zero-curated/expression-roz-symbolon-spine.json","/home/runner/work/O-I/O-I/site/publications/return-of-zero-curated/expression-roz-symbolon-whole.json","/home/runner/work/O-I/O-I/site/publications/return-of-zero-curated/expression-roz-mytheme-antikythera-attunement.json","/home/runner/work/O-I/O-I/site/publications/return-of-zero-curated/expression-roz-mytheme-apollo-dionysus-daphne.json","/home/runner/work/O-I/O-I/site/publications/return-of-zero-curated/expression-roz-mytheme-apollo-eros-daphne-peneus.json","/home/runner/work/O-I/O-I/site/publications/return-of-zero-curated/expression-roz-mytheme-ares-aphrodite-hephaestus-poseidon.json","/home/runner/work/O-I/O-I/site/publications/return-of-zero-curated/expression-roz-mytheme-avatar-image-mask-idol.json","/home/runner/work/O-I/O-I/site/publications/return-of-zero-curated/expression-roz-mytheme-eros-psyche.json","/home/runner/work/O-I/O-I/site/publications/return-of-zero-curated/expression-roz-mytheme-goethe-permanence-change.json","/home/runner/work/O-I/O-I/site/publications/return-of-zero-curated/expression-roz-mytheme-indra-net.json","/home/runner/work/O-I/O-I/site/publications/return-of-zero-curated/expression-roz-mytheme-job.json","/home/runner/work/O-I/O-I/site/publications/return-of-zero-curated/expression-roz-mytheme-maya-eye-veil-frame-horizon.json","/home/runner/work/O-I/O-I/site/publications/return-of-zero-curated/expression-roz-mytheme-meal-epistemic-metabolism.json","/home/runner/work/O-I/O-I/site/publications/return-of-zero-curated/expression-roz-mytheme-mirror-that-moves-first.json","/home/runner/work/O-I/O-I/site/publications/return-of-zero-curated/expression-roz-mytheme-mother-assumption-chiasm.json","/home/runner/work/O-I/O-I/site/publications/return-of-zero-curated/expression-roz-mytheme-myth-attica-athena-poseidon-cecrops.json","/home/runner/work/O-I/O-I/site/publications/return-of-zero-curated/expression-roz-mytheme-myth-hypostasis-archons-norea-sophia.json","/home/runner/work/O-I/O-I/site/publications/return-of-zero-curated/expression-roz-mytheme-narrative-fanon-language-gaze-mask-recognition.json","/home/runner/work/O-I/O-I/site/publications/return-of-zero-curated/expression-roz-mytheme-narrative-jung-aion-fishes-christ-antichrist-alchemy.json","/home/runner/work/O-I/O-I/site/publications/return-of-zero-curated/expression-roz-mytheme-neumann-images.json","/home/runner/work/O-I/O-I/site/publications/return-of-zero-curated/expression-roz-mytheme-pauli-egg-dream.json","/home/runner/work/O-I/O-I/site/publications/return-of-zero-curated/expression-roz-mytheme-stained-glass-refraction.json","/home/runner/work/O-I/O-I/site/publications/return-of-zero-curated/expression-roz-mytheme-taylor-authored-images.json","/home/runner/work/O-I/O-I/site/publications/return-of-zero-curated/expression-roz-mytheme-the-prisoner.json","/home/runner/work/O-I/O-I/site/publications/return-of-zero-curated/expression-roz-mytheme-travelling-jigsaw-atlas.json","/home/runner/work/O-I/O-I/site/publications/return-of-zero-curated/expression-roz-mytheme-uroboros-trickster.json","/home/runner/work/O-I/O-I/site/publications/return-of-zero-curated/expression-roz-mytheme-valentinian-sophia-horos-achamoth.json","/home/runner/work/O-I/O-I/site/publications/return-of-zero-curated/expression-roz-essay-reading.json","/home/runner/work/O-I/O-I/site/publications/return-of-zero-curated/expression-roz-room-00-integral-threshold.json","/home/runner/work/O-I/O-I/site/publications/return-of-zero-curated/expression-roz-room-01-differentiating-mind.json","/home/runner/work/O-I/O-I/site/publications/return-of-zero-curated/expression-roz-room-02-return-of-zero.json","/home/runner/work/O-I/O-I/site/publications/return-of-zero-curated/expression-roz-room-03-two-logics.json","/home/runner/work/O-I/O-I/site/publications/return-of-zero-curated/expression-roz-room-04-mathematical-substrate.json","/home/runner/work/O-I/O-I/site/publications/return-of-zero-curated/expression-roz-room-05-psychoid-flowering.json","/home/runner/work/O-I/O-I/site/publications/return-of-zero-curated/expression-roz-room-06-objective-internality.json","/home/runner/work/O-I/O-I/site/publications/return-of-zero-curated/expression-roz-room-07-instrument-returns.json","/home/runner/work/O-I/O-I/site/publications/return-of-zero-curated/expression-sp-actuation-docs.json","/home/runner/work/O-I/O-I/site/publications/return-of-zero-curated/expression-sp-actuation-now-day-2026-09-11-1.json","/home/runner/work/O-I/O-I/site/publications/return-of-zero-curated/expression-sp-actuation-now-day-2026-09-11-2.json","/home/runner/work/O-I/O-I/site/publications/return-of-zero-curated/expression-sp-actuation-now-day-2026-09-12-1.json","/home/runner/work/O-I/O-I/site/publications/return-of-zero-curated/expression-sp-actuation-now-day-2026-09-12-2.json","/home/runner/work/O-I/O-I/site/publications/return-of-zero-curated/expression-sp-actuation-product.json","/home/runner/work/O-I/O-I/site/publications/return-of-zero-curated/expression-sp-actuation-projectcentral-governance.json","/home/runner/work/O-I/O-I/site/publications/return-of-zero-curated/expression-sp-actuation-ql-runtime-comparison.json","/home/runner/work/O-I/O-I/site/publications/return-of-zero-curated/expression-sp-actuation-ql-runtime-deep-prime.json","/home/runner/work/O-I/O-I/site/publications/return-of-zero-curated/expression-sp-actuation-ql-runtime-experiment-trees-1.json","/home/runner/work/O-I/O-I/site/publications/return-of-zero-curated/expression-sp-actuation-ql-runtime-experiment-trees-2.json","/home/runner/work/O-I/O-I/site/publications/return-of-zero-curated/expression-sp-actuation-ql-runtime-foundations.json","/home/runner/work/O-I/O-I/site/publications/return-of-zero-curated/expression-sp-actuation-ql-runtime-protocols.json","/home/runner/work/O-I/O-I/site/publications/return-of-zero-curated/expression-sp-actuation-ql-runtime-reviews-1.json","/home/runner/work/O-I/O-I/site/publications/return-of-zero-curated/expression-sp-actuation-ql-runtime-reviews-2.json","/home/runner/work/O-I/O-I/site/publications/return-of-zero-curated/expression-sp-actuation-rust-refoundation-1.json","/home/runner/work/O-I/O-I/site/publications/return-of-zero-curated/expression-sp-actuation-rust-refoundation-2.json","/home/runner/work/O-I/O-I/site/publications/return-of-zero-curated/expression-sp-actuation-skills.json","/home/runner/work/O-I/O-I/site/publications/return-of-zero-curated/expression-sp-actuation.json","/home/runner/work/O-I/O-I/site/publications/return-of-zero-curated/expression-sp-aikit-fd-adr-implementation.json","/home/runner/work/O-I/O-I/site/publications/return-of-zero-curated/expression-sp-aikit-fd-docs-p1.json","/home/runner/work/O-I/O-I/site/publications/return-of-zero-curated/expression-sp-aikit-fd-docs-p2.json","/home/runner/work/O-I/O-I/site/publications/return-of-zero-curated/expression-sp-aikit-fd-ground.json","/home/runner/work/O-I/O-I/site/publications/return-of-zero-curated/expression-sp-aikit-fd-periphery.json","/home/runner/work/O-I/O-I/site/publications/return-of-zero-curated/expression-sp-aikit-fd-plans.json","/home/runner/work/O-I/O-I/site/publications/return-of-zero-curated/expression-sp-aikit-fd-skills-p1.json","/home/runner/work/O-I/O-I/site/publications/return-of-zero-curated/expression-sp-aikit-fd-skills-p2.json","/home/runner/work/O-I/O-I/site/publications/return-of-zero-curated/expression-sp-aikit-fd-v2-p1.json","/home/runner/work/O-I/O-I/site/publications/return-of-zero-curated/expression-sp-aikit-fd-v2-p2.json","/home/runner/work/O-I/O-I/site/publications/return-of-zero-curated/expression-sp-aikit.json","/home/runner/work/O-I/O-I/site/publications/return-of-zero-curated/expression-sp-central-ctrl-defaults.json","/home/runner/work/O-I/O-I/site/publications/return-of-zero-curated/expression-sp-central-docs-connectors.json","/home/runner/work/O-I/O-I/site/publications/return-of-zero-curated/expression-sp-central-docs-governance.json","/home/runner/work/O-I/O-I/site/publications/return-of-zero-curated/expression-sp-central-docs-operations.json","/home/runner/work/O-I/O-I/site/publications/return-of-zero-curated/expression-sp-central-docs-vision.json","/home/runner/work/O-I/O-I/site/publications/return-of-zero-curated/expression-sp-central-projectcentral.json","/home/runner/work/O-I/O-I/site/publications/return-of-zero-curated/expression-sp-central-root-and-connectors.json","/home/runner/work/O-I/O-I/site/publications/return-of-zero-curated/expression-sp-central-skills.json","/home/runner/work/O-I/O-I/site/publications/return-of-zero-curated/expression-sp-central-surfaces.json","/home/runner/work/O-I/O-I/site/publications/return-of-zero-curated/expression-sp-central.json","/home/runner/work/O-I/O-I/site/publications/return-of-zero-curated/expression-sp-factory-fd-docs-canon-modules.json","/home/runner/work/O-I/O-I/site/publications/return-of-zero-curated/expression-sp-factory-fd-docs-canon.json","/home/runner/work/O-I/O-I/site/publications/return-of-zero-curated/expression-sp-factory-fd-docs-program-research.json","/home/runner/work/O-I/O-I/site/publications/return-of-zero-curated/expression-sp-factory-fd-inkwell-claude-front.json","/home/runner/work/O-I/O-I/site/publications/return-of-zero-curated/expression-sp-factory-fd-inkwell-orchestrator.json","/home/runner/work/O-I/O-I/site/publications/return-of-zero-curated/expression-sp-factory-fd-inkwell-overview-appdocs.json","/home/runner/work/O-I/O-I/site/publications/return-of-zero-curated/expression-sp-factory-fd-inkwell-prompts.json","/home/runner/work/O-I/O-I/site/publications/return-of-zero-curated/expression-sp-factory-fd-inkwell-specs.json","/home/runner/work/O-I/O-I/site/publications/return-of-zero-curated/expression-sp-factory-fd-inkwell-sssf-1.json","/home/runner/work/O-I/O-I/site/publications/return-of-zero-curated/expression-sp-factory-fd-inkwell-sssf-2.json","/home/runner/work/O-I/O-I/site/publications/return-of-zero-curated/expression-sp-factory-fd-inkwell-templates-adws.json","/home/runner/work/O-I/O-I/site/publications/return-of-zero-curated/expression-sp-factory-fd-product-root.json","/home/runner/work/O-I/O-I/site/publications/return-of-zero-curated/expression-sp-factory-fd-ql-core.json","/home/runner/work/O-I/O-I/site/publications/return-of-zero-curated/expression-sp-factory-fd-ql-experiments.json","/home/runner/work/O-I/O-I/site/publications/return-of-zero-curated/expression-sp-factory-fd-seed-docs.json","/home/runner/work/O-I/O-I/site/publications/return-of-zero-curated/expression-sp-factory-fd-sites.json","/home/runner/work/O-I/O-I/site/publications/return-of-zero-curated/expression-sp-factory-fd-skills.json","/home/runner/work/O-I/O-I/site/publications/return-of-zero-curated/expression-sp-factory-fd-sssf-1.json","/home/runner/work/O-I/O-I/site/publications/return-of-zero-curated/expression-sp-factory-fd-sssf-2.json","/home/runner/work/O-I/O-I/site/publications/return-of-zero-curated/expression-sp-factory.json","/home/runner/work/O-I/O-I/site/publications/return-of-zero-curated/expression-sp-ql.json","/home/runner/work/O-I/O-I/site/publications/return-of-zero-curated/expression-sp-ql-fd-craft.json","/home/runner/work/O-I/O-I/site/publications/return-of-zero-curated/expression-sp-ql-fd-docs-p1.json","/home/runner/work/O-I/O-I/site/publications/return-of-zero-curated/expression-sp-ql-fd-docs-p2.json","/home/runner/work/O-I/O-I/site/publications/return-of-zero-curated/expression-sp-ql-fd-epi-logos-p1.json","/home/runner/work/O-I/O-I/site/publications/return-of-zero-curated/expression-sp-ql-fd-epi-logos-p2.json","/home/runner/work/O-I/O-I/site/publications/return-of-zero-curated/expression-sp-ql-fd-epi-logos-p3.json","/home/runner/work/O-I/O-I/site/publications/return-of-zero-curated/expression-sp-ql-fd-epi-logos-p4.json","/home/runner/work/O-I/O-I/site/publications/return-of-zero-curated/expression-sp-ql-fd-fixtures.json","/home/runner/work/O-I/O-I/site/publications/return-of-zero-curated/expression-sp-ql-fd-geometry.json","/home/runner/work/O-I/O-I/site/publications/return-of-zero-curated/expression-sp-ql-fd-ground.json","/home/runner/work/O-I/O-I/site/publications/return-of-zero-curated/expression-sp-ql-fd-kernel-rebuild-p1.json","/home/runner/work/O-I/O-I/site/publications/return-of-zero-curated/expression-sp-ql-fd-kernel-rebuild-p2.json","/home/runner/work/O-I/O-I/site/publications/return-of-zero-curated/expression-sp-ql-fd-kernel-rebuild-p3.json","/home/runner/work/O-I/O-I/site/publications/return-of-zero-curated/expression-sp-ql-fd-periphery.json","/home/runner/work/O-I/O-I/site/publications/return-of-zero-curated/expression-sp-ql-fd-skills.json","/home/runner/work/O-I/O-I/site/publications/return-of-zero-curated/expression-sp-workcell-docs-connectivity.json","/home/runner/work/O-I/O-I/site/publications/return-of-zero-curated/expression-sp-workcell-docs-operations.json","/home/runner/work/O-I/O-I/site/publications/return-of-zero-curated/expression-sp-workcell-docs-platform.json","/home/runner/work/O-I/O-I/site/publications/return-of-zero-curated/expression-sp-workcell-docs-sources.json","/home/runner/work/O-I/O-I/site/publications/return-of-zero-curated/expression-sp-workcell-projectcentral.json","/home/runner/work/O-I/O-I/site/publications/return-of-zero-curated/expression-sp-workcell-sdk-and-skills.json","/home/runner/work/O-I/O-I/site/publications/return-of-zero-curated/expression-sp-workcell.json"]
build	Verify exact curated publication bytes	2026-10-04T17:51:06.1394417Z ##[endgroup]
build	Verify exact curated publication bytes	2026-10-04T17:51:11.3164833Z {
build	Verify exact curated publication bytes	2026-10-04T17:51:11.3165823Z   "standing": "verified-public-edition-bytes",
build	Verify exact curated publication bytes	2026-10-04T17:51:11.3166639Z   "observed_at": "2026-10-04T17:51:11.308Z",
build	Verify exact curated publication bytes	2026-10-04T17:51:11.3167508Z   "seed_sha256": "1503a212195dd13541e965def9ca633bd2be27de46af9bea4889b39bfe44b46c",
build	Verify exact curated publication bytes	2026-10-04T17:51:11.3168492Z   "native_subjects": 271,
build	Verify exact curated publication bytes	2026-10-04T17:51:11.3169139Z   "native_publications": 136,
build	Verify exact curated publication bytes	2026-10-04T17:51:11.3169706Z   "readable_subjects": 136,
build	Verify exact curated publication bytes	2026-10-04T17:51:11.3170323Z   "producer_set_verified": true,
build	Verify exact curated publication bytes	2026-10-04T17:51:11.3170880Z   "editions": [
build	Verify exact curated publication bytes	2026-10-04T17:51:11.3171310Z     {
build	Verify exact curated publication bytes	2026-10-04T17:51:11.3172090Z       "projection_ref": "projection:return-of-zero:published-reading",
build	Verify exact curated publication bytes	2026-10-04T17:51:11.3173373Z       "projection_revision": 2,
build	Verify exact curated publication bytes	2026-10-04T17:51:11.3173950Z       "source": {
build	Verify exact curated publication bytes	2026-10-04T17:51:11.3174456Z         "system": "o-i",
build	Verify exact curated publication bytes	2026-10-04T17:51:11.3175609Z         "ref": "production/return-of-zero",
build	Verify exact curated publication bytes	2026-10-04T17:51:11.3176209Z         "revision": "dbf3b17"
build	Verify exact curated publication bytes	2026-10-04T17:51:11.3176631Z       },
build	Verify exact curated publication bytes	2026-10-04T17:51:11.3177334Z       "html_sha256": "87b95c666cdc3a53108af1098c279be4464a423928ac00984b54f7ba76e8777e",
build	Verify exact curated publication bytes	2026-10-04T17:51:11.3178490Z       "projection_sha256": "308ef56362790b6c7ddef6c545834690c61a68d0c7445d34337916fd2257506a",
build	Verify exact curated publication bytes	2026-10-04T17:51:11.3179265Z       "native_body": null
build	Verify exact curated publication bytes	2026-10-04T17:51:11.3179651Z     },
build	Verify exact curated publication bytes	2026-10-04T17:51:11.3179954Z     {
build	Verify exact curated publication bytes	2026-10-04T17:51:11.3180571Z       "projection_ref": "projection:return-of-zero:roz-a-arguments:expression",
build	Verify exact curated publication bytes	2026-10-04T17:51:11.3181376Z       "projection_revision": 1,
build	Verify exact curated publication bytes	2026-10-04T17:51:11.3181797Z       "source": {
build	Verify exact curated publication bytes	2026-10-04T17:51:11.3182407Z         "system": "o-i",
build	Verify exact curated publication bytes	2026-10-04T17:51:11.3182997Z         "world_ref": "world:return-of-zero",
build	Verify exact curated publication bytes	2026-10-04T17:51:11.3183690Z         "ref": "expression:return-of-zero:roz-a-arguments",
build	Verify exact curated publication bytes	2026-10-04T17:51:11.3184269Z         "revision": "1"
build	Verify exact curated publication bytes	2026-10-04T17:51:11.3184697Z       },
build	Verify exact curated publication bytes	2026-10-04T17:51:11.3185647Z       "html_sha256": "f6d39a5906cbe123e01aa4acc404071a681649f41c92b8078e6d05bae7103a3c",
build	Verify exact curated publication bytes	2026-10-04T17:51:11.3186912Z       "projection_sha256": "362a1beaa31308f6e0703fed6f325d2e91982734adf683360cb4ef952cc59484",
build	Verify exact curated publication bytes	2026-10-04T17:51:11.3187784Z       "native_body": {
build	Verify exact curated publication bytes	2026-10-04T17:51:11.3188578Z         "sha256": "0e52cb1fbc23343d75ae21449d39a31d4eaecdc5e6be051f17fa8793eac3918c",
build	Verify exact curated publication bytes	2026-10-04T17:51:11.3189244Z         "scenes": 36,
build	Verify exact curated publication bytes	2026-10-04T17:51:11.3189512Z         "entities": 87,
build	Verify exact curated publication bytes	2026-10-04T17:51:11.3189890Z         "source_revision": "66c767c659abb7bd01be96118e3eb28570b6afc9"
build	Verify exact curated publication bytes	2026-10-04T17:51:11.3190287Z       }
build	Verify exact curated publication bytes	2026-10-04T17:51:11.3190488Z     },
build	Verify exact curated publication bytes	2026-10-04T17:51:11.3190710Z     {
build	Verify exact curated publication bytes	2026-10-04T17:51:11.3191147Z       "projection_ref": "projection:return-of-zero:roz-a-prime-conjugates:expression",
build	Verify exact curated publication bytes	2026-10-04T17:51:11.3191653Z       "projection_revision": 1,
build	Verify exact curated publication bytes	2026-10-04T17:51:11.3191933Z       "source": {
build	Verify exact curated publication bytes	2026-10-04T17:51:11.3192180Z         "system": "o-i",
build	Verify exact curated publication bytes	2026-10-04T17:51:11.3192486Z         "world_ref": "world:return-of-zero",
build	Verify exact curated publication bytes	2026-10-04T17:51:11.3192927Z         "ref": "expression:return-of-zero:roz-a-prime-conjugates",
build	Verify exact curated publication bytes	2026-10-04T17:51:11.3193342Z         "revision": "1"
build	Verify exact curated publication bytes	2026-10-04T17:51:11.3193577Z       },
build	Verify exact curated publication bytes	2026-10-04T17:51:11.3194025Z       "html_sha256": "abd3def51c365c35c64697bed1aa1d4cc582065a5530cd1e169c27969d47fb16",
build	Verify exact curated publication bytes	2026-10-04T17:51:11.3194744Z       "projection_sha256": "e7fd7f3ffb598f4eda54bf09b85ce81db0ef3b1a1f769ef91309b2d30bbe6952",
build	Verify exact curated publication bytes	2026-10-04T17:51:11.3195936Z       "native_body": {
build	Verify exact curated publication bytes	2026-10-04T17:51:11.3196562Z         "sha256": "d1db1778ac01678e5effb4ab46580e8d0d090c05cb43d2ef0b0cbc3bee72dcb7",
build	Verify exact curated publication bytes	2026-10-04T17:51:11.3197047Z         "scenes": 36,
build	Verify exact curated publication bytes	2026-10-04T17:51:11.3197318Z         "entities": 89,
build	Verify exact curated publication bytes	2026-10-04T17:51:11.3197705Z         "source_revision": "66c767c659abb7bd01be96118e3eb28570b6afc9"
build	Verify exact curated publication bytes	2026-10-04T17:51:11.3198100Z       }
build	Verify exact curated publication bytes	2026-10-04T17:51:11.3198303Z     },
build	Verify exact curated publication bytes	2026-10-04T17:51:11.3198535Z     {
build	Verify exact curated publication bytes	2026-10-04T17:51:11.3198930Z       "projection_ref": "projection:return-of-zero:roz-ac-root:expression",
build	Verify exact curated publication bytes	2026-10-04T17:51:11.3199381Z       "projection_revision": 1,
build	Verify exact curated publication bytes	2026-10-04T17:51:11.3199666Z       "source": {
build	Verify exact curated publication bytes	2026-10-04T17:51:11.3199912Z         "system": "o-i",
build	Verify exact curated publication bytes	2026-10-04T17:51:11.3200224Z         "world_ref": "world:return-of-zero",
build	Verify exact curated publication bytes	2026-10-04T17:51:11.3200615Z         "ref": "expression:return-of-zero:roz-ac-root",
build	Verify exact curated publication bytes	2026-10-04T17:51:11.3200954Z         "revision": "1"
build	Verify exact curated publication bytes	2026-10-04T17:51:11.3201194Z       },
build	Verify exact curated publication bytes	2026-10-04T17:51:11.3201610Z       "html_sha256": "436ad5c5d165f8498ed6c09f71aae3b8eede3740475f34c41d3bde2c53097c78",
build	Verify exact curated publication bytes	2026-10-04T17:51:11.3202311Z       "projection_sha256": "c84bf4372c4351da2fa47944b72fefa19227097172159545d9f1b1f11499fea1",
build	Verify exact curated publication bytes	2026-10-04T17:51:11.3202790Z       "native_body": {
build	Verify exact curated publication bytes	2026-10-04T17:51:11.3203436Z         "sha256": "701bcac3902132674fb740d1d4d27ed9874fa47c0ee4db02b7601f84684759f7",
build	Verify exact curated publication bytes	2026-10-04T17:51:11.3203891Z         "scenes": 5,
build	Verify exact curated publication bytes	2026-10-04T17:51:11.3204135Z         "entities": 22,
build	Verify exact curated publication bytes	2026-10-04T17:51:11.3204502Z         "source_revision": "66c767c659abb7bd01be96118e3eb28570b6afc9"
build	Verify exact curated publication bytes	2026-10-04T17:51:11.3205137Z       }
build	Verify exact curated publication bytes	2026-10-04T17:51:11.3205448Z     },
build	Verify exact curated publication bytes	2026-10-04T17:51:11.3205668Z     {
build	Verify exact curated publication bytes	2026-10-04T17:51:11.3206074Z       "projection_ref": "projection:return-of-zero:roz-c-concepts-1:expression",
build	Verify exact curated publication bytes	2026-10-04T17:51:11.3206556Z       "projection_revision": 1,
build	Verify exact curated publication bytes	2026-10-04T17:51:11.3206835Z       "source": {
build	Verify exact curated publication bytes	2026-10-04T17:51:11.3207082Z         "system": "o-i",
build	Verify exact curated publication bytes	2026-10-04T17:51:11.3207404Z         "world_ref": "world:return-of-zero",
build	Verify exact curated publication bytes	2026-10-04T17:51:11.3207813Z         "ref": "expression:return-of-zero:roz-c-concepts-1",
build	Verify exact curated publication bytes	2026-10-04T17:51:11.3208171Z         "revision": "1"
build	Verify exact curated publication bytes	2026-10-04T17:51:11.3208417Z       },
build	Verify exact curated publication bytes	2026-10-04T17:51:11.3208857Z       "html_sha256": "13c40fa2d7d960d86dd53c6060de2ca89676b84ea1b2e5a3f842b94a4b2de8d5",
build	Verify exact curated publication bytes	2026-10-04T17:51:11.3209753Z       "projection_sha256": "0d5e4bcb1e16abe8c5dd5b708c4ef57324eca78d3c1ae943fe0bc592c2a2d481",
build	Verify exact curated publication bytes	2026-10-04T17:51:11.3210267Z       "native_body": {
build	Verify exact curated publication bytes	2026-10-04T17:51:11.3210703Z         "sha256": "39ca6dbbe7596c8e010a508a10d6b6b9b2f26b2b56331dd860403ded5dcafa84",
build	Verify exact curated publication bytes	2026-10-04T17:51:11.3211162Z         "scenes": 32,
build	Verify exact curated publication bytes	2026-10-04T17:51:11.3211413Z         "entities": 82,
build	Verify exact curated publication bytes	2026-10-04T17:51:11.3211782Z         "source_revision": "66c767c659abb7bd01be96118e3eb28570b6afc9"
build	Verify exact curated publication bytes	2026-10-04T17:51:11.3212169Z       }
build	Verify exact curated publication bytes	2026-10-04T17:51:11.3212386Z     },
build	Verify exact curated publication bytes	2026-10-04T17:51:11.3212601Z     {
build	Verify exact curated publication bytes	2026-10-04T17:51:11.3212988Z       "projection_ref": "projection:return-of-zero:roz-c-concepts-2:expression",
build	Verify exact curated publication bytes	2026-10-04T17:51:11.3213447Z       "projection_revision": 1,
build	Verify exact curated publication bytes	2026-10-04T17:51:11.3213725Z       "source": {
build	Verify exact curated publication bytes	2026-10-04T17:51:11.3213976Z         "system": "o-i",
build	Verify exact curated publication bytes	2026-10-04T17:51:11.3214286Z         "world_ref": "world:return-of-zero",
build	Verify exact curated publication bytes	2026-10-04T17:51:11.3214695Z         "ref": "expression:return-of-zero:roz-c-concepts-2",
build	Verify exact curated publication bytes	2026-10-04T17:51:11.3215415Z         "revision": "1"
build	Verify exact curated publication bytes	2026-10-04T17:51:11.3215671Z       },
build	Verify exact curated publication bytes	2026-10-04T17:51:11.3216092Z       "html_sha256": "4e9a01fb914df4a429b0eedb91a00580db69005524b89555060927e3288cc766",
build	Verify exact curated publication bytes	2026-10-04T17:51:11.3216808Z       "projection_sha256": "c8323b463c626921d570819544665a000ca6d0b5fd21b3e34b17c1e4f0bc4d64",
build	Verify exact curated publication bytes	2026-10-04T17:51:11.3217282Z       "native_body": {
build	Verify exact curated publication bytes	2026-10-04T17:51:11.3217738Z         "sha256": "61f8dffcf1eca575712e5c23c7e647929eba27eb769b9bcff543e1e0a54737b3",
build	Verify exact curated publication bytes	2026-10-04T17:51:11.3218183Z         "scenes": 32,
build	Verify exact curated publication bytes	2026-10-04T17:51:11.3218435Z         "entities": 96,
build	Verify exact curated publication bytes	2026-10-04T17:51:11.3218813Z         "source_revision": "66c767c659abb7bd01be96118e3eb28570b6afc9"
build	Verify exact curated publication bytes	2026-10-04T17:51:11.3219203Z       }
build	Verify exact curated publication bytes	2026-10-04T17:51:11.3219404Z     },
build	Verify exact curated publication bytes	2026-10-04T17:51:11.3219621Z     {
build	Verify exact curated publication bytes	2026-10-04T17:51:11.3219997Z       "projection_ref": "projection:return-of-zero:roz-dossiers:expression",
build	Verify exact curated publication bytes	2026-10-04T17:51:11.3220458Z       "projection_revision": 1,
build	Verify exact curated publication bytes	2026-10-04T17:51:11.3220748Z       "source": {
build	Verify exact curated publication bytes	2026-10-04T17:51:11.3220999Z         "system": "o-i",
build	Verify exact curated publication bytes	2026-10-04T17:51:11.3221317Z         "world_ref": "world:return-of-zero",
build	Verify exact curated publication bytes	2026-10-04T17:51:11.3221716Z         "ref": "expression:return-of-zero:roz-dossiers",
build	Verify exact curated publication bytes	2026-10-04T17:51:11.3222070Z         "revision": "1"
build	Verify exact curated publication bytes	2026-10-04T17:51:11.3222318Z       },
build	Verify exact curated publication bytes	2026-10-04T17:51:11.3222773Z       "html_sha256": "fc37c32026247c1015c1edfce5bd9a548d2ae14a1e1d31440af358743798552e",
build	Verify exact curated publication bytes	2026-10-04T17:51:11.3223468Z       "projection_sha256": "730c71eaae37637293a865456bd8bdffa70727ce15b721cdde1b717f477328f8",
build	Verify exact curated publication bytes	2026-10-04T17:51:11.3224006Z       "native_body": {
build	Verify exact curated publication bytes	2026-10-04T17:51:11.3224453Z         "sha256": "a0ddd0ea70ddc9c2ef4abb9fe6acfdb934037aaad4a41e749251b1cf80169733",
build	Verify exact curated publication bytes	2026-10-04T17:51:11.3225043Z         "scenes": 7,
build	Verify exact curated publication bytes	2026-10-04T17:51:11.3225288Z         "entities": 28,
build	Verify exact curated publication bytes	2026-10-04T17:51:11.3225723Z         "source_revision": "66c767c659abb7bd01be96118e3eb28570b6afc9"
build	Verify exact curated publication bytes	2026-10-04T17:51:11.3226097Z       }
build	Verify exact curated publication bytes	2026-10-04T17:51:11.3226305Z     },
build	Verify exact curated publication bytes	2026-10-04T17:51:11.3226679Z     {
build	Verify exact curated publication bytes	2026-10-04T17:51:11.3227075Z       "projection_ref": "projection:return-of-zero:roz-etymologies:expression",
build	Verify exact curated publication bytes	2026-10-04T17:51:11.3227563Z       "projection_revision": 1,
build	Verify exact curated publication bytes	2026-10-04T17:51:11.3227844Z       "source": {
build	Verify exact curated publication bytes	2026-10-04T17:51:11.3228090Z         "system": "o-i",
build	Verify exact curated publication bytes	2026-10-04T17:51:11.3228401Z         "world_ref": "world:return-of-zero",
build	Verify exact curated publication bytes	2026-10-04T17:51:11.3228810Z         "ref": "expression:return-of-zero:roz-etymologies",
build	Verify exact curated publication bytes	2026-10-04T17:51:11.3229166Z         "revision": "1"
build	Verify exact curated publication bytes	2026-10-04T17:51:11.3229418Z       },
build	Verify exact curated publication bytes	2026-10-04T17:51:11.3229830Z       "html_sha256": "84254e35b679c97def25f78c8e36618d244afb93fde8e5730d3c7339197edc5b",
build	Verify exact curated publication bytes	2026-10-04T17:51:11.3230545Z       "projection_sha256": "6ded182f2cc9b11ff6b1cd44b76c84a9f87fcf05b5c3fafbd353084fba1c6fc9",
build	Verify exact curated publication bytes	2026-10-04T17:51:11.3231072Z       "native_body": {
build	Verify exact curated publication bytes	2026-10-04T17:51:11.3231526Z         "sha256": "b21d1b014f478f1eabe8ef35243c2f35478c8ff79eae0c1fa7a742e79ae7b83e",
build	Verify exact curated publication bytes	2026-10-04T17:51:11.3232128Z         "scenes": 6,
build	Verify exact curated publication bytes	2026-10-04T17:51:11.3232377Z         "entities": 48,
build	Verify exact curated publication bytes	2026-10-04T17:51:11.3232746Z         "source_revision": "66c767c659abb7bd01be96118e3eb28570b6afc9"
build	Verify exact curated publication bytes	2026-10-04T17:51:11.3233115Z       }
build	Verify exact curated publication bytes	2026-10-04T17:51:11.3233326Z     },
build	Verify exact curated publication bytes	2026-10-04T17:51:11.3233544Z     {
build	Verify exact curated publication bytes	2026-10-04T17:51:11.3233928Z       "projection_ref": "projection:return-of-zero:roz-histories:expression",
build	Verify exact curated publication bytes	2026-10-04T17:51:11.3234380Z       "projection_revision": 1,
build	Verify exact curated publication bytes	2026-10-04T17:51:11.3234672Z       "source": {
build	Verify exact curated publication bytes	2026-10-04T17:51:11.3235032Z         "system": "o-i",
build	Verify exact curated publication bytes	2026-10-04T17:51:11.3235352Z         "world_ref": "world:return-of-zero",
build	Verify exact curated publication bytes	2026-10-04T17:51:11.3235746Z         "ref": "expression:return-of-zero:roz-histories",
build	Verify exact curated publication bytes	2026-10-04T17:51:11.3236100Z         "revision": "1"
build	Verify exact curated publication bytes	2026-10-04T17:51:11.3236344Z       },
build	Verify exact curated publication bytes	2026-10-04T17:51:11.3236783Z       "html_sha256": "6bc4a271bb7fe9af06b2738a3e31057c19d3ee506d73694b05561284d014eff9",
build	Verify exact curated publication bytes	2026-10-04T17:51:11.3237473Z       "projection_sha256": "1ef0c47324c5c5710f2a589d5ac977ffbf189b3e88a10d05e637acba576fbdc1",
build	Verify exact curated publication bytes	2026-10-04T17:51:11.3237979Z       "native_body": {
build	Verify exact curated publication bytes	2026-10-04T17:51:11.3238420Z         "sha256": "4b64c60beb3cafa503e56b9dc1e42fecc1fb35c7a2cb7e26f97024a7d1330633",
build	Verify exact curated publication bytes	2026-10-04T17:51:11.3238877Z         "scenes": 10,
build	Verify exact curated publication bytes	2026-10-04T17:51:11.3239130Z         "entities": 59,
build	Verify exact curated publication bytes	2026-10-04T17:51:11.3239494Z         "source_revision": "66c767c659abb7bd01be96118e3eb28570b6afc9"
build	Verify exact curated publication bytes	2026-10-04T17:51:11.3239868Z       }
build	Verify exact curated publication bytes	2026-10-04T17:51:11.3240085Z     },
build	Verify exact curated publication bytes	2026-10-04T17:51:11.3240320Z     {
build	Verify exact curated publication bytes	2026-10-04T17:51:11.3240735Z       "projection_ref": "projection:return-of-zero:roz-lenses-aphorism:expression",
build	Verify exact curated publication bytes	2026-10-04T17:51:11.3241228Z       "projection_revision": 1,
build	Verify exact curated publication bytes	2026-10-04T17:51:11.3241508Z       "source": {
build	Verify exact curated publication bytes	2026-10-04T17:51:11.3241753Z         "system": "o-i",
build	Verify exact curated publication bytes	2026-10-04T17:51:11.3242067Z         "world_ref": "world:return-of-zero",
build	Verify exact curated publication bytes	2026-10-04T17:51:11.3242509Z         "ref": "expression:return-of-zero:roz-lenses-aphorism",
build	Verify exact curated publication bytes	2026-10-04T17:51:11.3242881Z         "revision": "1"
build	Verify exact curated publication bytes	2026-10-04T17:51:11.3243135Z       },
build	Verify exact curated publication bytes	2026-10-04T17:51:11.3243576Z       "html_sha256": "52c800f1647995520d7f76ad560d6fe40c1e1faafd30d15f855eae3a48840aca",
build	Verify exact curated publication bytes	2026-10-04T17:51:11.3244268Z       "projection_sha256": "3db674af5e2a4f48fd08831383d937efad751aeb3dd6be78b729c679945b45aa",
build	Verify exact curated publication bytes	2026-10-04T17:51:11.3244769Z       "native_body": {
build	Verify exact curated publication bytes	2026-10-04T17:51:11.3245530Z         "sha256": "e2ec69f14da24393d29dd9b5840e6adbff66ab23ab11b2c31bbcfd02d7ee44d9",
build	Verify exact curated publication bytes	2026-10-04T17:51:11.3245997Z         "scenes": 3,
build	Verify exact curated publication bytes	2026-10-04T17:51:11.3246228Z         "entities": 10,
build	Verify exact curated publication bytes	2026-10-04T17:51:11.3246609Z         "source_revision": "66c767c659abb7bd01be96118e3eb28570b6afc9"
build	Verify exact curated publication bytes	2026-10-04T17:51:11.3246979Z       }
build	Verify exact curated publication bytes	2026-10-04T17:51:11.3247196Z     },
build	Verify exact curated publication bytes	2026-10-04T17:51:11.3247406Z     {
build	Verify exact curated publication bytes	2026-10-04T17:51:11.3247794Z       "projection_ref": "projection:return-of-zero:roz-s-products:expression",
build	Verify exact curated publication bytes	2026-10-04T17:51:11.3248269Z       "projection_revision": 1,
build	Verify exact curated publication bytes	2026-10-04T17:51:11.3248550Z       "source": {
build	Verify exact curated publication bytes	2026-10-04T17:51:11.3248795Z         "system": "o-i",
build	Verify exact curated publication bytes	2026-10-04T17:51:11.3249116Z         "world_ref": "world:return-of-zero",
build	Verify exact curated publication bytes	2026-10-04T17:51:11.3249682Z         "ref": "expression:return-of-zero:roz-s-products",
build	Verify exact curated publication bytes	2026-10-04T17:51:11.3250037Z         "revision": "1"
build	Verify exact curated publication bytes	2026-10-04T17:51:11.3250291Z       },
build	Verify exact curated publication bytes	2026-10-04T17:51:11.3250709Z       "html_sha256": "0912b4a5c3f9463e0f129fdffddd3202fa95c2a5f4f505347cac19a30580a994",
build	Verify exact curated publication bytes	2026-10-04T17:51:11.3251431Z       "projection_sha256": "64fea4765593912dbdefd1e60023e4e4cfa167f2f6b61cc079a03ec314d0d806",
build	Verify exact curated publication bytes	2026-10-04T17:51:11.3251913Z       "native_body": {
build	Verify exact curated publication bytes	2026-10-04T17:51:11.3252355Z         "sha256": "92e14e575fdc651c70f4a2477a957073677a0c1561f144be082578b951d85926",
build	Verify exact curated publication bytes	2026-10-04T17:51:11.3252781Z         "scenes": 7,
build	Verify exact curated publication bytes	2026-10-04T17:51:11.3253027Z         "entities": 25,
build	Verify exact curated publication bytes	2026-10-04T17:51:11.3253405Z         "source_revision": "66c767c659abb7bd01be96118e3eb28570b6afc9"
build	Verify exact curated publication bytes	2026-10-04T17:51:11.3253783Z       }
build	Verify exact curated publication bytes	2026-10-04T17:51:11.3253993Z     },
build	Verify exact curated publication bytes	2026-10-04T17:51:11.3254188Z     {
build	Verify exact curated publication bytes	2026-10-04T17:51:11.3254623Z       "projection_ref": "projection:return-of-zero:roz-matheme-computation:expression",
build	Verify exact curated publication bytes	2026-10-04T17:51:11.3255608Z       "projection_revision": 1,
build	Verify exact curated publication bytes	2026-10-04T17:51:11.3255898Z       "source": {
build	Verify exact curated publication bytes	2026-10-04T17:51:11.3256159Z         "system": "o-i",
build	Verify exact curated publication bytes	2026-10-04T17:51:11.3256474Z         "world_ref": "world:return-of-zero",
build	Verify exact curated publication bytes	2026-10-04T17:51:11.3256930Z         "ref": "expression:return-of-zero:roz-matheme-computation",
build	Verify exact curated publication bytes	2026-10-04T17:51:11.3257329Z         "revision": "1"
build	Verify exact curated publication bytes	2026-10-04T17:51:11.3257583Z       },
build	Verify exact curated publication bytes	2026-10-04T17:51:11.3258008Z       "html_sha256": "e4589a61be7397c32be5dec2c9a4fb85812d8a8290b3eed810e38254410ba37d",
build	Verify exact curated publication bytes	2026-10-04T17:51:11.3258739Z       "projection_sha256": "66101f458aea5369ed59c4cbe04f6ea5a2d2d4ded9bf9e14e7203a9520fe37f9",
build	Verify exact curated publication bytes	2026-10-04T17:51:11.3259229Z       "native_body": {
build	Verify exact curated publication bytes	2026-10-04T17:51:11.3259681Z         "sha256": "553105fb75bcf3d283de07c479440de2eba6298d59f3014c25ca952b6b9e7037",
build	Verify exact curated publication bytes	2026-10-04T17:51:11.3260122Z         "scenes": 5,
build	Verify exact curated publication bytes	2026-10-04T17:51:11.3260377Z         "entities": 23,
build	Verify exact curated publication bytes	2026-10-04T17:51:11.3260756Z         "source_revision": "66c767c659abb7bd01be96118e3eb28570b6afc9"
build	Verify exact curated publication bytes	2026-10-04T17:51:11.3261151Z       }
build	Verify exact curated publication bytes	2026-10-04T17:51:11.3261347Z     },
build	Verify exact curated publication bytes	2026-10-04T17:51:11.3261557Z     {
build	Verify exact curated publication bytes	2026-10-04T17:51:11.3262028Z       "projection_ref": "projection:return-of-zero:roz-matheme-formal-neighbours:expression",
build	Verify exact curated publication bytes	2026-10-04T17:51:11.3262559Z       "projection_revision": 1,
build	Verify exact curated publication bytes	2026-10-04T17:51:11.3262844Z       "source": {
build	Verify exact curated publication bytes	2026-10-04T17:51:11.3263077Z         "system": "o-i",
build	Verify exact curated publication bytes	2026-10-04T17:51:11.3263403Z         "world_ref": "world:return-of-zero",
build	Verify exact curated publication bytes	2026-10-04T17:51:11.3263866Z         "ref": "expression:return-of-zero:roz-matheme-formal-neighbours",
build	Verify exact curated publication bytes	2026-10-04T17:51:11.3264291Z         "revision": "1"
build	Verify exact curated publication bytes	2026-10-04T17:51:11.3264541Z       },
build	Verify exact curated publication bytes	2026-10-04T17:51:11.3265092Z       "html_sha256": "08b963d0d7db4f730ad6e1adecbfcec791858c9fd9d4a30cdeb3c25e13f1e23d",
build	Verify exact curated publication bytes	2026-10-04T17:51:11.3265792Z       "projection_sha256": "90f469e02002824bd3e158a3941974eb161c74b01f47c20931a1f8b3d57f3286",
build	Verify exact curated publication bytes	2026-10-04T17:51:11.3266282Z       "native_body": {
build	Verify exact curated publication bytes	2026-10-04T17:51:11.3266711Z         "sha256": "2252e293f619bf0b6f0b2343258fef5eac8819650748a1844bf69feb4f728aea",
build	Verify exact curated publication bytes	2026-10-04T17:51:11.3267443Z         "scenes": 17,
build	Verify exact curated publication bytes	2026-10-04T17:51:11.3267681Z         "entities": 71,
build	Verify exact curated publication bytes	2026-10-04T17:51:11.3268065Z         "source_revision": "66c767c659abb7bd01be96118e3eb28570b6afc9"
build	Verify exact curated publication bytes	2026-10-04T17:51:11.3268431Z       }
build	Verify exact curated publication bytes	2026-10-04T17:51:11.3268640Z     },
build	Verify exact curated publication bytes	2026-10-04T17:51:11.3268851Z     {
build	Verify exact curated publication bytes	2026-10-04T17:51:11.3269271Z       "projection_ref": "projection:return-of-zero:roz-matheme-four-files:expression",
build	Verify exact curated publication bytes	2026-10-04T17:51:11.3269782Z       "projection_revision": 1,
build	Verify exact curated publication bytes	2026-10-04T17:51:11.3270056Z       "source": {
build	Verify exact curated publication bytes	2026-10-04T17:51:11.3270298Z         "system": "o-i",
build	Verify exact curated publication bytes	2026-10-04T17:51:11.3270606Z         "world_ref": "world:return-of-zero",
build	Verify exact curated publication bytes	2026-10-04T17:51:11.3271032Z         "ref": "expression:return-of-zero:roz-matheme-four-files",
build	Verify exact curated publication bytes	2026-10-04T17:51:11.3271431Z         "revision": "1"
build	Verify exact curated publication bytes	2026-10-04T17:51:11.3271675Z       },
build	Verify exact curated publication bytes	2026-10-04T17:51:11.3272094Z       "html_sha256": "691aff90fdcf04e9c80837b3932d45cb62f13e6660612e63c2d8d47b704d01ab",
build	Verify exact curated publication bytes	2026-10-04T17:51:11.3272965Z       "projection_sha256": "a2016cef400f3ca1f7419c0406d5e330fcb8713078b21579e063a4f439f3d3b3",
build	Verify exact curated publication bytes	2026-10-04T17:51:11.3273463Z       "native_body": {
build	Verify exact curated publication bytes	2026-10-04T17:51:11.3273908Z         "sha256": "33b196bfea844d9f6d43cb9901c24f20d53f59292034651afdcd7564755e45ac",
build	Verify exact curated publication bytes	2026-10-04T17:51:11.3274342Z         "scenes": 28,
build	Verify exact curated publication bytes	2026-10-04T17:51:11.3274596Z         "entities": 138,
build	Verify exact curated publication bytes	2026-10-04T17:51:11.3275103Z         "source_revision": "66c767c659abb7bd01be96118e3eb28570b6afc9"
build	Verify exact curated publication bytes	2026-10-04T17:51:11.3275495Z       }
build	Verify exact curated publication bytes	2026-10-04T17:51:11.3275697Z     },
build	Verify exact curated publication bytes	2026-10-04T17:51:11.3275918Z     {
build	Verify exact curated publication bytes	2026-10-04T17:51:11.3276332Z       "projection_ref": "projection:return-of-zero:roz-matheme-logics:expression",
build	Verify exact curated publication bytes	2026-10-04T17:51:11.3276854Z       "projection_revision": 1,
build	Verify exact curated publication bytes	2026-10-04T17:51:11.3277136Z       "source": {
build	Verify exact curated publication bytes	2026-10-04T17:51:11.3277379Z         "system": "o-i",
build	Verify exact curated publication bytes	2026-10-04T17:51:11.3277691Z         "world_ref": "world:return-of-zero",
build	Verify exact curated publication bytes	2026-10-04T17:51:11.3278277Z         "ref": "expression:return-of-zero:roz-matheme-logics",
build	Verify exact curated publication bytes	2026-10-04T17:51:11.3278657Z         "revision": "1"
build	Verify exact curated publication bytes	2026-10-04T17:51:11.3278910Z       },
build	Verify exact curated publication bytes	2026-10-04T17:51:11.3279346Z       "html_sha256": "0105d4510a4371c80eec6b6b7340516a56049371b324875d554a0ffdd4b149e2",
build	Verify exact curated publication bytes	2026-10-04T17:51:11.3280040Z       "projection_sha256": "0d3529850d8c25103ffe1addc212a957ed35f5e2fc21621271f00f3c07d4aeb2",
build	Verify exact curated publication bytes	2026-10-04T17:51:11.3280557Z       "native_body": {
build	Verify exact curated publication bytes	2026-10-04T17:51:11.3281008Z         "sha256": "87a31413ab31e9207fc4148612abb72b3bdaca0379809327d1bae817aa92d50e",
build	Verify exact curated publication bytes	2026-10-04T17:51:11.3281449Z         "scenes": 6,
build	Verify exact curated publication bytes	2026-10-04T17:51:11.3281703Z         "entities": 21,
build	Verify exact curated publication bytes	2026-10-04T17:51:11.3282098Z         "source_revision": "66c767c659abb7bd01be96118e3eb28570b6afc9"
build	Verify exact curated publication bytes	2026-10-04T17:51:11.3282495Z       }
build	Verify exact curated publication bytes	2026-10-04T17:51:11.3282716Z     },
build	Verify exact curated publication bytes	2026-10-04T17:51:11.3282960Z     {
build	Verify exact curated publication bytes	2026-10-04T17:51:11.3283381Z       "projection_ref": "projection:return-of-zero:roz-matheme-ql-spanda:expression",
build	Verify exact curated publication bytes	2026-10-04T17:51:11.3283883Z       "projection_revision": 1,
build	Verify exact curated publication bytes	2026-10-04T17:51:11.3284170Z       "source": {
build	Verify exact curated publication bytes	2026-10-04T17:51:11.3284418Z         "system": "o-i",
build	Verify exact curated publication bytes	2026-10-04T17:51:11.3284738Z         "world_ref": "world:return-of-zero",
build	Verify exact curated publication bytes	2026-10-04T17:51:11.3285441Z         "ref": "expression:return-of-zero:roz-matheme-ql-spanda",
build	Verify exact curated publication bytes	2026-10-04T17:51:11.3285824Z         "revision": "1"
build	Verify exact curated publication bytes	2026-10-04T17:51:11.3286071Z       },
build	Verify exact curated publication bytes	2026-10-04T17:51:11.3286488Z       "html_sha256": "3dc391d3b07aceb2645b115b07ca1388e5ab7bce6455734c33fdff492415fe65",
build	Verify exact curated publication bytes	2026-10-04T17:51:11.3287203Z       "projection_sha256": "306be4399c73c42962a8abda388af7157d20fd5cff9d414c932f36a2bc2e5149",
build	Verify exact curated publication bytes	2026-10-04T17:51:11.3287706Z       "native_body": {
build	Verify exact curated publication bytes	2026-10-04T17:51:11.3288137Z         "sha256": "2b6d04632829f23b7ca0279fff576dbebda5676712a8198e7a5a45d07868b4e5",
build	Verify exact curated publication bytes	2026-10-04T17:51:11.3288586Z         "scenes": 9,
build	Verify exact curated publication bytes	2026-10-04T17:51:11.3288838Z         "entities": 38,
build	Verify exact curated publication bytes	2026-10-04T17:51:11.3289215Z         "source_revision": "66c767c659abb7bd01be96118e3eb28570b6afc9"
build	Verify exact curated publication bytes	2026-10-04T17:51:11.3289663Z       }
build	Verify exact curated publication bytes	2026-10-04T17:51:11.3289881Z     },
build	Verify exact curated publication bytes	2026-10-04T17:51:11.3290077Z     {
build	Verify exact curated publication bytes	2026-10-04T17:51:11.3290548Z       "projection_ref": "projection:return-of-zero:roz-matheme-topology-harmonics:expression",
build	Verify exact curated publication bytes	2026-10-04T17:51:11.3291085Z       "projection_revision": 1,
build	Verify exact curated publication bytes	2026-10-04T17:51:11.3291368Z       "source": {
build	Verify exact curated publication bytes	2026-10-04T17:51:11.3291616Z         "system": "o-i",
build	Verify exact curated publication bytes	2026-10-04T17:51:11.3291928Z         "world_ref": "world:return-of-zero",
build	Verify exact curated publication bytes	2026-10-04T17:51:11.3292408Z         "ref": "expression:return-of-zero:roz-matheme-topology-harmonics",
build	Verify exact curated publication bytes	2026-10-04T17:51:11.3292832Z         "revision": "1"
build	Verify exact curated publication bytes	2026-10-04T17:51:11.3293106Z       },
build	Verify exact curated publication bytes	2026-10-04T17:51:11.3293548Z       "html_sha256": "b911abadaad1219cc1e73aed2f5d9fcceb0123c823d9036d6776ee7a12c17612",
build	Verify exact curated publication bytes	2026-10-04T17:51:11.3294259Z       "projection_sha256": "1b2f7209adcf7f98e32fd69ad6a0e57f20f1b3cbe424775fe548eb1f7adbe7cb",
build	Verify exact curated publication bytes	2026-10-04T17:51:11.3294758Z       "native_body": {
build	Verify exact curated publication bytes	2026-10-04T17:51:11.3295516Z         "sha256": "442f16c45098fdbc5e57fb02c62e8cd98199900e7f36de3166bc93766d4dd5bf",
build	Verify exact curated publication bytes	2026-10-04T17:51:11.3296146Z         "scenes": 15,
build	Verify exact curated publication bytes	2026-10-04T17:51:11.3296401Z         "entities": 84,
build	Verify exact curated publication bytes	2026-10-04T17:51:11.3296779Z         "source_revision": "66c767c659abb7bd01be96118e3eb28570b6afc9"
build	Verify exact curated publication bytes	2026-10-04T17:51:11.3297177Z       }
build	Verify exact curated publication bytes	2026-10-04T17:51:11.3297385Z     },
build	Verify exact curated publication bytes	2026-10-04T17:51:11.3297597Z     {
build	Verify exact curated publication bytes	2026-10-04T17:51:11.3298005Z       "projection_ref": "projection:return-of-zero:roz-symbolon-spine:expression",
build	Verify exact curated publication bytes	2026-10-04T17:51:11.3298494Z       "projection_revision": 1,
build	Verify exact curated publication bytes	2026-10-04T17:51:11.3298776Z       "source": {
build	Verify exact curated publication bytes	2026-10-04T17:51:11.3299020Z         "system": "o-i",
build	Verify exact curated publication bytes	2026-10-04T17:51:11.3299334Z         "world_ref": "world:return-of-zero",
build	Verify exact curated publication bytes	2026-10-04T17:51:11.3299763Z         "ref": "expression:return-of-zero:roz-symbolon-spine",
build	Verify exact curated publication bytes	2026-10-04T17:51:11.3300130Z         "revision": "1"
build	Verify exact curated publication bytes	2026-10-04T17:51:11.3300371Z       },
build	Verify exact curated publication bytes	2026-10-04T17:51:11.3300801Z       "html_sha256": "f40c74bb108bdc7dfc45690a3f9049387afb4ac7e7ac469250d50203eef773f1",
build	Verify exact curated publication bytes	2026-10-04T17:51:11.3301659Z       "projection_sha256": "acfa77c62b323fe9c1c0b2f17b4eb30fc963e6279cc3468abd61feef07342978",
build	Verify exact curated publication bytes	2026-10-04T17:51:11.3302171Z       "native_body": {
build	Verify exact curated publication bytes	2026-10-04T17:51:11.3302618Z         "sha256": "e75bc45dea5a6e065c11904edda35ff6bf822a9ec00178f83f11226425e6c2ff",
build	Verify exact curated publication bytes	2026-10-04T17:51:11.3303063Z         "scenes": 13,
build	Verify exact curated publication bytes	2026-10-04T17:51:11.3316540Z         "entities": 54,
build	Verify exact curated publication bytes	2026-10-04T17:51:11.3317043Z         "source_revision": "66c767c659abb7bd01be96118e3eb28570b6afc9"
build	Verify exact curated publication bytes	2026-10-04T17:51:11.3317463Z       }
build	Verify exact curated publication bytes	2026-10-04T17:51:11.3317686Z     },
build	Verify exact curated publication bytes	2026-10-04T17:51:11.3317885Z     {
build	Verify exact curated publication bytes	2026-10-04T17:51:11.3318327Z       "projection_ref": "projection:return-of-zero:roz-symbolon-whole:expression",
build	Verify exact curated publication bytes	2026-10-04T17:51:11.3318841Z       "projection_revision": 1,
build	Verify exact curated publication bytes	2026-10-04T17:51:11.3319120Z       "source": {
build	Verify exact curated publication bytes	2026-10-04T17:51:11.3319379Z         "system": "o-i",
build	Verify exact curated publication bytes	2026-10-04T17:51:11.3319717Z         "world_ref": "world:return-of-zero",
build	Verify exact curated publication bytes	2026-10-04T17:51:11.3320142Z         "ref": "expression:return-of-zero:roz-symbolon-whole",
build	Verify exact curated publication bytes	2026-10-04T17:51:11.3320545Z         "revision": "1"
build	Verify exact curated publication bytes	2026-10-04T17:51:11.3320802Z       },
build	Verify exact curated publication bytes	2026-10-04T17:51:11.3321237Z       "html_sha256": "f6c86dd10b438de8aa2a980c5a46e8f134d42489a3b38dab7f17b513973cb25e",
build	Verify exact curated publication bytes	2026-10-04T17:51:11.3321969Z       "projection_sha256": "2464bdb066070557fe5fa469a9fab384a93086c35d618de1c78f6ced73b58261",
build	Verify exact curated publication bytes	2026-10-04T17:51:11.3322455Z       "native_body": {
build	Verify exact curated publication bytes	2026-10-04T17:51:11.3322918Z         "sha256": "bfba596d975d1d2abe0afdc899009e2e2528924d4ccc835e02048da963000024",
build	Verify exact curated publication bytes	2026-10-04T17:51:11.3323391Z         "scenes": 6,
build	Verify exact curated publication bytes	2026-10-04T17:51:11.3323624Z         "entities": 9,
build	Verify exact curated publication bytes	2026-10-04T17:51:11.3324014Z         "source_revision": "66c767c659abb7bd01be96118e3eb28570b6afc9"
build	Verify exact curated publication bytes	2026-10-04T17:51:11.3324390Z       }
build	Verify exact curated publication bytes	2026-10-04T17:51:11.3324606Z     },
build	Verify exact curated publication bytes	2026-10-04T17:51:11.3324815Z     {
build	Verify exact curated publication bytes	2026-10-04T17:51:11.3325634Z       "projection_ref": "projection:return-of-zero:roz-mytheme-antikythera-attunement:expression",
build	Verify exact curated publication bytes	2026-10-04T17:51:11.3326206Z       "projection_revision": 1,
build	Verify exact curated publication bytes	2026-10-04T17:51:11.3326495Z       "source": {
build	Verify exact curated publication bytes	2026-10-04T17:51:11.3326751Z         "system": "o-i",
build	Verify exact curated publication bytes	2026-10-04T17:51:11.3327071Z         "world_ref": "world:return-of-zero",
build	Verify exact curated publication bytes	2026-10-04T17:51:11.3327577Z         "ref": "expression:return-of-zero:roz-mytheme-antikythera-attunement",
build	Verify exact curated publication bytes	2026-10-04T17:51:11.3328047Z         "revision": "1"
build	Verify exact curated publication bytes	2026-10-04T17:51:11.3328284Z       },
build	Verify exact curated publication bytes	2026-10-04T17:51:11.3328725Z       "html_sha256": "82c0a0ac38e0dd22d47848d90147cf9e827800ea4e1ea5f0869a13fe57f82afb",
build	Verify exact curated publication bytes	2026-10-04T17:51:11.3329403Z       "projection_sha256": "2b269173d0350af71ea440b88a36f57709780cb9cd28c7de19dc2069eee6857c",
build	Verify exact curated publication bytes	2026-10-04T17:51:11.3329910Z       "native_body": {
build	Verify exact curated publication bytes	2026-10-04T17:51:11.3330378Z         "sha256": "7f70e5201ac29df67794bdf752aff80131ebb252617b40180211608ab4081c80",
build	Verify exact curated publication bytes	2026-10-04T17:51:11.3330835Z         "scenes": 6,
build	Verify exact curated publication bytes	2026-10-04T17:51:11.3331095Z         "entities": 24,
build	Verify exact curated publication bytes	2026-10-04T17:51:11.3331473Z         "source_revision": "66c767c659abb7bd01be96118e3eb28570b6afc9"
build	Verify exact curated publication bytes	2026-10-04T17:51:11.3331861Z       }
build	Verify exact curated publication bytes	2026-10-04T17:51:11.3332087Z     },
build	Verify exact curated publication bytes	2026-10-04T17:51:11.3332291Z     {
build	Verify exact curated publication bytes	2026-10-04T17:51:11.3333018Z       "projection_ref": "projection:return-of-zero:roz-mytheme-apollo-dionysus-daphne:expression",
build	Verify exact curated publication bytes	2026-10-04T17:51:11.3333579Z       "projection_revision": 1,
build	Verify exact curated publication bytes	2026-10-04T17:51:11.3333862Z       "source": {
build	Verify exact curated publication bytes	2026-10-04T17:51:11.3334112Z         "system": "o-i",
build	Verify exact curated publication bytes	2026-10-04T17:51:11.3334436Z         "world_ref": "world:return-of-zero",
build	Verify exact curated publication bytes	2026-10-04T17:51:11.3335171Z         "ref": "expression:return-of-zero:roz-mytheme-apollo-dionysus-daphne",
build	Verify exact curated publication bytes	2026-10-04T17:51:11.3335660Z         "revision": "1"
build	Verify exact curated publication bytes	2026-10-04T17:51:11.3335897Z       },
build	Verify exact curated publication bytes	2026-10-04T17:51:11.3336332Z       "html_sha256": "698f20df4da65204574103f9f68c20ff12d39020582c2676e583174d5fc4c450",
build	Verify exact curated publication bytes	2026-10-04T17:51:11.3337028Z       "projection_sha256": "78f6fd107fbec6ccbd432e3d8eed0007aaea1faf026a124ae06727e93e66d93d",
build	Verify exact curated publication bytes	2026-10-04T17:51:11.3337540Z       "native_body": {
build	Verify exact curated publication bytes	2026-10-04T17:51:11.3337996Z         "sha256": "4ea4f46a5da13a6954cb0ab77fc3aa211bb06b27464bd40732af9ae70ee33dda",
build	Verify exact curated publication bytes	2026-10-04T17:51:11.3338611Z         "scenes": 6,
build	Verify exact curated publication bytes	2026-10-04T17:51:11.3338869Z         "entities": 25,
build	Verify exact curated publication bytes	2026-10-04T17:51:11.3339237Z         "source_revision": "66c767c659abb7bd01be96118e3eb28570b6afc9"
build	Verify exact curated publication bytes	2026-10-04T17:51:11.3339625Z       }
build	Verify exact curated publication bytes	2026-10-04T17:51:11.3339822Z     },
build	Verify exact curated publication bytes	2026-10-04T17:51:11.3340035Z     {
build	Verify exact curated publication bytes	2026-10-04T17:51:11.3340545Z       "projection_ref": "projection:return-of-zero:roz-mytheme-apollo-eros-daphne-peneus:expression",
build	Verify exact curated publication bytes	2026-10-04T17:51:11.3341106Z       "projection_revision": 1,
build	Verify exact curated publication bytes	2026-10-04T17:51:11.3341388Z       "source": {
build	Verify exact curated publication bytes	2026-10-04T17:51:11.3341643Z         "system": "o-i",
build	Verify exact curated publication bytes	2026-10-04T17:51:11.3341952Z         "world_ref": "world:return-of-zero",
build	Verify exact curated publication bytes	2026-10-04T17:51:11.3342465Z         "ref": "expression:return-of-zero:roz-mytheme-apollo-eros-daphne-peneus",
build	Verify exact curated publication bytes	2026-10-04T17:51:11.3342927Z         "revision": "1"
build	Verify exact curated publication bytes	2026-10-04T17:51:11.3343177Z       },
build	Verify exact curated publication bytes	2026-10-04T17:51:11.3343605Z       "html_sha256": "699521b34d8b701efe36e83caf3a4a76fdb27c71b94ae0dd44583fbf9ebad5f1",
build	Verify exact curated publication bytes	2026-10-04T17:51:11.3344309Z       "projection_sha256": "c2393a0db5300bd0889f84918ed84a6a1d94a7b7dec93e353bac005106150536",
build	Verify exact curated publication bytes	2026-10-04T17:51:11.3344811Z       "native_body": {
build	Verify exact curated publication bytes	2026-10-04T17:51:11.3345392Z         "sha256": "1e03f7f2b6ec6d0e7f10b8cca1e7669140afd8f5bff4102b994fece38402c618",
build	Verify exact curated publication bytes	2026-10-04T17:51:11.3345867Z         "scenes": 6,
build	Verify exact curated publication bytes	2026-10-04T17:51:11.3346125Z         "entities": 27,
build	Verify exact curated publication bytes	2026-10-04T17:51:11.3346508Z         "source_revision": "66c767c659abb7bd01be96118e3eb28570b6afc9"
build	Verify exact curated publication bytes	2026-10-04T17:51:11.3346883Z       }
build	Verify exact curated publication bytes	2026-10-04T17:51:11.3347106Z     },
build	Verify exact curated publication bytes	2026-10-04T17:51:11.3347322Z     {
build	Verify exact curated publication bytes	2026-10-04T17:51:11.3347897Z       "projection_ref": "projection:return-of-zero:roz-mytheme-ares-aphrodite-hephaestus-poseidon:expression",
build	Verify exact curated publication bytes	2026-10-04T17:51:11.3348502Z       "projection_revision": 1,
build	Verify exact curated publication bytes	2026-10-04T17:51:11.3348811Z       "source": {
build	Verify exact curated publication bytes	2026-10-04T17:51:11.3349040Z         "system": "o-i",
build	Verify exact curated publication bytes	2026-10-04T17:51:11.3349355Z         "world_ref": "world:return-of-zero",
build	Verify exact curated publication bytes	2026-10-04T17:51:11.3349869Z         "ref": "expression:return-of-zero:roz-mytheme-ares-aphrodite-hephaestus-poseidon",
build	Verify exact curated publication bytes	2026-10-04T17:51:11.3350335Z         "revision": "1"
build	Verify exact curated publication bytes	2026-10-04T17:51:11.3350565Z       },
build	Verify exact curated publication bytes	2026-10-04T17:51:11.3351003Z       "html_sha256": "59e848180cfa3d9b4ef45a0e1cfe4ac28900619a7f4710239e545efb5e1640f7",
build	Verify exact curated publication bytes	2026-10-04T17:51:11.3351708Z       "projection_sha256": "741d05dca9e5431998e2aafe8a9ce06510887297082dccf6c53591e0fd036f33",
build	Verify exact curated publication bytes	2026-10-04T17:51:11.3352189Z       "native_body": {
build	Verify exact curated publication bytes	2026-10-04T17:51:11.3352633Z         "sha256": "58f25d47eae7c1e34c7b2ae676780e155dc46483119ef737cffd2ba0d57ee12a",
build	Verify exact curated publication bytes	2026-10-04T17:51:11.3353089Z         "scenes": 7,
build	Verify exact curated publication bytes	2026-10-04T17:51:11.3353319Z         "entities": 37,
build	Verify exact curated publication bytes	2026-10-04T17:51:11.3353700Z         "source_revision": "66c767c659abb7bd01be96118e3eb28570b6afc9"
build	Verify exact curated publication bytes	2026-10-04T17:51:11.3354069Z       }
build	Verify exact curated publication bytes	2026-10-04T17:51:11.3354279Z     },
build	Verify exact curated publication bytes	2026-10-04T17:51:11.3354488Z     {
build	Verify exact curated publication bytes	2026-10-04T17:51:11.3355273Z       "projection_ref": "projection:return-of-zero:roz-mytheme-avatar-image-mask-idol:expression",
build	Verify exact curated publication bytes	2026-10-04T17:51:11.3355875Z       "projection_revision": 1,
build	Verify exact curated publication bytes	2026-10-04T17:51:11.3356168Z       "source": {
build	Verify exact curated publication bytes	2026-10-04T17:51:11.3356624Z         "system": "o-i",
build	Verify exact curated publication bytes	2026-10-04T17:51:11.3356932Z         "world_ref": "world:return-of-zero",
build	Verify exact curated publication bytes	2026-10-04T17:51:11.3357434Z         "ref": "expression:return-of-zero:roz-mytheme-avatar-image-mask-idol",
build	Verify exact curated publication bytes	2026-10-04T17:51:11.3357889Z         "revision": "1"
build	Verify exact curated publication bytes	2026-10-04T17:51:11.3358135Z       },
build	Verify exact curated publication bytes	2026-10-04T17:51:11.3358542Z       "html_sha256": "127c0605025f1e9f0f70477a6231098973c018a42858d61841d1148ff1554495",
build	Verify exact curated publication bytes	2026-10-04T17:51:11.3359241Z       "projection_sha256": "3323f698ae2c2e3ea8221a13c454dc32fc99ecc28777974146cc4e371a524fa0",
build	Verify exact curated publication bytes	2026-10-04T17:51:11.3359740Z       "native_body": {
build	Verify exact curated publication bytes	2026-10-04T17:51:11.3360181Z         "sha256": "da0246b91bfa88ae796389eee289c859ac0485bd838a0181af92e8b249364d4c",
build	Verify exact curated publication bytes	2026-10-04T17:51:11.3360638Z         "scenes": 5,
build	Verify exact curated publication bytes	2026-10-04T17:51:11.3360889Z         "entities": 18,
build	Verify exact curated publication bytes	2026-10-04T17:51:11.3361256Z         "source_revision": "66c767c659abb7bd01be96118e3eb28570b6afc9"
build	Verify exact curated publication bytes	2026-10-04T17:51:11.3361630Z       }
build	Verify exact curated publication bytes	2026-10-04T17:51:11.3361990Z     },
build	Verify exact curated publication bytes	2026-10-04T17:51:11.3362220Z     {
build	Verify exact curated publication bytes	2026-10-04T17:51:11.3362657Z       "projection_ref": "projection:return-of-zero:roz-mytheme-eros-psyche:expression",
build	Verify exact curated publication bytes	2026-10-04T17:51:11.3363167Z       "projection_revision": 1,
build	Verify exact curated publication bytes	2026-10-04T17:51:11.3363444Z       "source": {
build	Verify exact curated publication bytes	2026-10-04T17:51:11.3363694Z         "system": "o-i",
build	Verify exact curated publication bytes	2026-10-04T17:51:11.3364003Z         "world_ref": "world:return-of-zero",
build	Verify exact curated publication bytes	2026-10-04T17:51:11.3364460Z         "ref": "expression:return-of-zero:roz-mytheme-eros-psyche",
build	Verify exact curated publication bytes	2026-10-04T17:51:11.3364860Z         "revision": "1"
build	Verify exact curated publication bytes	2026-10-04T17:51:11.3365369Z       },
build	Verify exact curated publication bytes	2026-10-04T17:51:11.3365784Z       "html_sha256": "d8149a79a65cc965c6b6b95da62a35f11a788183138148df219cb988fd6ae9fe",
build	Verify exact curated publication bytes	2026-10-04T17:51:11.3366481Z       "projection_sha256": "d8c60536303299a1a153b649fc9b32b9732767b85ce0435d9ed8910d4595bae5",
build	Verify exact curated publication bytes	2026-10-04T17:51:11.3366969Z       "native_body": {
build	Verify exact curated publication bytes	2026-10-04T17:51:11.3367409Z         "sha256": "ff6d2b002945fc6a38c96a28586e99b349c86d1b605d5362658797d325b8bee1",
build	Verify exact curated publication bytes	2026-10-04T17:51:11.3367860Z         "scenes": 6,
build	Verify exact curated publication bytes	2026-10-04T17:51:11.3368116Z         "entities": 31,
build	Verify exact curated publication bytes	2026-10-04T17:51:11.3368487Z         "source_revision": "66c767c659abb7bd01be96118e3eb28570b6afc9"
build	Verify exact curated publication bytes	2026-10-04T17:51:11.3368855Z       }
build	Verify exact curated publication bytes	2026-10-04T17:51:11.3369073Z     },
build	Verify exact curated publication bytes	2026-10-04T17:51:11.3369282Z     {
build	Verify exact curated publication bytes	2026-10-04T17:51:11.3369776Z       "projection_ref": "projection:return-of-zero:roz-mytheme-goethe-permanence-change:expression",
build	Verify exact curated publication bytes	2026-10-04T17:51:11.3370331Z       "projection_revision": 1,
build	Verify exact curated publication bytes	2026-10-04T17:51:11.3370611Z       "source": {
build	Verify exact curated publication bytes	2026-10-04T17:51:11.3370853Z         "system": "o-i",
build	Verify exact curated publication bytes	2026-10-04T17:51:11.3371157Z         "world_ref": "world:return-of-zero",
build	Verify exact curated publication bytes	2026-10-04T17:51:11.3371661Z         "ref": "expression:return-of-zero:roz-mytheme-goethe-permanence-change",
build	Verify exact curated publication bytes	2026-10-04T17:51:11.3372093Z         "revision": "1"
build	Verify exact curated publication bytes	2026-10-04T17:51:11.3372345Z       },
build	Verify exact curated publication bytes	2026-10-04T17:51:11.3372773Z       "html_sha256": "ed22033f27b32f3175927bc465eef8af3b291eb03631a399081ebc2b19f7ae64",
build	Verify exact curated publication bytes	2026-10-04T17:51:11.3373459Z       "projection_sha256": "16508f88817c42c7e20687ff6c8ce57f0cb837bde1cab3b45a5b414e4ab73378",
build	Verify exact curated publication bytes	2026-10-04T17:51:11.3373958Z       "native_body": {
build	Verify exact curated publication bytes	2026-10-04T17:51:11.3374397Z         "sha256": "7021456df8ba6d1b30357c9f89084d21f2f2f6e1a6d0dc52e8fb61a6a9dae0b5",
build	Verify exact curated publication bytes	2026-10-04T17:51:11.3374843Z         "scenes": 4,
build	Verify exact curated publication bytes	2026-10-04T17:51:11.3375195Z         "entities": 13,
build	Verify exact curated publication bytes	2026-10-04T17:51:11.3375580Z         "source_revision": "66c767c659abb7bd01be96118e3eb28570b6afc9"
build	Verify exact curated publication bytes	2026-10-04T17:51:11.3375945Z       }
build	Verify exact curated publication bytes	2026-10-04T17:51:11.3376150Z     },
build	Verify exact curated publication bytes	2026-10-04T17:51:11.3376355Z     {
build	Verify exact curated publication bytes	2026-10-04T17:51:11.3376766Z       "projection_ref": "projection:return-of-zero:roz-mytheme-indra-net:expression",
build	Verify exact curated publication bytes	2026-10-04T17:51:11.3377242Z       "projection_revision": 1,
build	Verify exact curated publication bytes	2026-10-04T17:51:11.3377517Z       "source": {
build	Verify exact curated publication bytes	2026-10-04T17:51:11.3377757Z         "system": "o-i",
build	Verify exact curated publication bytes	2026-10-04T17:51:11.3378062Z         "world_ref": "world:return-of-zero",
build	Verify exact curated publication bytes	2026-10-04T17:51:11.3378481Z         "ref": "expression:return-of-zero:roz-mytheme-indra-net",
build	Verify exact curated publication bytes	2026-10-04T17:51:11.3378877Z         "revision": "1"
build	Verify exact curated publication bytes	2026-10-04T17:51:11.3379272Z       },
build	Verify exact curated publication bytes	2026-10-04T17:51:11.3379705Z       "html_sha256": "c8c9f2d238325127fe60147b3b4976cb8bf6b409c3686b40c5096ccbd1f7acb9",
build	Verify exact curated publication bytes	2026-10-04T17:51:11.3380389Z       "projection_sha256": "f4d781705a16af7b5e7b1b39d4505bc06f57eb933d5c660a4183ad5a5e7f2773",
build	Verify exact curated publication bytes	2026-10-04T17:51:11.3380881Z       "native_body": {
build	Verify exact curated publication bytes	2026-10-04T17:51:11.3381325Z         "sha256": "c668d99aa486dc7d8ddce6c36c919986a899fa6d44b2c2e91cbc44fbddcc2fa3",
build	Verify exact curated publication bytes	2026-10-04T17:51:11.3381772Z         "scenes": 7,
build	Verify exact curated publication bytes	2026-10-04T17:51:11.3382015Z         "entities": 28,
build	Verify exact curated publication bytes	2026-10-04T17:51:11.3382375Z         "source_revision": "66c767c659abb7bd01be96118e3eb28570b6afc9"
build	Verify exact curated publication bytes	2026-10-04T17:51:11.3382741Z       }
build	Verify exact curated publication bytes	2026-10-04T17:51:11.3382966Z     },
build	Verify exact curated publication bytes	2026-10-04T17:51:11.3383162Z     {
build	Verify exact curated publication bytes	2026-10-04T17:51:11.3383567Z       "projection_ref": "projection:return-of-zero:roz-mytheme-job:expression",
build	Verify exact curated publication bytes	2026-10-04T17:51:11.3384054Z       "projection_revision": 1,
build	Verify exact curated publication bytes	2026-10-04T17:51:11.3384333Z       "source": {
build	Verify exact curated publication bytes	2026-10-04T17:51:11.3384708Z         "system": "o-i",
build	Verify exact curated publication bytes	2026-10-04T17:51:11.3385147Z         "world_ref": "world:return-of-zero",
build	Verify exact curated publication bytes	2026-10-04T17:51:11.3385557Z         "ref": "expression:return-of-zero:roz-mytheme-job",
build	Verify exact curated publication bytes	2026-10-04T17:51:11.3385915Z         "revision": "1"
build	Verify exact curated publication bytes	2026-10-04T17:51:11.3386160Z       },
build	Verify exact curated publication bytes	2026-10-04T17:51:11.3386910Z       "html_sha256": "24d9f1ca4ff6ea4ffdf8c2f25120b77620961bbc7f99abf449dbcaa2fca8137c",
build	Verify exact curated publication bytes	2026-10-04T17:51:11.3387640Z       "projection_sha256": "58ceced2737a660ec8381b72e138dc2f08f0a0670b12eee60ca70bf050d60710",
build	Verify exact curated publication bytes	2026-10-04T17:51:11.3388326Z       "native_body": {
build	Verify exact curated publication bytes	2026-10-04T17:51:11.3388784Z         "sha256": "e1de7ba810df253899f4ae5af03b6072d841be6de951e60bfadfa3cd18e9aefd",
build	Verify exact curated publication bytes	2026-10-04T17:51:11.3389439Z         "scenes": 8,
build	Verify exact curated publication bytes	2026-10-04T17:51:11.3389692Z         "entities": 37,
build	Verify exact curated publication bytes	2026-10-04T17:51:11.3390069Z         "source_revision": "66c767c659abb7bd01be96118e3eb28570b6afc9"
build	Verify exact curated publication bytes	2026-10-04T17:51:11.3390621Z       }
build	Verify exact curated publication bytes	2026-10-04T17:51:11.3390830Z     },
build	Verify exact curated publication bytes	2026-10-04T17:51:11.3391038Z     {
build	Verify exact curated publication bytes	2026-10-04T17:51:11.3391728Z       "projection_ref": "projection:return-of-zero:roz-mytheme-maya-eye-veil-frame-horizon:expression",
build	Verify exact curated publication bytes	2026-10-04T17:51:11.3392334Z       "projection_revision": 1,
build	Verify exact curated publication bytes	2026-10-04T17:51:11.3392737Z       "source": {
build	Verify exact curated publication bytes	2026-10-04T17:51:11.3393007Z         "system": "o-i",
build	Verify exact curated publication bytes	2026-10-04T17:51:11.3393317Z         "world_ref": "world:return-of-zero",
build	Verify exact curated publication bytes	2026-10-04T17:51:11.3394027Z         "ref": "expression:return-of-zero:roz-mytheme-maya-eye-veil-frame-horizon",
build	Verify exact curated publication bytes	2026-10-04T17:51:11.3394494Z         "revision": "1"
build	Verify exact curated publication bytes	2026-10-04T17:51:11.3394740Z       },
build	Verify exact curated publication bytes	2026-10-04T17:51:11.3395531Z       "html_sha256": "5f0be479b6055b7b85e32a1f2fe4b41bf64eca5e870b28d64b6e387988d1bc5a",
build	Verify exact curated publication bytes	2026-10-04T17:51:11.3396359Z       "projection_sha256": "3c82ca2b4873e4ac6bf3685d96a19f5f1057b8b43280c49c8440b9fbaeffc559",
build	Verify exact curated publication bytes	2026-10-04T17:51:11.3397075Z       "native_body": {
build	Verify exact curated publication bytes	2026-10-04T17:51:11.3397507Z         "sha256": "285cf858800850c368989392c2cd9aca8caf591d7a75018ff40e4eb28652a426",
build	Verify exact curated publication bytes	2026-10-04T17:51:11.3397939Z         "scenes": 5,
build	Verify exact curated publication bytes	2026-10-04T17:51:11.3398193Z         "entities": 25,
build	Verify exact curated publication bytes	2026-10-04T17:51:11.3398591Z         "source_revision": "66c767c659abb7bd01be96118e3eb28570b6afc9"
build	Verify exact curated publication bytes	2026-10-04T17:51:11.3398965Z       }
build	Verify exact curated publication bytes	2026-10-04T17:51:11.3399175Z     },
build	Verify exact curated publication bytes	2026-10-04T17:51:11.3399448Z     {
build	Verify exact curated publication bytes	2026-10-04T17:51:11.3400764Z       "projection_ref": "projection:return-of-zero:roz-mytheme-meal-epistemic-metabolism:expression",
build	Verify exact curated publication bytes	2026-10-04T17:51:11.3401775Z       "projection_revision": 1,
build	Verify exact curated publication bytes	2026-10-04T17:51:11.3402214Z       "source": {
build	Verify exact curated publication bytes	2026-10-04T17:51:11.3402603Z         "system": "o-i",
build	Verify exact curated publication bytes	2026-10-04T17:51:11.3403103Z         "world_ref": "world:return-of-zero",
build	Verify exact curated publication bytes	2026-10-04T17:51:11.3404011Z         "ref": "expression:return-of-zero:roz-mytheme-meal-epistemic-metabolism",
build	Verify exact curated publication bytes	2026-10-04T17:51:11.3404847Z         "revision": "1"
build	Verify exact curated publication bytes	2026-10-04T17:51:11.3405505Z       },
build	Verify exact curated publication bytes	2026-10-04T17:51:11.3406315Z       "html_sha256": "d55575e2f927a5994ad5de7797577d29a252acff5ae14220b865711f49f5998f",
build	Verify exact curated publication bytes	2026-10-04T17:51:11.3407663Z       "projection_sha256": "97024450cc8abfc8b93b4d964b9a75c336e28ee605caf42f8423041d7958605f",
build	Verify exact curated publication bytes	2026-10-04T17:51:11.3408896Z       "native_body": {
build	Verify exact curated publication bytes	2026-10-04T17:51:11.3409729Z         "sha256": "3a93864ef720d39711cb6d02f4fe35431977e5276ce3d9631c967f203bec990b",
build	Verify exact curated publication bytes	2026-10-04T17:51:11.3410539Z         "scenes": 5,
build	Verify exact curated publication bytes	2026-10-04T17:51:11.3411006Z         "entities": 25,
build	Verify exact curated publication bytes	2026-10-04T17:51:11.3411663Z         "source_revision": "66c767c659abb7bd01be96118e3eb28570b6afc9"
build	Verify exact curated publication bytes	2026-10-04T17:51:11.3412345Z       }
build	Verify exact curated publication bytes	2026-10-04T17:51:11.3412686Z     },
build	Verify exact curated publication bytes	2026-10-04T17:51:11.3413065Z     {
build	Verify exact curated publication bytes	2026-10-04T17:51:11.3413597Z       "projection_ref": "projection:return-of-zero:roz-mytheme-mirror-that-moves-first:expression",
build	Verify exact curated publication bytes	2026-10-04T17:51:11.3414167Z       "projection_revision": 1,
build	Verify exact curated publication bytes	2026-10-04T17:51:11.3414459Z       "source": {
build	Verify exact curated publication bytes	2026-10-04T17:51:11.3414707Z         "system": "o-i",
build	Verify exact curated publication bytes	2026-10-04T17:51:11.3415274Z         "world_ref": "world:return-of-zero",
build	Verify exact curated publication bytes	2026-10-04T17:51:11.3415795Z         "ref": "expression:return-of-zero:roz-mytheme-mirror-that-moves-first",
build	Verify exact curated publication bytes	2026-10-04T17:51:11.3416448Z         "revision": "1"
build	Verify exact curated publication bytes	2026-10-04T17:51:11.3416736Z       },
build	Verify exact curated publication bytes	2026-10-04T17:51:11.3417154Z       "html_sha256": "d777e2a4187d72550f014e41dc08c16cef4d2368929890548911c99ffa1b83f3",
build	Verify exact curated publication bytes	2026-10-04T17:51:11.3417873Z       "projection_sha256": "3a7bf41c6b515ba1eff207ad30b83ac29469a2b48e2acfde8976fa5fd499be4d",
build	Verify exact curated publication bytes	2026-10-04T17:51:11.3418381Z       "native_body": {
build	Verify exact curated publication bytes	2026-10-04T17:51:11.3418807Z         "sha256": "6418fec6e650beb9c726a4816df2a9a7f86b49483e40dc622e47fa4226d7a5d7",
build	Verify exact curated publication bytes	2026-10-04T17:51:11.3419265Z         "scenes": 5,
build	Verify exact curated publication bytes	2026-10-04T17:51:11.3419513Z         "entities": 20,
build	Verify exact curated publication bytes	2026-10-04T17:51:11.3419900Z         "source_revision": "66c767c659abb7bd01be96118e3eb28570b6afc9"
build	Verify exact curated publication bytes	2026-10-04T17:51:11.3420318Z       }
build	Verify exact curated publication bytes	2026-10-04T17:51:11.3420534Z     },
build	Verify exact curated publication bytes	2026-10-04T17:51:11.3420743Z     {
build	Verify exact curated publication bytes	2026-10-04T17:51:11.3421232Z       "projection_ref": "projection:return-of-zero:roz-mytheme-mother-assumption-chiasm:expression",
build	Verify exact curated publication bytes	2026-10-04T17:51:11.3421810Z       "projection_revision": 1,
build	Verify exact curated publication bytes	2026-10-04T17:51:11.3422070Z       "source": {
build	Verify exact curated publication bytes	2026-10-04T17:51:11.3422326Z         "system": "o-i",
build	Verify exact curated publication bytes	2026-10-04T17:51:11.3422634Z         "world_ref": "world:return-of-zero",
build	Verify exact curated publication bytes	2026-10-04T17:51:11.3423123Z         "ref": "expression:return-of-zero:roz-mytheme-mother-assumption-chiasm",
build	Verify exact curated publication bytes	2026-10-04T17:51:11.3423556Z         "revision": "1"
build	Verify exact curated publication bytes	2026-10-04T17:51:11.3423782Z       },
build	Verify exact curated publication bytes	2026-10-04T17:51:11.3424210Z       "html_sha256": "a7f30200df835c8d00e8d686923c2cc5b1cb56141075302522a90d9f40b38b9a",
build	Verify exact curated publication bytes	2026-10-04T17:51:11.3425337Z       "projection_sha256": "79176767029f38e4d87af3eed5a9e8743b22d45ad329af7363676daa5e3005f7",
build	Verify exact curated publication bytes	2026-10-04T17:51:11.3426192Z       "native_body": {
build	Verify exact curated publication bytes	2026-10-04T17:51:11.3426643Z         "sha256": "8991e6f1341359a8875f415354b8b496d1e62a0f4ee287694e1f2f99ea622af8",
build	Verify exact curated publication bytes	2026-10-04T17:51:11.3427085Z         "scenes": 4,
build	Verify exact curated publication bytes	2026-10-04T17:51:11.3427352Z         "entities": 18,
build	Verify exact curated publication bytes	2026-10-04T17:51:11.3427744Z         "source_revision": "66c767c659abb7bd01be96118e3eb28570b6afc9"
build	Verify exact curated publication bytes	2026-10-04T17:51:11.3428144Z       }
build	Verify exact curated publication bytes	2026-10-04T17:51:11.3428357Z     },
build	Verify exact curated publication bytes	2026-10-04T17:51:11.3428586Z     {
build	Verify exact curated publication bytes	2026-10-04T17:51:11.3429177Z       "projection_ref": "projection:return-of-zero:roz-mytheme-myth-attica-athena-poseidon-cecrops:expression",
build	Verify exact curated publication bytes	2026-10-04T17:51:11.3429805Z       "projection_revision": 1,
build	Verify exact curated publication bytes	2026-10-04T17:51:11.3430087Z       "source": {
build	Verify exact curated publication bytes	2026-10-04T17:51:11.3430338Z         "system": "o-i",
build	Verify exact curated publication bytes	2026-10-04T17:51:11.3430652Z         "world_ref": "world:return-of-zero",
build	Verify exact curated publication bytes	2026-10-04T17:51:11.3431224Z         "ref": "expression:return-of-zero:roz-mytheme-myth-attica-athena-poseidon-cecrops",
build	Verify exact curated publication bytes	2026-10-04T17:51:11.3431734Z         "revision": "1"
build	Verify exact curated publication bytes	2026-10-04T17:51:11.3431981Z       },
build	Verify exact curated publication bytes	2026-10-04T17:51:11.3432425Z       "html_sha256": "2314f140957dbfcad79f04a575f9198d9a37b7bbcc3aa4aada83dc4ec3f78abf",
build	Verify exact curated publication bytes	2026-10-04T17:51:11.3433137Z       "projection_sha256": "db43d225ed2c100ea79263d4346e9ce07800f6f63bf0a40881bf83c5777b08ae",
build	Verify exact curated publication bytes	2026-10-04T17:51:11.3433634Z       "native_body": {
build	Verify exact curated publication bytes	2026-10-04T17:51:11.3434105Z         "sha256": "814ad1efcdfde90caddce51966d416fb17ad4ec09db8b76ed878d9bdfa806fcf",
build	Verify exact curated publication bytes	2026-10-04T17:51:11.3434577Z         "scenes": 5,
build	Verify exact curated publication bytes	2026-10-04T17:51:11.3435349Z         "entities": 20,
build	Verify exact curated publication bytes	2026-10-04T17:51:11.3435789Z         "source_revision": "66c767c659abb7bd01be96118e3eb28570b6afc9"
build	Verify exact curated publication bytes	2026-10-04T17:51:11.3436163Z       }
build	Verify exact curated publication bytes	2026-10-04T17:51:11.3436377Z     },
build	Verify exact curated publication bytes	2026-10-04T17:51:11.3436588Z     {
build	Verify exact curated publication bytes	2026-10-04T17:51:11.3437173Z       "projection_ref": "projection:return-of-zero:roz-mytheme-myth-hypostasis-archons-norea-sophia:expression",
build	Verify exact curated publication bytes	2026-10-04T17:51:11.3437799Z       "projection_revision": 1,
build	Verify exact curated publication bytes	2026-10-04T17:51:11.3438095Z       "source": {
build	Verify exact curated publication bytes	2026-10-04T17:51:11.3438342Z         "system": "o-i",
build	Verify exact curated publication bytes	2026-10-04T17:51:11.3438658Z         "world_ref": "world:return-of-zero",
build	Verify exact curated publication bytes	2026-10-04T17:51:11.3439201Z         "ref": "expression:return-of-zero:roz-mytheme-myth-hypostasis-archons-norea-sophia",
build	Verify exact curated publication bytes	2026-10-04T17:51:11.3439712Z         "revision": "1"
build	Verify exact curated publication bytes	2026-10-04T17:51:11.3439963Z       },
build	Verify exact curated publication bytes	2026-10-04T17:51:11.3440382Z       "html_sha256": "ffc9570c39de2fb40dede822b6fb2a456d538632c291e2e7c65435d446d20564",
build	Verify exact curated publication bytes	2026-10-04T17:51:11.3441281Z       "projection_sha256": "de2fda9a44d28cc05076c97f9618ff9e1ee4fc9354a6d01f0b0e8f91a445ca43",
build	Verify exact curated publication bytes	2026-10-04T17:51:11.3441793Z       "native_body": {
build	Verify exact curated publication bytes	2026-10-04T17:51:11.3442230Z         "sha256": "f439f725348a784b8f19cd0e6890b39d0a1e8f0c8b3fd05e1e3a8c5605f35328",
build	Verify exact curated publication bytes	2026-10-04T17:51:11.3442691Z         "scenes": 5,
build	Verify exact curated publication bytes	2026-10-04T17:51:11.3442954Z         "entities": 21,
build	Verify exact curated publication bytes	2026-10-04T17:51:11.3443329Z         "source_revision": "66c767c659abb7bd01be96118e3eb28570b6afc9"
build	Verify exact curated publication bytes	2026-10-04T17:51:11.3443716Z       }
build	Verify exact curated publication bytes	2026-10-04T17:51:11.3443925Z     },
build	Verify exact curated publication bytes	2026-10-04T17:51:11.3444113Z     {
build	Verify exact curated publication bytes	2026-10-04T17:51:11.3444727Z       "projection_ref": "projection:return-of-zero:roz-mytheme-narrative-fanon-language-gaze-mask-recognition:expression",
build	Verify exact curated publication bytes	2026-10-04T17:51:11.3445651Z       "projection_revision": 1,
build	Verify exact curated publication bytes	2026-10-04T17:51:11.3445908Z       "source": {
build	Verify exact curated publication bytes	2026-10-04T17:51:11.3446129Z         "system": "o-i",
build	Verify exact curated publication bytes	2026-10-04T17:51:11.3446418Z         "world_ref": "world:return-of-zero",
build	Verify exact curated publication bytes	2026-10-04T17:51:11.3446991Z         "ref": "expression:return-of-zero:roz-mytheme-narrative-fanon-language-gaze-mask-recognition",
build	Verify exact curated publication bytes	2026-10-04T17:51:11.3447511Z         "revision": "1"
build	Verify exact curated publication bytes	2026-10-04T17:51:11.3447740Z       },
build	Verify exact curated publication bytes	2026-10-04T17:51:11.3448132Z       "html_sha256": "8736275ad24e638b67561f4f78ea2b416a37e69ea6c275b01a3c16254f5025b3",
build	Verify exact curated publication bytes	2026-10-04T17:51:11.3448765Z       "projection_sha256": "0031736a2164a2b6c0821e56f3417688770804886e7208830152c1d88f0069a5",
build	Verify exact curated publication bytes	2026-10-04T17:51:11.3449204Z       "native_body": {
build	Verify exact curated publication bytes	2026-10-04T17:51:11.3449607Z         "sha256": "24647dd2d46754124797fed2d03a01cf388ae706bb29c2b91e750f38f5b9a45f",
build	Verify exact curated publication bytes	2026-10-04T17:51:11.3450023Z         "scenes": 5,
build	Verify exact curated publication bytes	2026-10-04T17:51:11.3450252Z         "entities": 16,
build	Verify exact curated publication bytes	2026-10-04T17:51:11.3450598Z         "source_revision": "66c767c659abb7bd01be96118e3eb28570b6afc9"
build	Verify exact curated publication bytes	2026-10-04T17:51:11.3450943Z       }
build	Verify exact curated publication bytes	2026-10-04T17:51:11.3451137Z     },
build	Verify exact curated publication bytes	2026-10-04T17:51:11.3451329Z     {
build	Verify exact curated publication bytes	2026-10-04T17:51:11.3451939Z       "projection_ref": "projection:return-of-zero:roz-mytheme-narrative-jung-aion-fishes-christ-antichrist-alchemy:expression",
build	Verify exact curated publication bytes	2026-10-04T17:51:11.3452667Z       "projection_revision": 1,
build	Verify exact curated publication bytes	2026-10-04T17:51:11.3452949Z       "source": {
build	Verify exact curated publication bytes	2026-10-04T17:51:11.3453195Z         "system": "o-i",
build	Verify exact curated publication bytes	2026-10-04T17:51:11.3453528Z         "world_ref": "world:return-of-zero",
build	Verify exact curated publication bytes	2026-10-04T17:51:11.3454192Z         "ref": "expression:return-of-zero:roz-mytheme-narrative-jung-aion-fishes-christ-antichrist-alchemy",
build	Verify exact curated publication bytes	2026-10-04T17:51:11.3454782Z         "revision": "1"
build	Verify exact curated publication bytes	2026-10-04T17:51:11.3455286Z       },
build	Verify exact curated publication bytes	2026-10-04T17:51:11.3455741Z       "html_sha256": "325c35b7dcf0f082bbbfbebb9a8f1001f71a8a399c4033ece9cb9117738e7be1",
build	Verify exact curated publication bytes	2026-10-04T17:51:11.3456477Z       "projection_sha256": "519846001dd1f55e7f1dabe92debfd234c6060367c84a18ec1ac7df91a92b93c",
build	Verify exact curated publication bytes	2026-10-04T17:51:11.3456985Z       "native_body": {
build	Verify exact curated publication bytes	2026-10-04T17:51:11.3457446Z         "sha256": "80281bb52b277254ff86c3040e062078f52c735ee85e5f33ca1ce131dc29fcfc",
build	Verify exact curated publication bytes	2026-10-04T17:51:11.3457890Z         "scenes": 5,
build	Verify exact curated publication bytes	2026-10-04T17:51:11.3458158Z         "entities": 24,
build	Verify exact curated publication bytes	2026-10-04T17:51:11.3458538Z         "source_revision": "66c767c659abb7bd01be96118e3eb28570b6afc9"
build	Verify exact curated publication bytes	2026-10-04T17:51:11.3459221Z       }
build	Verify exact curated publication bytes	2026-10-04T17:51:11.3459450Z     },
build	Verify exact curated publication bytes	2026-10-04T17:51:11.3459668Z     {
build	Verify exact curated publication bytes	2026-10-04T17:51:11.3460128Z       "projection_ref": "projection:return-of-zero:roz-mytheme-neumann-images:expression",
build	Verify exact curated publication bytes	2026-10-04T17:51:11.3460672Z       "projection_revision": 1,
build	Verify exact curated publication bytes	2026-10-04T17:51:11.3460957Z       "source": {
build	Verify exact curated publication bytes	2026-10-04T17:51:11.3461203Z         "system": "o-i",
build	Verify exact curated publication bytes	2026-10-04T17:51:11.3461522Z         "world_ref": "world:return-of-zero",
build	Verify exact curated publication bytes	2026-10-04T17:51:11.3461956Z         "ref": "expression:return-of-zero:roz-mytheme-neumann-images",
build	Verify exact curated publication bytes	2026-10-04T17:51:11.3462324Z         "revision": "1"
build	Verify exact curated publication bytes	2026-10-04T17:51:11.3462548Z       },
build	Verify exact curated publication bytes	2026-10-04T17:51:11.3462954Z       "html_sha256": "8f97316cf9313f088e514fe309e929460fc07c469a0f1da5795a7b087243cbc9",
build	Verify exact curated publication bytes	2026-10-04T17:51:11.3463645Z       "projection_sha256": "812f8991447d40a988bc4227cc7b15bd1502947b876e2ff48285617043cfb787",
build	Verify exact curated publication bytes	2026-10-04T17:51:11.3464133Z       "native_body": {
build	Verify exact curated publication bytes	2026-10-04T17:51:11.3464717Z         "sha256": "9ab50a2af73beb1ca0af8de21d3a068d2f5917475d0f4899fe0cd717baa32cdb",
build	Verify exact curated publication bytes	2026-10-04T17:51:11.3465298Z         "scenes": 8,
build	Verify exact curated publication bytes	2026-10-04T17:51:11.3465549Z         "entities": 36,
build	Verify exact curated publication bytes	2026-10-04T17:51:11.3465935Z         "source_revision": "66c767c659abb7bd01be96118e3eb28570b6afc9"
build	Verify exact curated publication bytes	2026-10-04T17:51:11.3466303Z       }
build	Verify exact curated publication bytes	2026-10-04T17:51:11.3466511Z     },
build	Verify exact curated publication bytes	2026-10-04T17:51:11.3466721Z     {
build	Verify exact curated publication bytes	2026-10-04T17:51:11.3467183Z       "projection_ref": "projection:return-of-zero:roz-mytheme-pauli-egg-dream:expression",
build	Verify exact curated publication bytes	2026-10-04T17:51:11.3467727Z       "projection_revision": 1,
build	Verify exact curated publication bytes	2026-10-04T17:51:11.3468003Z       "source": {
build	Verify exact curated publication bytes	2026-10-04T17:51:11.3468268Z         "system": "o-i",
build	Verify exact curated publication bytes	2026-10-04T17:51:11.3468579Z         "world_ref": "world:return-of-zero",
build	Verify exact curated publication bytes	2026-10-04T17:51:11.3469049Z         "ref": "expression:return-of-zero:roz-mytheme-pauli-egg-dream",
build	Verify exact curated publication bytes	2026-10-04T17:51:11.3469464Z         "revision": "1"
build	Verify exact curated publication bytes	2026-10-04T17:51:11.3469711Z       },
build	Verify exact curated publication bytes	2026-10-04T17:51:11.3470166Z       "html_sha256": "1daf4bc41a0739fe494be2d5b99378f2b9408155f4c9e81182a0d915e8cd9fd4",
build	Verify exact curated publication bytes	2026-10-04T17:51:11.3470875Z       "projection_sha256": "8c01884e62950bba33545e454428050c246b39e06f83d058f66814cf33107146",
build	Verify exact curated publication bytes	2026-10-04T17:51:11.3471373Z       "native_body": {
build	Verify exact curated publication bytes	2026-10-04T17:51:11.3471826Z         "sha256": "a9691c3fd792ceeb7e5cc6b082fe0c7088bbd1e0851c38496990a9d218a3292b",
build	Verify exact curated publication bytes	2026-10-04T17:51:11.3472286Z         "scenes": 7,
build	Verify exact curated publication bytes	2026-10-04T17:51:11.3472526Z         "entities": 30,
build	Verify exact curated publication bytes	2026-10-04T17:51:11.3472883Z         "source_revision": "66c767c659abb7bd01be96118e3eb28570b6afc9"
build	Verify exact curated publication bytes	2026-10-04T17:51:11.3473248Z       }
build	Verify exact curated publication bytes	2026-10-04T17:51:11.3473440Z     },
build	Verify exact curated publication bytes	2026-10-04T17:51:11.3473628Z     {
build	Verify exact curated publication bytes	2026-10-04T17:51:11.3474107Z       "projection_ref": "projection:return-of-zero:roz-mytheme-stained-glass-refraction:expression",
build	Verify exact curated publication bytes	2026-10-04T17:51:11.3474651Z       "projection_revision": 1,
build	Verify exact curated publication bytes	2026-10-04T17:51:11.3475195Z       "source": {
build	Verify exact curated publication bytes	2026-10-04T17:51:11.3475510Z         "system": "o-i",
build	Verify exact curated publication bytes	2026-10-04T17:51:11.3475837Z         "world_ref": "world:return-of-zero",
build	Verify exact curated publication bytes	2026-10-04T17:51:11.3476339Z         "ref": "expression:return-of-zero:roz-mytheme-stained-glass-refraction",
build	Verify exact curated publication bytes	2026-10-04T17:51:11.3476760Z         "revision": "1"
build	Verify exact curated publication bytes	2026-10-04T17:51:11.3477007Z       },
build	Verify exact curated publication bytes	2026-10-04T17:51:11.3477431Z       "html_sha256": "85233ee93473cfde822969e1c4903e5e0c9736708a2dbd78f35481a21f10c48a",
build	Verify exact curated publication bytes	2026-10-04T17:51:11.3478102Z       "projection_sha256": "fe44c3656cc307651e9bc1f4087ec0ba1457d45c355c5a5092975fef75bd74b9",
build	Verify exact curated publication bytes	2026-10-04T17:51:11.3478558Z       "native_body": {
build	Verify exact curated publication bytes	2026-10-04T17:51:11.3478983Z         "sha256": "e21e03c37c23e780a394857e75b240d75d9a7f1811d23141f0ce3e1e19c2cd7e",
build	Verify exact curated publication bytes	2026-10-04T17:51:11.3479411Z         "scenes": 5,
build	Verify exact curated publication bytes	2026-10-04T17:51:11.3479649Z         "entities": 19,
build	Verify exact curated publication bytes	2026-10-04T17:51:11.3480016Z         "source_revision": "66c767c659abb7bd01be96118e3eb28570b6afc9"
build	Verify exact curated publication bytes	2026-10-04T17:51:11.3480360Z       }
build	Verify exact curated publication bytes	2026-10-04T17:51:11.3480570Z     },
build	Verify exact curated publication bytes	2026-10-04T17:51:11.3480757Z     {
build	Verify exact curated publication bytes	2026-10-04T17:51:11.3481224Z       "projection_ref": "projection:return-of-zero:roz-mytheme-taylor-authored-images:expression",
build	Verify exact curated publication bytes	2026-10-04T17:51:11.3481919Z       "projection_revision": 1,
build	Verify exact curated publication bytes	2026-10-04T17:51:11.3482202Z       "source": {
build	Verify exact curated publication bytes	2026-10-04T17:51:11.3482424Z         "system": "o-i",
build	Verify exact curated publication bytes	2026-10-04T17:51:11.3482729Z         "world_ref": "world:return-of-zero",
build	Verify exact curated publication bytes	2026-10-04T17:51:11.3483217Z         "ref": "expression:return-of-zero:roz-mytheme-taylor-authored-images",
build	Verify exact curated publication bytes	2026-10-04T17:51:11.3483650Z         "revision": "1"
build	Verify exact curated publication bytes	2026-10-04T17:51:11.3483901Z       },
build	Verify exact curated publication bytes	2026-10-04T17:51:11.3484291Z       "html_sha256": "7524a199131106fb00b75968f84a0a7d77d0c45df3aec59a7923f6a5bdecbb3d",
build	Verify exact curated publication bytes	2026-10-04T17:51:11.3485193Z       "projection_sha256": "b812c3ca9842a06059808f4ca2ac91c715d650c0d8777c5ec0493cb6673cb003",
build	Verify exact curated publication bytes	2026-10-04T17:51:11.3485665Z       "native_body": {
build	Verify exact curated publication bytes	2026-10-04T17:51:11.3486100Z         "sha256": "fccb317c482ad8e8075b9605e1efbda376da969539e45a6df05ceba65bd81b41",
build	Verify exact curated publication bytes	2026-10-04T17:51:11.3486546Z         "scenes": 5,
build	Verify exact curated publication bytes	2026-10-04T17:51:11.3486776Z         "entities": 24,
build	Verify exact curated publication bytes	2026-10-04T17:51:11.3487353Z         "source_revision": "66c767c659abb7bd01be96118e3eb28570b6afc9"
build	Verify exact curated publication bytes	2026-10-04T17:51:11.3487718Z       }
build	Verify exact curated publication bytes	2026-10-04T17:51:11.3487912Z     },
build	Verify exact curated publication bytes	2026-10-04T17:51:11.3488105Z     {
build	Verify exact curated publication bytes	2026-10-04T17:51:11.3488538Z       "projection_ref": "projection:return-of-zero:roz-mytheme-the-prisoner:expression",
build	Verify exact curated publication bytes	2026-10-04T17:51:11.3489028Z       "projection_revision": 1,
build	Verify exact curated publication bytes	2026-10-04T17:51:11.3489306Z       "source": {
build	Verify exact curated publication bytes	2026-10-04T17:51:11.3489550Z         "system": "o-i",
build	Verify exact curated publication bytes	2026-10-04T17:51:11.3489858Z         "world_ref": "world:return-of-zero",
build	Verify exact curated publication bytes	2026-10-04T17:51:11.3490316Z         "ref": "expression:return-of-zero:roz-mytheme-the-prisoner",
build	Verify exact curated publication bytes	2026-10-04T17:51:11.3490702Z         "revision": "1"
build	Verify exact curated publication bytes	2026-10-04T17:51:11.3490948Z       },
build	Verify exact curated publication bytes	2026-10-04T17:51:11.3491380Z       "html_sha256": "7936b421098451b8c7bda4962ff99e6e974de968625c20ac4bd5de30e53b0045",
build	Verify exact curated publication bytes	2026-10-04T17:51:11.3492068Z       "projection_sha256": "fb9efce940808e92f9ae8991aa560b848374fa4b30cc522ec48320957b4d0a78",
build	Verify exact curated publication bytes	2026-10-04T17:51:11.3492562Z       "native_body": {
build	Verify exact curated publication bytes	2026-10-04T17:51:11.3493020Z         "sha256": "a6929a981443e9dad2a1ab4970953460e7a4b3b819839d92f3ae3a982bbe279e",
build	Verify exact curated publication bytes	2026-10-04T17:51:11.3493475Z         "scenes": 5,
build	Verify exact curated publication bytes	2026-10-04T17:51:11.3493724Z         "entities": 21,
build	Verify exact curated publication bytes	2026-10-04T17:51:11.3494092Z         "source_revision": "66c767c659abb7bd01be96118e3eb28570b6afc9"
build	Verify exact curated publication bytes	2026-10-04T17:51:11.3494453Z       }
build	Verify exact curated publication bytes	2026-10-04T17:51:11.3494680Z     },
build	Verify exact curated publication bytes	2026-10-04T17:51:11.3495023Z     {
build	Verify exact curated publication bytes	2026-10-04T17:51:11.3495484Z       "projection_ref": "projection:return-of-zero:roz-mytheme-travelling-jigsaw-atlas:expression",
build	Verify exact curated publication bytes	2026-10-04T17:51:11.3495995Z       "projection_revision": 1,
build	Verify exact curated publication bytes	2026-10-04T17:51:11.3496252Z       "source": {
build	Verify exact curated publication bytes	2026-10-04T17:51:11.3496473Z         "system": "o-i",
build	Verify exact curated publication bytes	2026-10-04T17:51:11.3496763Z         "world_ref": "world:return-of-zero",
build	Verify exact curated publication bytes	2026-10-04T17:51:11.3497240Z         "ref": "expression:return-of-zero:roz-mytheme-travelling-jigsaw-atlas",
build	Verify exact curated publication bytes	2026-10-04T17:51:11.3497645Z         "revision": "1"
build	Verify exact curated publication bytes	2026-10-04T17:51:11.3497868Z       },
build	Verify exact curated publication bytes	2026-10-04T17:51:11.3498263Z       "html_sha256": "7b10d0bda5a8c330de770c50da22fd03f7e6701ce83837b34e03c617ca8f3bd0",
build	Verify exact curated publication bytes	2026-10-04T17:51:11.3498920Z       "projection_sha256": "8f215a7b610104c9f72385dae5ceaf683773a9dd53d9bd7c63a5f8c090de46f2",
build	Verify exact curated publication bytes	2026-10-04T17:51:11.3499378Z       "native_body": {
build	Verify exact curated publication bytes	2026-10-04T17:51:11.3499836Z         "sha256": "83d5509bf3c454c17815f6661629a83a5c5f1ebc6b59436185eb222f6c6c72b8",
build	Verify exact curated publication bytes	2026-10-04T17:51:11.3500282Z         "scenes": 6,
build	Verify exact curated publication bytes	2026-10-04T17:51:11.3500527Z         "entities": 26,
build	Verify exact curated publication bytes	2026-10-04T17:51:11.3500889Z         "source_revision": "66c767c659abb7bd01be96118e3eb28570b6afc9"
build	Verify exact curated publication bytes	2026-10-04T17:51:11.3501276Z       }
build	Verify exact curated publication bytes	2026-10-04T17:51:11.3501483Z     },
build	Verify exact curated publication bytes	2026-10-04T17:51:11.3501694Z     {
build	Verify exact curated publication bytes	2026-10-04T17:51:11.3502148Z       "projection_ref": "projection:return-of-zero:roz-mytheme-uroboros-trickster:expression",
build	Verify exact curated publication bytes	2026-10-04T17:51:11.3502682Z       "projection_revision": 1,
build	Verify exact curated publication bytes	2026-10-04T17:51:11.3502959Z       "source": {
build	Verify exact curated publication bytes	2026-10-04T17:51:11.3503211Z         "system": "o-i",
build	Verify exact curated publication bytes	2026-10-04T17:51:11.3503536Z         "world_ref": "world:return-of-zero",
build	Verify exact curated publication bytes	2026-10-04T17:51:11.3504001Z         "ref": "expression:return-of-zero:roz-mytheme-uroboros-trickster",
build	Verify exact curated publication bytes	2026-10-04T17:51:11.3504580Z         "revision": "1"
build	Verify exact curated publication bytes	2026-10-04T17:51:11.3504827Z       },
build	Verify exact curated publication bytes	2026-10-04T17:51:11.3505381Z       "html_sha256": "b9bd2fb3ad36f1d1679e8496dd8d4725f5eaf706e512d9de9ad5962f31294138",
build	Verify exact curated publication bytes	2026-10-04T17:51:11.3506091Z       "projection_sha256": "afd73c8f1004705b96246dc70e35beab7d8b4b7797593540300f8086721ccffe",
build	Verify exact curated publication bytes	2026-10-04T17:51:11.3506586Z       "native_body": {
build	Verify exact curated publication bytes	2026-10-04T17:51:11.3507027Z         "sha256": "872a7145bb23aa9ef870ca7700a63a6078c8f238a5253f1c4845c79d3ee0b07c",
build	Verify exact curated publication bytes	2026-10-04T17:51:11.3507464Z         "scenes": 7,
build	Verify exact curated publication bytes	2026-10-04T17:51:11.3507714Z         "entities": 32,
build	Verify exact curated publication bytes	2026-10-04T17:51:11.3508107Z         "source_revision": "66c767c659abb7bd01be96118e3eb28570b6afc9"
build	Verify exact curated publication bytes	2026-10-04T17:51:11.3508475Z       }
build	Verify exact curated publication bytes	2026-10-04T17:51:11.3508688Z     },
build	Verify exact curated publication bytes	2026-10-04T17:51:11.3508898Z     {
build	Verify exact curated publication bytes	2026-10-04T17:51:11.3509443Z       "projection_ref": "projection:return-of-zero:roz-mytheme-valentinian-sophia-horos-achamoth:expression",
build	Verify exact curated publication bytes	2026-10-04T17:51:11.3510207Z       "projection_revision": 1,
build	Verify exact curated publication bytes	2026-10-04T17:51:11.3510494Z       "source": {
build	Verify exact curated publication bytes	2026-10-04T17:51:11.3510733Z         "system": "o-i",
build	Verify exact curated publication bytes	2026-10-04T17:51:11.3511041Z         "world_ref": "world:return-of-zero",
build	Verify exact curated publication bytes	2026-10-04T17:51:11.3511587Z         "ref": "expression:return-of-zero:roz-mytheme-valentinian-sophia-horos-achamoth",
build	Verify exact curated publication bytes	2026-10-04T17:51:11.3512078Z         "revision": "1"
build	Verify exact curated publication bytes	2026-10-04T17:51:11.3512326Z       },
build	Verify exact curated publication bytes	2026-10-04T17:51:11.3512741Z       "html_sha256": "1fe737485b4c668d6bf812155c7d66d48f950b631be601fe213f4ccde1901038",
build	Verify exact curated publication bytes	2026-10-04T17:51:11.3513445Z       "projection_sha256": "2eec5037781977f2c87643d1c95d5624d99dbf14056ee8c4a54a69c33c4edea3",
build	Verify exact curated publication bytes	2026-10-04T17:51:11.3513934Z       "native_body": {
build	Verify exact curated publication bytes	2026-10-04T17:51:11.3514350Z         "sha256": "492643627983e1e025b1a40bb6327f86917c131ac42247abc3e36f8865edebf3",
build	Verify exact curated publication bytes	2026-10-04T17:51:11.3514790Z         "scenes": 6,
build	Verify exact curated publication bytes	2026-10-04T17:51:11.3515382Z         "entities": 26,
build	Verify exact curated publication bytes	2026-10-04T17:51:11.3515809Z         "source_revision": "66c767c659abb7bd01be96118e3eb28570b6afc9"
build	Verify exact curated publication bytes	2026-10-04T17:51:11.3516190Z       }
build	Verify exact curated publication bytes	2026-10-04T17:51:11.3516403Z     },
build	Verify exact curated publication bytes	2026-10-04T17:51:11.3516614Z     {
build	Verify exact curated publication bytes	2026-10-04T17:51:11.3517023Z       "projection_ref": "projection:return-of-zero:roz-essay-reading:expression",
build	Verify exact curated publication bytes	2026-10-04T17:51:11.3517510Z       "projection_revision": 1,
build	Verify exact curated publication bytes	2026-10-04T17:51:11.3517791Z       "source": {
build	Verify exact curated publication bytes	2026-10-04T17:51:11.3518034Z         "system": "o-i",
build	Verify exact curated publication bytes	2026-10-04T17:51:11.3518343Z         "world_ref": "world:return-of-zero",
build	Verify exact curated publication bytes	2026-10-04T17:51:11.3518775Z         "ref": "expression:return-of-zero:roz-essay-reading",
build	Verify exact curated publication bytes	2026-10-04T17:51:11.3519147Z         "revision": "1",
build	Verify exact curated publication bytes	2026-10-04T17:51:11.3519420Z         "canonical": {
build	Verify exact curated publication bytes	2026-10-04T17:51:11.3519729Z           "record_id": "roz-essay-reading",
build	Verify exact curated publication bytes	2026-10-04T17:51:11.3520210Z           "vault_path": "submission-package/essay/THE-RETURN-OF-ZERO.md",
build	Verify exact curated publication bytes	2026-10-04T17:51:11.3520668Z           "source_revision": "dbf3b17"
build	Verify exact curated publication bytes	2026-10-04T17:51:11.3520959Z         }
build	Verify exact curated publication bytes	2026-10-04T17:51:11.3521188Z       },
build	Verify exact curated publication bytes	2026-10-04T17:51:11.3521643Z       "html_sha256": "4b3f311ccd7cb77df9adff59388822077afa0b7c421f07b6c7ba7326ef10c8c5",
build	Verify exact curated publication bytes	2026-10-04T17:51:11.3522341Z       "projection_sha256": "6b630108883518bba48b971031fd283f63135ea32d4cf26a7398943b3e5ba34a",
build	Verify exact curated publication bytes	2026-10-04T17:51:11.3522834Z       "native_body": {
build	Verify exact curated publication bytes	2026-10-04T17:51:11.3523287Z         "sha256": "5b86fada54111623099f29fcfef5397b7a2e76b40fc1bdec0164b8fd068507c4",
build	Verify exact curated publication bytes	2026-10-04T17:51:11.3523752Z         "scenes": 9,
build	Verify exact curated publication bytes	2026-10-04T17:51:11.3524003Z         "entities": 22,
build	Verify exact curated publication bytes	2026-10-04T17:51:11.3524375Z         "source_revision": "66c767c659abb7bd01be96118e3eb28570b6afc9"
build	Verify exact curated publication bytes	2026-10-04T17:51:11.3524748Z       }
build	Verify exact curated publication bytes	2026-10-04T17:51:11.3525256Z     },
build	Verify exact curated publication bytes	2026-10-04T17:51:11.3525465Z     {
build	Verify exact curated publication bytes	2026-10-04T17:51:11.3525949Z       "projection_ref": "projection:return-of-zero:roz-room-00-integral-threshold:expression",
build	Verify exact curated publication bytes	2026-10-04T17:51:11.3526509Z       "projection_revision": 1,
build	Verify exact curated publication bytes	2026-10-04T17:51:11.3526792Z       "source": {
build	Verify exact curated publication bytes	2026-10-04T17:51:11.3527030Z         "system": "o-i",
build	Verify exact curated publication bytes	2026-10-04T17:51:11.3527369Z         "world_ref": "world:return-of-zero",
build	Verify exact curated publication bytes	2026-10-04T17:51:11.3528070Z         "ref": "expression:return-of-zero:roz-room-00-integral-threshold",
build	Verify exact curated publication bytes	2026-10-04T17:51:11.3528465Z         "revision": "1",
build	Verify exact curated publication bytes	2026-10-04T17:51:11.3528702Z         "canonical": {
build	Verify exact curated publication bytes	2026-10-04T17:51:11.3529008Z           "record_id": "roz-room-00-integral-threshold",
build	Verify exact curated publication bytes	2026-10-04T17:51:11.3529586Z           "vault_path": "submission-package/essay/section-rooms/00-integral-threshold/ROOM.md",
build	Verify exact curated publication bytes	2026-10-04T17:51:11.3530076Z           "source_revision": "dbf3b17"
build	Verify exact curated publication bytes	2026-10-04T17:51:11.3530371Z         }
build	Verify exact curated publication bytes	2026-10-04T17:51:11.3530577Z       },
build	Verify exact curated publication bytes	2026-10-04T17:51:11.3531171Z       "html_sha256": "8db7b69a6032fb67c71d53760565a1289eface37ae9539ce9831651d5efbc833",
build	Verify exact curated publication bytes	2026-10-04T17:51:11.3532602Z       "projection_sha256": "0fcae5a33cde157d6597b10b8ced98133fdccd9bc552b655acc5604f12414c23",
build	Verify exact curated publication bytes	2026-10-04T17:51:11.3533318Z       "native_body": {
build	Verify exact curated publication bytes	2026-10-04T17:51:11.3533749Z         "sha256": "02a12b9c0d974ba687774dee67a6cdb1e9829d90fe75bd2a9eef96669a27311c",
build	Verify exact curated publication bytes	2026-10-04T17:51:11.3534359Z         "scenes": 6,
build	Verify exact curated publication bytes	2026-10-04T17:51:11.3534591Z         "entities": 6,
build	Verify exact curated publication bytes	2026-10-04T17:51:11.3535226Z         "source_revision": "66c767c659abb7bd01be96118e3eb28570b6afc9"
build	Verify exact curated publication bytes	2026-10-04T17:51:11.3535644Z       }
build	Verify exact curated publication bytes	2026-10-04T17:51:11.3535842Z     },
build	Verify exact curated publication bytes	2026-10-04T17:51:11.3536036Z     {
build	Verify exact curated publication bytes	2026-10-04T17:51:11.3536488Z       "projection_ref": "projection:return-of-zero:roz-room-01-differentiating-mind:expression",
build	Verify exact curated publication bytes	2026-10-04T17:51:11.3537020Z       "projection_revision": 1,
build	Verify exact curated publication bytes	2026-10-04T17:51:11.3537276Z       "source": {
build	Verify exact curated publication bytes	2026-10-04T17:51:11.3537505Z         "system": "o-i",
build	Verify exact curated publication bytes	2026-10-04T17:51:11.3537797Z         "world_ref": "world:return-of-zero",
build	Verify exact curated publication bytes	2026-10-04T17:51:11.3538244Z         "ref": "expression:return-of-zero:roz-room-01-differentiating-mind",
build	Verify exact curated publication bytes	2026-10-04T17:51:11.3538654Z         "revision": "1",
build	Verify exact curated publication bytes	2026-10-04T17:51:11.3538897Z         "canonical": {
build	Verify exact curated publication bytes	2026-10-04T17:51:11.3539221Z           "record_id": "roz-room-01-differentiating-mind",
build	Verify exact curated publication bytes	2026-10-04T17:51:11.3539797Z           "vault_path": "submission-package/essay/section-rooms/01-differentiating-mind/ROOM.md",
build	Verify exact curated publication bytes	2026-10-04T17:51:11.3540304Z           "source_revision": "dbf3b17"
build	Verify exact curated publication bytes	2026-10-04T17:51:11.3540585Z         }
build	Verify exact curated publication bytes	2026-10-04T17:51:11.3540780Z       },
build	Verify exact curated publication bytes	2026-10-04T17:51:11.3541163Z       "html_sha256": "486483323690c6166870c557246cde653d82663a461c6afec5be29b48103cc3d",
build	Verify exact curated publication bytes	2026-10-04T17:51:11.3541816Z       "projection_sha256": "3cf7cb958a29c54c4dcde2ec28dbd8851d6039add51ee0354976a469db2c7e28",
build	Verify exact curated publication bytes	2026-10-04T17:51:11.3542282Z       "native_body": {
build	Verify exact curated publication bytes	2026-10-04T17:51:11.3542700Z         "sha256": "c7a364881ab9b2b656cd02de620c8dbae429bc93f9b6d0624205eedd98b12723",
build	Verify exact curated publication bytes	2026-10-04T17:51:11.3543116Z         "scenes": 6,
build	Verify exact curated publication bytes	2026-10-04T17:51:11.3543346Z         "entities": 6,
build	Verify exact curated publication bytes	2026-10-04T17:51:11.3543689Z         "source_revision": "66c767c659abb7bd01be96118e3eb28570b6afc9"
build	Verify exact curated publication bytes	2026-10-04T17:51:11.3544034Z       }
build	Verify exact curated publication bytes	2026-10-04T17:51:11.3544225Z     },
build	Verify exact curated publication bytes	2026-10-04T17:51:11.3544421Z     {
build	Verify exact curated publication bytes	2026-10-04T17:51:11.3544833Z       "projection_ref": "projection:return-of-zero:roz-room-02-return-of-zero:expression",
build	Verify exact curated publication bytes	2026-10-04T17:51:11.3545951Z       "projection_revision": 1,
build	Verify exact curated publication bytes	2026-10-04T17:51:11.3546282Z       "source": {
build	Verify exact curated publication bytes	2026-10-04T17:51:11.3546516Z         "system": "o-i",
build	Verify exact curated publication bytes	2026-10-04T17:51:11.3546811Z         "world_ref": "world:return-of-zero",
build	Verify exact curated publication bytes	2026-10-04T17:51:11.3547244Z         "ref": "expression:return-of-zero:roz-room-02-return-of-zero",
build	Verify exact curated publication bytes	2026-10-04T17:51:11.3547629Z         "revision": "1",
build	Verify exact curated publication bytes	2026-10-04T17:51:11.3547872Z         "canonical": {
build	Verify exact curated publication bytes	2026-10-04T17:51:11.3548175Z           "record_id": "roz-room-02-return-of-zero",
build	Verify exact curated publication bytes	2026-10-04T17:51:11.3548716Z           "vault_path": "submission-package/essay/section-rooms/02-return-of-zero/ROOM.md",
build	Verify exact curated publication bytes	2026-10-04T17:51:11.3549241Z           "source_revision": "dbf3b17"
build	Verify exact curated publication bytes	2026-10-04T17:51:11.3549519Z         }
build	Verify exact curated publication bytes	2026-10-04T17:51:11.3549719Z       },
build	Verify exact curated publication bytes	2026-10-04T17:51:11.3550108Z       "html_sha256": "08c275207b0916254500791d882447da48b209d77c76d4eb61962f045b4e68fb",
build	Verify exact curated publication bytes	2026-10-04T17:51:11.3550764Z       "projection_sha256": "9cb7a61d39f0ec8e99ddb3d36ab4503bf4738fc49b374fdc72d02197bba98f61",
build	Verify exact curated publication bytes	2026-10-04T17:51:11.3551397Z       "native_body": {
build	Verify exact curated publication bytes	2026-10-04T17:51:11.3551849Z         "sha256": "edd83c1ff4fb39f10900a9bc35ff068dc48c5e7b33bbb56ff2b8fe609d2ff82c",
build	Verify exact curated publication bytes	2026-10-04T17:51:11.3552424Z         "scenes": 6,
build	Verify exact curated publication bytes	2026-10-04T17:51:11.3552706Z         "entities": 7,
build	Verify exact curated publication bytes	2026-10-04T17:51:11.3553052Z         "source_revision": "66c767c659abb7bd01be96118e3eb28570b6afc9"
build	Verify exact curated publication bytes	2026-10-04T17:51:11.3553398Z       }
build	Verify exact curated publication bytes	2026-10-04T17:51:11.3553589Z     },
build	Verify exact curated publication bytes	2026-10-04T17:51:11.3553785Z     {
build	Verify exact curated publication bytes	2026-10-04T17:51:11.3554174Z       "projection_ref": "projection:return-of-zero:roz-room-03-two-logics:expression",
build	Verify exact curated publication bytes	2026-10-04T17:51:11.3554636Z       "projection_revision": 1,
build	Verify exact curated publication bytes	2026-10-04T17:51:11.3555131Z       "source": {
build	Verify exact curated publication bytes	2026-10-04T17:51:11.3555375Z         "system": "o-i",
build	Verify exact curated publication bytes	2026-10-04T17:51:11.3555672Z         "world_ref": "world:return-of-zero",
build	Verify exact curated publication bytes	2026-10-04T17:51:11.3556088Z         "ref": "expression:return-of-zero:roz-room-03-two-logics",
build	Verify exact curated publication bytes	2026-10-04T17:51:11.3556623Z         "revision": "1",
build	Verify exact curated publication bytes	2026-10-04T17:51:11.3556874Z         "canonical": {
build	Verify exact curated publication bytes	2026-10-04T17:51:11.3557166Z           "record_id": "roz-room-03-two-logics",
build	Verify exact curated publication bytes	2026-10-04T17:51:11.3557923Z           "vault_path": "submission-package/essay/section-rooms/03-two-logics/ROOM.md",
build	Verify exact curated publication bytes	2026-10-04T17:51:11.3558479Z           "source_revision": "dbf3b17"
build	Verify exact curated publication bytes	2026-10-04T17:51:11.3558753Z         }
build	Verify exact curated publication bytes	2026-10-04T17:51:11.3559649Z       },
build	Verify exact curated publication bytes	2026-10-04T17:51:11.3560581Z       "html_sha256": "aa61c7525300dfacd2332113f0b32161c977e4b2bc164161736d678111a854ec",
build	Verify exact curated publication bytes	2026-10-04T17:51:11.3562384Z       "projection_sha256": "4d9969c0458df1a6ed3002b02767470428f9d9a3044940e75d3484b38f8d34cf",
build	Verify exact curated publication bytes	2026-10-04T17:51:11.3563164Z       "native_body": {
build	Verify exact curated publication bytes	2026-10-04T17:51:11.3564101Z         "sha256": "93a0cb540e95a200a2f7ff9bb1f36c64db55a0c72397fb7d72340c9b2b82f8a7",
build	Verify exact curated publication bytes	2026-10-04T17:51:11.3564803Z         "scenes": 6,
build	Verify exact curated publication bytes	2026-10-04T17:51:11.3565383Z         "entities": 12,
build	Verify exact curated publication bytes	2026-10-04T17:51:11.3565965Z         "source_revision": "66c767c659abb7bd01be96118e3eb28570b6afc9"
build	Verify exact curated publication bytes	2026-10-04T17:51:11.3566546Z       }
build	Verify exact curated publication bytes	2026-10-04T17:51:11.3566863Z     },
build	Verify exact curated publication bytes	2026-10-04T17:51:11.3567157Z     {
build	Verify exact curated publication bytes	2026-10-04T17:51:11.3567903Z       "projection_ref": "projection:return-of-zero:roz-room-04-mathematical-substrate:expression",
build	Verify exact curated publication bytes	2026-10-04T17:51:11.3568747Z       "projection_revision": 1,
build	Verify exact curated publication bytes	2026-10-04T17:51:11.3569154Z       "source": {
build	Verify exact curated publication bytes	2026-10-04T17:51:11.3569496Z         "system": "o-i",
build	Verify exact curated publication bytes	2026-10-04T17:51:11.3569955Z         "world_ref": "world:return-of-zero",
build	Verify exact curated publication bytes	2026-10-04T17:51:11.3570698Z         "ref": "expression:return-of-zero:roz-room-04-mathematical-substrate",
build	Verify exact curated publication bytes	2026-10-04T17:51:11.3571351Z         "revision": "1",
build	Verify exact curated publication bytes	2026-10-04T17:51:11.3571730Z         "canonical": {
build	Verify exact curated publication bytes	2026-10-04T17:51:11.3572245Z           "record_id": "roz-room-04-mathematical-substrate",
build	Verify exact curated publication bytes	2026-10-04T17:51:11.3573212Z           "vault_path": "submission-package/essay/section-rooms/04-mathematical-substrate/ROOM.md",
build	Verify exact curated publication bytes	2026-10-04T17:51:11.3574068Z           "source_revision": "dbf3b17"
build	Verify exact curated publication bytes	2026-10-04T17:51:11.3574499Z         }
build	Verify exact curated publication bytes	2026-10-04T17:51:11.3574814Z       },
build	Verify exact curated publication bytes	2026-10-04T17:51:11.3575667Z       "html_sha256": "2d275ed654039b611b348a819500aea29cdf43fbb7a09364c9e870c6c39d1b6f",
build	Verify exact curated publication bytes	2026-10-04T17:51:11.3576895Z       "projection_sha256": "ac1faafccd9773b9e47a8c42ef1a94499c318cf803db31ffec798ec9a37d4ecf",
build	Verify exact curated publication bytes	2026-10-04T17:51:11.3577742Z       "native_body": {
build	Verify exact curated publication bytes	2026-10-04T17:51:11.3578440Z         "sha256": "84b1c4616a9efd2d913b1a25164252638b6db02eede996d17c5eafd8b2403ea7",
build	Verify exact curated publication bytes	2026-10-04T17:51:11.3579166Z         "scenes": 6,
build	Verify exact curated publication bytes	2026-10-04T17:51:11.3579532Z         "entities": 8,
build	Verify exact curated publication bytes	2026-10-04T17:51:11.3580091Z         "source_revision": "66c767c659abb7bd01be96118e3eb28570b6afc9"
build	Verify exact curated publication bytes	2026-10-04T17:51:11.3580657Z       }
build	Verify exact curated publication bytes	2026-10-04T17:51:11.3580956Z     },
build	Verify exact curated publication bytes	2026-10-04T17:51:11.3581257Z     {
build	Verify exact curated publication bytes	2026-10-04T17:51:11.3581960Z       "projection_ref": "projection:return-of-zero:roz-room-05-psychoid-flowering:expression",
build	Verify exact curated publication bytes	2026-10-04T17:51:11.3582990Z       "projection_revision": 1,
build	Verify exact curated publication bytes	2026-10-04T17:51:11.3583694Z       "source": {
build	Verify exact curated publication bytes	2026-10-04T17:51:11.3584176Z         "system": "o-i",
build	Verify exact curated publication bytes	2026-10-04T17:51:11.3584788Z         "world_ref": "world:return-of-zero",
build	Verify exact curated publication bytes	2026-10-04T17:51:11.3586157Z         "ref": "expression:return-of-zero:roz-room-05-psychoid-flowering",
build	Verify exact curated publication bytes	2026-10-04T17:51:11.3586972Z         "revision": "1",
build	Verify exact curated publication bytes	2026-10-04T17:51:11.3587534Z         "canonical": {
build	Verify exact curated publication bytes	2026-10-04T17:51:11.3588213Z           "record_id": "roz-room-05-psychoid-flowering",
build	Verify exact curated publication bytes	2026-10-04T17:51:11.3589210Z           "vault_path": "submission-package/essay/section-rooms/05-psychoid-flowering/ROOM.md",
build	Verify exact curated publication bytes	2026-10-04T17:51:11.3590282Z           "source_revision": "dbf3b17"
build	Verify exact curated publication bytes	2026-10-04T17:51:11.3590913Z         }
build	Verify exact curated publication bytes	2026-10-04T17:51:11.3591415Z       },
build	Verify exact curated publication bytes	2026-10-04T17:51:11.3592250Z       "html_sha256": "60e4dd1e5eec857084e17201ee04b13b23a7455b296309de7875a61dcd2d6f47",
build	Verify exact curated publication bytes	2026-10-04T17:51:11.3593490Z       "projection_sha256": "bb3cc432ee525c54bc8881d08e7643ac18da447bd8d748355e50c0b8b276b97a",
build	Verify exact curated publication bytes	2026-10-04T17:51:11.3594485Z       "native_body": {
build	Verify exact curated publication bytes	2026-10-04T17:51:11.3595572Z         "sha256": "e6ecde0d7824f2550dc2786024f70babab1a7ccbddc9ccb625f7f5a1d2e3f9d2",
build	Verify exact curated publication bytes	2026-10-04T17:51:11.3596755Z         "scenes": 6,
build	Verify exact curated publication bytes	2026-10-04T17:51:11.3597258Z         "entities": 11,
build	Verify exact curated publication bytes	2026-10-04T17:51:11.3610036Z         "source_revision": "66c767c659abb7bd01be96118e3eb28570b6afc9"
build	Verify exact curated publication bytes	2026-10-04T17:51:11.3610682Z       }
build	Verify exact curated publication bytes	2026-10-04T17:51:11.3611003Z     },
build	Verify exact curated publication bytes	2026-10-04T17:51:11.3611316Z     {
build	Verify exact curated publication bytes	2026-10-04T17:51:11.3611826Z       "projection_ref": "projection:return-of-zero:roz-room-06-objective-internality:expression",
build	Verify exact curated publication bytes	2026-10-04T17:51:11.3612364Z       "projection_revision": 1,
build	Verify exact curated publication bytes	2026-10-04T17:51:11.3612643Z       "source": {
build	Verify exact curated publication bytes	2026-10-04T17:51:11.3612878Z         "system": "o-i",
build	Verify exact curated publication bytes	2026-10-04T17:51:11.3613181Z         "world_ref": "world:return-of-zero",
build	Verify exact curated publication bytes	2026-10-04T17:51:11.3613645Z         "ref": "expression:return-of-zero:roz-room-06-objective-internality",
build	Verify exact curated publication bytes	2026-10-04T17:51:11.3614050Z         "revision": "1",
build	Verify exact curated publication bytes	2026-10-04T17:51:11.3614295Z         "canonical": {
build	Verify exact curated publication bytes	2026-10-04T17:51:11.3614621Z           "record_id": "roz-room-06-objective-internality",
build	Verify exact curated publication bytes	2026-10-04T17:51:11.3615535Z           "vault_path": "submission-package/essay/section-rooms/06-objective-internality/ROOM.md",
build	Verify exact curated publication bytes	2026-10-04T17:51:11.3616080Z           "source_revision": "dbf3b17"
build	Verify exact curated publication bytes	2026-10-04T17:51:11.3616370Z         }
build	Verify exact curated publication bytes	2026-10-04T17:51:11.3616573Z       },
build	Verify exact curated publication bytes	2026-10-04T17:51:11.3616979Z       "html_sha256": "5bc53cb54e8453bdd97a0557466ef4367b54d275479b9c5d9129d3e472fc9300",
build	Verify exact curated publication bytes	2026-10-04T17:51:11.3617640Z       "projection_sha256": "993611974872453ad217db681bc10a720cacaa8a1af4adae9f03f94aac8b64e4",
build	Verify exact curated publication bytes	2026-10-04T17:51:11.3618104Z       "native_body": {
build	Verify exact curated publication bytes	2026-10-04T17:51:11.3618527Z         "sha256": "78b968c20f9b6bb8ecb6d2168bc4900f1f570ec38eb1344407e5f8ebbe8c6f54",
build	Verify exact curated publication bytes	2026-10-04T17:51:11.3618946Z         "scenes": 6,
build	Verify exact curated publication bytes	2026-10-04T17:51:11.3619173Z         "entities": 6,
build	Verify exact curated publication bytes	2026-10-04T17:51:11.3619520Z         "source_revision": "66c767c659abb7bd01be96118e3eb28570b6afc9"
build	Verify exact curated publication bytes	2026-10-04T17:51:11.3619872Z       }
build	Verify exact curated publication bytes	2026-10-04T17:51:11.3620073Z     },
build	Verify exact curated publication bytes	2026-10-04T17:51:11.3620275Z     {
build	Verify exact curated publication bytes	2026-10-04T17:51:11.3620708Z       "projection_ref": "projection:return-of-zero:roz-room-07-instrument-returns:expression",
build	Verify exact curated publication bytes	2026-10-04T17:51:11.3621212Z       "projection_revision": 1,
build	Verify exact curated publication bytes	2026-10-04T17:51:11.3621476Z       "source": {
build	Verify exact curated publication bytes	2026-10-04T17:51:11.3621708Z         "system": "o-i",
build	Verify exact curated publication bytes	2026-10-04T17:51:11.3622004Z         "world_ref": "world:return-of-zero",
build	Verify exact curated publication bytes	2026-10-04T17:51:11.3622451Z         "ref": "expression:return-of-zero:roz-room-07-instrument-returns",
build	Verify exact curated publication bytes	2026-10-04T17:51:11.3622841Z         "revision": "1",
build	Verify exact curated publication bytes	2026-10-04T17:51:11.3623083Z         "canonical": {
build	Verify exact curated publication bytes	2026-10-04T17:51:11.3623390Z           "record_id": "roz-room-07-instrument-returns",
build	Verify exact curated publication bytes	2026-10-04T17:51:11.3623933Z           "vault_path": "submission-package/essay/section-rooms/07-instrument-returns/ROOM.md",
build	Verify exact curated publication bytes	2026-10-04T17:51:11.3624431Z           "source_revision": "dbf3b17"
build	Verify exact curated publication bytes	2026-10-04T17:51:11.3624700Z         }
build	Verify exact curated publication bytes	2026-10-04T17:51:11.3625165Z       },
build	Verify exact curated publication bytes	2026-10-04T17:51:11.3625590Z       "html_sha256": "002b448a3e5c1a81fa6286da56a322258b2de832f175b5cafd00f38ef98fff91",
build	Verify exact curated publication bytes	2026-10-04T17:51:11.3626258Z       "projection_sha256": "2df5ad3f02fdb3691031a4bc92560b15e4aec3bd96cb5c09bcb0a861e2a2c4aa",
build	Verify exact curated publication bytes	2026-10-04T17:51:11.3626906Z       "native_body": {
build	Verify exact curated publication bytes	2026-10-04T17:51:11.3627339Z         "sha256": "6dadba33dc72f5de9fc6fb139a7ae1bdcfaaf07577731968eda349e9f61b35e5",
build	Verify exact curated publication bytes	2026-10-04T17:51:11.3627773Z         "scenes": 6,
build	Verify exact curated publication bytes	2026-10-04T17:51:11.3628005Z         "entities": 13,
build	Verify exact curated publication bytes	2026-10-04T17:51:11.3628355Z         "source_revision": "66c767c659abb7bd01be96118e3eb28570b6afc9"
build	Verify exact curated publication bytes	2026-10-04T17:51:11.3628720Z       }
build	Verify exact curated publication bytes	2026-10-04T17:51:11.3628920Z     },
build	Verify exact curated publication bytes	2026-10-04T17:51:11.3629116Z     {
build	Verify exact curated publication bytes	2026-10-04T17:51:11.3629508Z       "projection_ref": "projection:return-of-zero:sp-actuation-docs:expression",
build	Verify exact curated publication bytes	2026-10-04T17:51:11.3629954Z       "projection_revision": 1,
build	Verify exact curated publication bytes	2026-10-04T17:51:11.3630219Z       "source": {
build	Verify exact curated publication bytes	2026-10-04T17:51:11.3630450Z         "system": "o-i",
build	Verify exact curated publication bytes	2026-10-04T17:51:11.3630752Z         "world_ref": "world:return-of-zero",
build	Verify exact curated publication bytes	2026-10-04T17:51:11.3631144Z         "ref": "expression:return-of-zero:sp-actuation-docs",
build	Verify exact curated publication bytes	2026-10-04T17:51:11.3631621Z         "revision": "1"
build	Verify exact curated publication bytes	2026-10-04T17:51:11.3631863Z       },
build	Verify exact curated publication bytes	2026-10-04T17:51:11.3632277Z       "html_sha256": "8fcded1e894a7b33ca5cac7a665ca429db893a474fbc3a6d7836be49564ac66e",
build	Verify exact curated publication bytes	2026-10-04T17:51:11.3632938Z       "projection_sha256": "396488fec33461ff24477d1bea07f39caf78d26086d7dce637c228459228230c",
build	Verify exact curated publication bytes	2026-10-04T17:51:11.3633402Z       "native_body": {
build	Verify exact curated publication bytes	2026-10-04T17:51:11.3633811Z         "sha256": "4a07b1f0f15458fd143a6204220bb8bde420084b41e1c564bb29ad28518ed541",
build	Verify exact curated publication bytes	2026-10-04T17:51:11.3634221Z         "scenes": 7,
build	Verify exact curated publication bytes	2026-10-04T17:51:11.3634451Z         "entities": 37,
build	Verify exact curated publication bytes	2026-10-04T17:51:11.3634797Z         "source_revision": "e875344c04c14228840665a91823edc42b078fb2"
build	Verify exact curated publication bytes	2026-10-04T17:51:11.3635469Z       }
build	Verify exact curated publication bytes	2026-10-04T17:51:11.3635678Z     },
build	Verify exact curated publication bytes	2026-10-04T17:51:11.3635880Z     {
build	Verify exact curated publication bytes	2026-10-04T17:51:11.3636325Z       "projection_ref": "projection:return-of-zero:sp-actuation-now-day-2026-09-11-1:expression",
build	Verify exact curated publication bytes	2026-10-04T17:51:11.3636834Z       "projection_revision": 1,
build	Verify exact curated publication bytes	2026-10-04T17:51:11.3637097Z       "source": {
build	Verify exact curated publication bytes	2026-10-04T17:51:11.3637339Z         "system": "o-i",
build	Verify exact curated publication bytes	2026-10-04T17:51:11.3637637Z         "world_ref": "world:return-of-zero",
build	Verify exact curated publication bytes	2026-10-04T17:51:11.3638084Z         "ref": "expression:return-of-zero:sp-actuation-now-day-2026-09-11-1",
build	Verify exact curated publication bytes	2026-10-04T17:51:11.3638482Z         "revision": "1"
build	Verify exact curated publication bytes	2026-10-04T17:51:11.3638707Z       },
build	Verify exact curated publication bytes	2026-10-04T17:51:11.3639102Z       "html_sha256": "c35a6a4e689f8a0561676e49192cff9675c9c5fa4d734ce0b4b918710ce93265",
build	Verify exact curated publication bytes	2026-10-04T17:51:11.3639757Z       "projection_sha256": "cfd48702aeca4f6377d90a33aa2cd6bd0eeaba7db5eb1ae65d87f5b9a6b4e52a",
build	Verify exact curated publication bytes	2026-10-04T17:51:11.3640227Z       "native_body": {
build	Verify exact curated publication bytes	2026-10-04T17:51:11.3640632Z         "sha256": "9ea3876a66e4f6a1ca53f26ba6d207b8ecc9a2a857f92fd151d1c69015122298",
build	Verify exact curated publication bytes	2026-10-04T17:51:11.3641049Z         "scenes": 12,
build	Verify exact curated publication bytes	2026-10-04T17:51:11.3641280Z         "entities": 70,
build	Verify exact curated publication bytes	2026-10-04T17:51:11.3641623Z         "source_revision": "e875344c04c14228840665a91823edc42b078fb2"
build	Verify exact curated publication bytes	2026-10-04T17:51:11.3641958Z       }
build	Verify exact curated publication bytes	2026-10-04T17:51:11.3642149Z     },
build	Verify exact curated publication bytes	2026-10-04T17:51:11.3642348Z     {
build	Verify exact curated publication bytes	2026-10-04T17:51:11.3642787Z       "projection_ref": "projection:return-of-zero:sp-actuation-now-day-2026-09-11-2:expression",
build	Verify exact curated publication bytes	2026-10-04T17:51:11.3643278Z       "projection_revision": 1,
build	Verify exact curated publication bytes	2026-10-04T17:51:11.3643540Z       "source": {
build	Verify exact curated publication bytes	2026-10-04T17:51:11.3643763Z         "system": "o-i",
build	Verify exact curated publication bytes	2026-10-04T17:51:11.3644047Z         "world_ref": "world:return-of-zero",
build	Verify exact curated publication bytes	2026-10-04T17:51:11.3644487Z         "ref": "expression:return-of-zero:sp-actuation-now-day-2026-09-11-2",
build	Verify exact curated publication bytes	2026-10-04T17:51:11.3645116Z         "revision": "1"
build	Verify exact curated publication bytes	2026-10-04T17:51:11.3645370Z       },
build	Verify exact curated publication bytes	2026-10-04T17:51:11.3645776Z       "html_sha256": "82410c7301fab5c2136e88463f5d4de01465a87dfeb274c7720eb112ac38cb5b",
build	Verify exact curated publication bytes	2026-10-04T17:51:11.3646422Z       "projection_sha256": "1c8ed7fd2e5939844e41640eff0e71d11bf11258f3dd02e74d99d13c8b61b066",
build	Verify exact curated publication bytes	2026-10-04T17:51:11.3646891Z       "native_body": {
build	Verify exact curated publication bytes	2026-10-04T17:51:11.3647307Z         "sha256": "45596f62ebbb9dc8772e58fc45150be38c51b59a6911fc31ed1f0a6101e5d116",
build	Verify exact curated publication bytes	2026-10-04T17:51:11.3647732Z         "scenes": 10,
build	Verify exact curated publication bytes	2026-10-04T17:51:11.3648131Z         "entities": 60,
build	Verify exact curated publication bytes	2026-10-04T17:51:11.3648475Z         "source_revision": "e875344c04c14228840665a91823edc42b078fb2"
build	Verify exact curated publication bytes	2026-10-04T17:51:11.3648816Z       }
build	Verify exact curated publication bytes	2026-10-04T17:51:11.3649012Z     },
build	Verify exact curated publication bytes	2026-10-04T17:51:11.3649209Z     {
build	Verify exact curated publication bytes	2026-10-04T17:51:11.3649648Z       "projection_ref": "projection:return-of-zero:sp-actuation-now-day-2026-09-12-1:expression",
build	Verify exact curated publication bytes	2026-10-04T17:51:11.3650153Z       "projection_revision": 1,
build	Verify exact curated publication bytes	2026-10-04T17:51:11.3650414Z       "source": {
build	Verify exact curated publication bytes	2026-10-04T17:51:11.3650637Z         "system": "o-i",
build	Verify exact curated publication bytes	2026-10-04T17:51:11.3650923Z         "world_ref": "world:return-of-zero",
build	Verify exact curated publication bytes	2026-10-04T17:51:11.3651372Z         "ref": "expression:return-of-zero:sp-actuation-now-day-2026-09-12-1",
build	Verify exact curated publication bytes	2026-10-04T17:51:11.3651776Z         "revision": "1"
build	Verify exact curated publication bytes	2026-10-04T17:51:11.3652003Z       },
build	Verify exact curated publication bytes	2026-10-04T17:51:11.3652407Z       "html_sha256": "3cc6a738b73e472f3eb2bdf57ee5dc383e950e1226f4bea7adefd1a3838b69bd",
build	Verify exact curated publication bytes	2026-10-04T17:51:11.3653070Z       "projection_sha256": "ea95b95a4b1a63214cc3cc40eac6b2b85b2228774063b40d7cf5685062e8cca4",
build	Verify exact curated publication bytes	2026-10-04T17:51:11.3653653Z       "native_body": {
build	Verify exact curated publication bytes	2026-10-04T17:51:11.3654063Z         "sha256": "e499e64e1d95d4bff07399596dd8c41d863ad6b544586b5b00e0c2e8f33a4eec",
build	Verify exact curated publication bytes	2026-10-04T17:51:11.3654485Z         "scenes": 12,
build	Verify exact curated publication bytes	2026-10-04T17:51:11.3654716Z         "entities": 70,
build	Verify exact curated publication bytes	2026-10-04T17:51:11.3655460Z         "source_revision": "e875344c04c14228840665a91823edc42b078fb2"
build	Verify exact curated publication bytes	2026-10-04T17:51:11.3655823Z       }
build	Verify exact curated publication bytes	2026-10-04T17:51:11.3656020Z     },
build	Verify exact curated publication bytes	2026-10-04T17:51:11.3656216Z     {
build	Verify exact curated publication bytes	2026-10-04T17:51:11.3656695Z       "projection_ref": "projection:return-of-zero:sp-actuation-now-day-2026-09-12-2:expression",
build	Verify exact curated publication bytes	2026-10-04T17:51:11.3657202Z       "projection_revision": 1,
build	Verify exact curated publication bytes	2026-10-04T17:51:11.3657467Z       "source": {
build	Verify exact curated publication bytes	2026-10-04T17:51:11.3657693Z         "system": "o-i",
build	Verify exact curated publication bytes	2026-10-04T17:51:11.3657987Z         "world_ref": "world:return-of-zero",
build	Verify exact curated publication bytes	2026-10-04T17:51:11.3658434Z         "ref": "expression:return-of-zero:sp-actuation-now-day-2026-09-12-2",
build	Verify exact curated publication bytes	2026-10-04T17:51:11.3658835Z         "revision": "1"
build	Verify exact curated publication bytes	2026-10-04T17:51:11.3659067Z       },
build	Verify exact curated publication bytes	2026-10-04T17:51:11.3659452Z       "html_sha256": "72c3b275533d20729841afa3f963b935890646d03456162ce4707519d3c558f7",
build	Verify exact curated publication bytes	2026-10-04T17:51:11.3660094Z       "projection_sha256": "166fcc60e04f2ea70745958abc9d0907b2d3f791e8d31fd71239fec6523b1851",
build	Verify exact curated publication bytes	2026-10-04T17:51:11.3660561Z       "native_body": {
build	Verify exact curated publication bytes	2026-10-04T17:51:11.3660974Z         "sha256": "10fa9b096734a19df7b7d3f9b8c6106d7e90be5d6ed8a83077b484d59fee1d70",
build	Verify exact curated publication bytes	2026-10-04T17:51:11.3661389Z         "scenes": 12,
build	Verify exact curated publication bytes	2026-10-04T17:51:11.3661618Z         "entities": 72,
build	Verify exact curated publication bytes	2026-10-04T17:51:11.3661958Z         "source_revision": "e875344c04c14228840665a91823edc42b078fb2"
build	Verify exact curated publication bytes	2026-10-04T17:51:11.3662298Z       }
build	Verify exact curated publication bytes	2026-10-04T17:51:11.3662494Z     },
build	Verify exact curated publication bytes	2026-10-04T17:51:11.3662690Z     {
build	Verify exact curated publication bytes	2026-10-04T17:51:11.3663075Z       "projection_ref": "projection:return-of-zero:sp-actuation-product:expression",
build	Verify exact curated publication bytes	2026-10-04T17:51:11.3663523Z       "projection_revision": 1,
build	Verify exact curated publication bytes	2026-10-04T17:51:11.3663774Z       "source": {
build	Verify exact curated publication bytes	2026-10-04T17:51:11.3664015Z         "system": "o-i",
build	Verify exact curated publication bytes	2026-10-04T17:51:11.3664300Z         "world_ref": "world:return-of-zero",
build	Verify exact curated publication bytes	2026-10-04T17:51:11.3664698Z         "ref": "expression:return-of-zero:sp-actuation-product",
build	Verify exact curated publication bytes	2026-10-04T17:51:11.3665354Z         "revision": "1"
build	Verify exact curated publication bytes	2026-10-04T17:51:11.3665738Z       },
build	Verify exact curated publication bytes	2026-10-04T17:51:11.3666147Z       "html_sha256": "823b91a70533b51e756b93e3bf4d4136eecd07eed027d0376c63a6aec95af134",
build	Verify exact curated publication bytes	2026-10-04T17:51:11.3666800Z       "projection_sha256": "eff6202dbb1b707b7eb0f3baca041d1f52bded2bd33d42455c3522d64d036b04",
build	Verify exact curated publication bytes	2026-10-04T17:51:11.3667267Z       "native_body": {
build	Verify exact curated publication bytes	2026-10-04T17:51:11.3667678Z         "sha256": "20afffddcfd2f1bd5790ec7149e104671f5bcfde4fd468c7021af0c3c5a2fe99",
build	Verify exact curated publication bytes	2026-10-04T17:51:11.3668095Z         "scenes": 3,
build	Verify exact curated publication bytes	2026-10-04T17:51:11.3668317Z         "entities": 14,
build	Verify exact curated publication bytes	2026-10-04T17:51:11.3668652Z         "source_revision": "e875344c04c14228840665a91823edc42b078fb2"
build	Verify exact curated publication bytes	2026-10-04T17:51:11.3668983Z       }
build	Verify exact curated publication bytes	2026-10-04T17:51:11.3669175Z     },
build	Verify exact curated publication bytes	2026-10-04T17:51:11.3669373Z     {
build	Verify exact curated publication bytes	2026-10-04T17:51:11.3669838Z       "projection_ref": "projection:return-of-zero:sp-actuation-projectcentral-governance:expression",
build	Verify exact curated publication bytes	2026-10-04T17:51:11.3670526Z       "projection_revision": 1,
build	Verify exact curated publication bytes	2026-10-04T17:51:11.3670779Z       "source": {
build	Verify exact curated publication bytes	2026-10-04T17:51:11.3671000Z         "system": "o-i",
build	Verify exact curated publication bytes	2026-10-04T17:51:11.3671285Z         "world_ref": "world:return-of-zero",
build	Verify exact curated publication bytes	2026-10-04T17:51:11.3671749Z         "ref": "expression:return-of-zero:sp-actuation-projectcentral-governance",
build	Verify exact curated publication bytes	2026-10-04T17:51:11.3672164Z         "revision": "1"
build	Verify exact curated publication bytes	2026-10-04T17:51:11.3672385Z       },
build	Verify exact curated publication bytes	2026-10-04T17:51:11.3672775Z       "html_sha256": "712b12827bd1db9f89a5b2c520a43f67833ff103fd1ed59ea27ca126674dd62c",
build	Verify exact curated publication bytes	2026-10-04T17:51:11.3673425Z       "projection_sha256": "1c789ddf3400e6aba53f93ab9cf0e1445ba0bd008feb620a367dd7dad2bee5e5",
build	Verify exact curated publication bytes	2026-10-04T17:51:11.3673878Z       "native_body": {
build	Verify exact curated publication bytes	2026-10-04T17:51:11.3674277Z         "sha256": "876275a2d001101ed4a2448a17adb6caea27909d6fec37eff6233bccd2417101",
build	Verify exact curated publication bytes	2026-10-04T17:51:11.3674688Z         "scenes": 3,
build	Verify exact curated publication bytes	2026-10-04T17:51:11.3675279Z         "entities": 13,
build	Verify exact curated publication bytes	2026-10-04T17:51:11.3675635Z         "source_revision": "e875344c04c14228840665a91823edc42b078fb2"
build	Verify exact curated publication bytes	2026-10-04T17:51:11.3675984Z       }
build	Verify exact curated publication bytes	2026-10-04T17:51:11.3676177Z     },
build	Verify exact curated publication bytes	2026-10-04T17:51:11.3676367Z     {
build	Verify exact curated publication bytes	2026-10-04T17:51:11.3676812Z       "projection_ref": "projection:return-of-zero:sp-actuation-ql-runtime-comparison:expression",
build	Verify exact curated publication bytes	2026-10-04T17:51:11.3677332Z       "projection_revision": 1,
build	Verify exact curated publication bytes	2026-10-04T17:51:11.3677589Z       "source": {
build	Verify exact curated publication bytes	2026-10-04T17:51:11.3677821Z         "system": "o-i",
build	Verify exact curated publication bytes	2026-10-04T17:51:11.3678106Z         "world_ref": "world:return-of-zero",
build	Verify exact curated publication bytes	2026-10-04T17:51:11.3678559Z         "ref": "expression:return-of-zero:sp-actuation-ql-runtime-comparison",
build	Verify exact curated publication bytes	2026-10-04T17:51:11.3678957Z         "revision": "1"
build	Verify exact curated publication bytes	2026-10-04T17:51:11.3679180Z       },
build	Verify exact curated publication bytes	2026-10-04T17:51:11.3679583Z       "html_sha256": "4a08482f168bec0bbecd6c3d435831b13be78b5968faae52bf553c60e10171d8",
build	Verify exact curated publication bytes	2026-10-04T17:51:11.3680231Z       "projection_sha256": "3220d0ae13ffa493392db1e69dccbec212e56dea2363065754a47c888606fe33",
build	Verify exact curated publication bytes	2026-10-04T17:51:11.3680697Z       "native_body": {
build	Verify exact curated publication bytes	2026-10-04T17:51:11.3681096Z         "sha256": "158d294151176b01cc59d6ccd658d793db2f6eb82b40c821f3fe6329ff707db5",
build	Verify exact curated publication bytes	2026-10-04T17:51:11.3681498Z         "scenes": 5,
build	Verify exact curated publication bytes	2026-10-04T17:51:11.3681717Z         "entities": 30,
build	Verify exact curated publication bytes	2026-10-04T17:51:11.3682066Z         "source_revision": "e875344c04c14228840665a91823edc42b078fb2"
build	Verify exact curated publication bytes	2026-10-04T17:51:11.3682400Z       }
build	Verify exact curated publication bytes	2026-10-04T17:51:11.3682586Z     },
build	Verify exact curated publication bytes	2026-10-04T17:51:11.3682771Z     {
build	Verify exact curated publication bytes	2026-10-04T17:51:11.3683244Z       "projection_ref": "projection:return-of-zero:sp-actuation-ql-runtime-deep-prime:expression",
build	Verify exact curated publication bytes	2026-10-04T17:51:11.3683755Z       "projection_revision": 1,
build	Verify exact curated publication bytes	2026-10-04T17:51:11.3684008Z       "source": {
build	Verify exact curated publication bytes	2026-10-04T17:51:11.3684232Z         "system": "o-i",
build	Verify exact curated publication bytes	2026-10-04T17:51:11.3684519Z         "world_ref": "world:return-of-zero",
build	Verify exact curated publication bytes	2026-10-04T17:51:11.3685225Z         "ref": "expression:return-of-zero:sp-actuation-ql-runtime-deep-prime",
build	Verify exact curated publication bytes	2026-10-04T17:51:11.3685660Z         "revision": "1"
build	Verify exact curated publication bytes	2026-10-04T17:51:11.3685899Z       },
build	Verify exact curated publication bytes	2026-10-04T17:51:11.3686287Z       "html_sha256": "4b1e2b18053e7272d7614b79da876bd4954a5090c86fdc824a2b280a7711607c",
build	Verify exact curated publication bytes	2026-10-04T17:51:11.3686944Z       "projection_sha256": "eaaa0ebe65e6dca91035306a57da11a0e154c3e627940194b8c1a4b58788358b",
build	Verify exact curated publication bytes	2026-10-04T17:51:11.3687406Z       "native_body": {
build	Verify exact curated publication bytes	2026-10-04T17:51:11.3687810Z         "sha256": "00c2d5c7c5f1ff4ff5a42bab03696f6626cb52ed11e513f71e52e2a8339aaeb0",
build	Verify exact curated publication bytes	2026-10-04T17:51:11.3688229Z         "scenes": 5,
build	Verify exact curated publication bytes	2026-10-04T17:51:11.3688456Z         "entities": 26,
build	Verify exact curated publication bytes	2026-10-04T17:51:11.3688796Z         "source_revision": "e875344c04c14228840665a91823edc42b078fb2"
build	Verify exact curated publication bytes	2026-10-04T17:51:11.3689129Z       }
build	Verify exact curated publication bytes	2026-10-04T17:51:11.3689321Z     },
build	Verify exact curated publication bytes	2026-10-04T17:51:11.3689512Z     {
build	Verify exact curated publication bytes	2026-10-04T17:51:11.3690006Z       "projection_ref": "projection:return-of-zero:sp-actuation-ql-runtime-experiment-trees-1:expression",
build	Verify exact curated publication bytes	2026-10-04T17:51:11.3690544Z       "projection_revision": 1,
build	Verify exact curated publication bytes	2026-10-04T17:51:11.3690799Z       "source": {
build	Verify exact curated publication bytes	2026-10-04T17:51:11.3691029Z         "system": "o-i",
build	Verify exact curated publication bytes	2026-10-04T17:51:11.3691458Z         "world_ref": "world:return-of-zero",
build	Verify exact curated publication bytes	2026-10-04T17:51:11.3691943Z         "ref": "expression:return-of-zero:sp-actuation-ql-runtime-experiment-trees-1",
build	Verify exact curated publication bytes	2026-10-04T17:51:11.3692377Z         "revision": "1"
build	Verify exact curated publication bytes	2026-10-04T17:51:11.3692600Z       },
build	Verify exact curated publication bytes	2026-10-04T17:51:11.3692994Z       "html_sha256": "11442bb53d091da2129adf123e918322db44ab34ed628be879822ab54c4b4819",
build	Verify exact curated publication bytes	2026-10-04T17:51:11.3693639Z       "projection_sha256": "ebd4b99d39107c6df57814321c24c674e0ec287f2702f52345fade5ca40215e0",
build	Verify exact curated publication bytes	2026-10-04T17:51:11.3694089Z       "native_body": {
build	Verify exact curated publication bytes	2026-10-04T17:51:11.3694494Z         "sha256": "646ebe1f4180e6e44db198ada65c38387335b192dce63ec1022d63eba3c76539",
build	Verify exact curated publication bytes	2026-10-04T17:51:11.3695166Z         "scenes": 12,
build	Verify exact curated publication bytes	2026-10-04T17:51:11.3695423Z         "entities": 55,
build	Verify exact curated publication bytes	2026-10-04T17:51:11.3695769Z         "source_revision": "e875344c04c14228840665a91823edc42b078fb2"
build	Verify exact curated publication bytes	2026-10-04T17:51:11.3696106Z       }
build	Verify exact curated publication bytes	2026-10-04T17:51:11.3696440Z     },
build	Verify exact curated publication bytes	2026-10-04T17:51:11.3696636Z     {
build	Verify exact curated publication bytes	2026-10-04T17:51:11.3697128Z       "projection_ref": "projection:return-of-zero:sp-actuation-ql-runtime-experiment-trees-2:expression",
build	Verify exact curated publication bytes	2026-10-04T17:51:11.3697660Z       "projection_revision": 1,
build	Verify exact curated publication bytes	2026-10-04T17:51:11.3697913Z       "source": {
build	Verify exact curated publication bytes	2026-10-04T17:51:11.3698129Z         "system": "o-i",
build	Verify exact curated publication bytes	2026-10-04T17:51:11.3698411Z         "world_ref": "world:return-of-zero",
build	Verify exact curated publication bytes	2026-10-04T17:51:11.3698894Z         "ref": "expression:return-of-zero:sp-actuation-ql-runtime-experiment-trees-2",
build	Verify exact curated publication bytes	2026-10-04T17:51:11.3699318Z         "revision": "1"
build	Verify exact curated publication bytes	2026-10-04T17:51:11.3699536Z       },
build	Verify exact curated publication bytes	2026-10-04T17:51:11.3699919Z       "html_sha256": "70b40f141b5d29f1f94d21024728595caa39734b32a0fd36bd364b94a1d1db14",
build	Verify exact curated publication bytes	2026-10-04T17:51:11.3700546Z       "projection_sha256": "5a0ba671db8692821ed9b0f6f372029c2126718c13988d49c476d0a58169f215",
build	Verify exact curated publication bytes	2026-10-04T17:51:11.3700996Z       "native_body": {
build	Verify exact curated publication bytes	2026-10-04T17:51:11.3701387Z         "sha256": "c21ebea037864f9974769c4720b3e430e12466b0aef7ad7526029895d367a99c",
build	Verify exact curated publication bytes	2026-10-04T17:51:11.3701793Z         "scenes": 3,
build	Verify exact curated publication bytes	2026-10-04T17:51:11.3702025Z         "entities": 13,
build	Verify exact curated publication bytes	2026-10-04T17:51:11.3702355Z         "source_revision": "e875344c04c14228840665a91823edc42b078fb2"
build	Verify exact curated publication bytes	2026-10-04T17:51:11.3702698Z       }
build	Verify exact curated publication bytes	2026-10-04T17:51:11.3702890Z     },
build	Verify exact curated publication bytes	2026-10-04T17:51:11.3703078Z     {
build	Verify exact curated publication bytes	2026-10-04T17:51:11.3703525Z       "projection_ref": "projection:return-of-zero:sp-actuation-ql-runtime-foundations:expression",
build	Verify exact curated publication bytes	2026-10-04T17:51:11.3704027Z       "projection_revision": 1,
build	Verify exact curated publication bytes	2026-10-04T17:51:11.3704278Z       "source": {
build	Verify exact curated publication bytes	2026-10-04T17:51:11.3704493Z         "system": "o-i",
build	Verify exact curated publication bytes	2026-10-04T17:51:11.3704774Z         "world_ref": "world:return-of-zero",
build	Verify exact curated publication bytes	2026-10-04T17:51:11.3705482Z         "ref": "expression:return-of-zero:sp-actuation-ql-runtime-foundations",
build	Verify exact curated publication bytes	2026-10-04T17:51:11.3705899Z         "revision": "1"
build	Verify exact curated publication bytes	2026-10-04T17:51:11.3706126Z       },
build	Verify exact curated publication bytes	2026-10-04T17:51:11.3706518Z       "html_sha256": "201a83164864a6462b4fe83b9fb54422fec31b1a17eb92db6f71d425ec60bf92",
build	Verify exact curated publication bytes	2026-10-04T17:51:11.3707177Z       "projection_sha256": "20f8730d32a9e0f61d5d9b5db84fab23f16a417a6dd155093b2bc4847082d9dc",
build	Verify exact curated publication bytes	2026-10-04T17:51:11.3707634Z       "native_body": {
build	Verify exact curated publication bytes	2026-10-04T17:51:11.3708039Z         "sha256": "6f096f19edb74ba193e61c54f40b47ee59b106199db76dd670a606c9c844ddf3",
build	Verify exact curated publication bytes	2026-10-04T17:51:11.3708447Z         "scenes": 7,
build	Verify exact curated publication bytes	2026-10-04T17:51:11.3708674Z         "entities": 32,
build	Verify exact curated publication bytes	2026-10-04T17:51:11.3709030Z         "source_revision": "e875344c04c14228840665a91823edc42b078fb2"
build	Verify exact curated publication bytes	2026-10-04T17:51:11.3709375Z       }
build	Verify exact curated publication bytes	2026-10-04T17:51:11.3709567Z     },
build	Verify exact curated publication bytes	2026-10-04T17:51:11.3709753Z     {
build	Verify exact curated publication bytes	2026-10-04T17:51:11.3710197Z       "projection_ref": "projection:return-of-zero:sp-actuation-ql-runtime-protocols:expression",
build	Verify exact curated publication bytes	2026-10-04T17:51:11.3710695Z       "projection_revision": 1,
build	Verify exact curated publication bytes	2026-10-04T17:51:11.3710953Z       "source": {
build	Verify exact curated publication bytes	2026-10-04T17:51:11.3711175Z         "system": "o-i",
build	Verify exact curated publication bytes	2026-10-04T17:51:11.3711462Z         "world_ref": "world:return-of-zero",
build	Verify exact curated publication bytes	2026-10-04T17:51:11.3711917Z         "ref": "expression:return-of-zero:sp-actuation-ql-runtime-protocols",
build	Verify exact curated publication bytes	2026-10-04T17:51:11.3712466Z         "revision": "1"
build	Verify exact curated publication bytes	2026-10-04T17:51:11.3712692Z       },
build	Verify exact curated publication bytes	2026-10-04T17:51:11.3713082Z       "html_sha256": "0f1989c1131a7b4d61d3ac84e9563a0d619634b52b82942a43f856737d1ac228",
build	Verify exact curated publication bytes	2026-10-04T17:51:11.3713715Z       "projection_sha256": "da3a3c010a73f35a0857720b1b38b5e538f7b3fb3ea0e507684f94233379eba1",
build	Verify exact curated publication bytes	2026-10-04T17:51:11.3714163Z       "native_body": {
build	Verify exact curated publication bytes	2026-10-04T17:51:11.3714560Z         "sha256": "05f6880172aa5973a1c74c392bd966994e00b5aaf37f6e8f28242e7a5d6b93b5",
build	Verify exact curated publication bytes	2026-10-04T17:51:11.3715450Z         "scenes": 6,
build	Verify exact curated publication bytes	2026-10-04T17:51:11.3715897Z         "entities": 35,
build	Verify exact curated publication bytes	2026-10-04T17:51:11.3716247Z         "source_revision": "e875344c04c14228840665a91823edc42b078fb2"
build	Verify exact curated publication bytes	2026-10-04T17:51:11.3716587Z       }
build	Verify exact curated publication bytes	2026-10-04T17:51:11.3716964Z     },
build	Verify exact curated publication bytes	2026-10-04T17:51:11.3717159Z     {
build	Verify exact curated publication bytes	2026-10-04T17:51:11.3717602Z       "projection_ref": "projection:return-of-zero:sp-actuation-ql-runtime-reviews-1:expression",
build	Verify exact curated publication bytes	2026-10-04T17:51:11.3718197Z       "projection_revision": 1,
build	Verify exact curated publication bytes	2026-10-04T17:51:11.3718631Z       "source": {
build	Verify exact curated publication bytes	2026-10-04T17:51:11.3718963Z         "system": "o-i",
build	Verify exact curated publication bytes	2026-10-04T17:51:11.3719260Z         "world_ref": "world:return-of-zero",
build	Verify exact curated publication bytes	2026-10-04T17:51:11.3719710Z         "ref": "expression:return-of-zero:sp-actuation-ql-runtime-reviews-1",
build	Verify exact curated publication bytes	2026-10-04T17:51:11.3720110Z         "revision": "1"
build	Verify exact curated publication bytes	2026-10-04T17:51:11.3720339Z       },
build	Verify exact curated publication bytes	2026-10-04T17:51:11.3720733Z       "html_sha256": "c5d2d704f9817ec06c6691745366c3f33a44d4b0133addd967e73a1a3a40db29",
build	Verify exact curated publication bytes	2026-10-04T17:51:11.3721385Z       "projection_sha256": "a999427c3b3d9e8077f2651b5e6f4ede436ec74430f3268d51858a3ac7d58ff3",
build	Verify exact curated publication bytes	2026-10-04T17:51:11.3721840Z       "native_body": {
build	Verify exact curated publication bytes	2026-10-04T17:51:11.3722247Z         "sha256": "bc481405036455a460ad409e4edfd7426adbf41d41ad5a1e66802733f9f8edb4",
build	Verify exact curated publication bytes	2026-10-04T17:51:11.3722664Z         "scenes": 12,
build	Verify exact curated publication bytes	2026-10-04T17:51:11.3722894Z         "entities": 72,
build	Verify exact curated publication bytes	2026-10-04T17:51:11.3723232Z         "source_revision": "e875344c04c14228840665a91823edc42b078fb2"
build	Verify exact curated publication bytes	2026-10-04T17:51:11.3723572Z       }
build	Verify exact curated publication bytes	2026-10-04T17:51:11.3723768Z     },
build	Verify exact curated publication bytes	2026-10-04T17:51:11.3723961Z     {
build	Verify exact curated publication bytes	2026-10-04T17:51:11.3724406Z       "projection_ref": "projection:return-of-zero:sp-actuation-ql-runtime-reviews-2:expression",
build	Verify exact curated publication bytes	2026-10-04T17:51:11.3725258Z       "projection_revision": 1,
build	Verify exact curated publication bytes	2026-10-04T17:51:11.3725525Z       "source": {
build	Verify exact curated publication bytes	2026-10-04T17:51:11.3725747Z         "system": "o-i",
build	Verify exact curated publication bytes	2026-10-04T17:51:11.3726026Z         "world_ref": "world:return-of-zero",
build	Verify exact curated publication bytes	2026-10-04T17:51:11.3726468Z         "ref": "expression:return-of-zero:sp-actuation-ql-runtime-reviews-2",
build	Verify exact curated publication bytes	2026-10-04T17:51:11.3726867Z         "revision": "1"
build	Verify exact curated publication bytes	2026-10-04T17:51:11.3727087Z       },
build	Verify exact curated publication bytes	2026-10-04T17:51:11.3727481Z       "html_sha256": "4bf15ddfdc258d409f745bf275e4e6139ef575384ceee53deaa15e95ee40c290",
build	Verify exact curated publication bytes	2026-10-04T17:51:11.3728129Z       "projection_sha256": "b8c5c211f3f6769d307f7817afe6d5af9cb71035e8588ddafca72a9271ddad50",
build	Verify exact curated publication bytes	2026-10-04T17:51:11.3728579Z       "native_body": {
build	Verify exact curated publication bytes	2026-10-04T17:51:11.3728983Z         "sha256": "419bd1d8d89312b78d31f02b86f7dd60849f4ec7fd91d8bad911de857054dfdd",
build	Verify exact curated publication bytes	2026-10-04T17:51:11.3729402Z         "scenes": 2,
build	Verify exact curated publication bytes	2026-10-04T17:51:11.3729640Z         "entities": 12,
build	Verify exact curated publication bytes	2026-10-04T17:51:11.3729981Z         "source_revision": "e875344c04c14228840665a91823edc42b078fb2"
build	Verify exact curated publication bytes	2026-10-04T17:51:11.3730322Z       }
build	Verify exact curated publication bytes	2026-10-04T17:51:11.3730516Z     },
build	Verify exact curated publication bytes	2026-10-04T17:51:11.3730713Z     {
build	Verify exact curated publication bytes	2026-10-04T17:51:11.3731147Z       "projection_ref": "projection:return-of-zero:sp-actuation-rust-refoundation-1:expression",
build	Verify exact curated publication bytes	2026-10-04T17:51:11.3731645Z       "projection_revision": 1,
build	Verify exact curated publication bytes	2026-10-04T17:51:11.3731901Z       "source": {
build	Verify exact curated publication bytes	2026-10-04T17:51:11.3732125Z         "system": "o-i",
build	Verify exact curated publication bytes	2026-10-04T17:51:11.3732411Z         "world_ref": "world:return-of-zero",
build	Verify exact curated publication bytes	2026-10-04T17:51:11.3732853Z         "ref": "expression:return-of-zero:sp-actuation-rust-refoundation-1",
build	Verify exact curated publication bytes	2026-10-04T17:51:11.3733248Z         "revision": "1"
build	Verify exact curated publication bytes	2026-10-04T17:51:11.3733470Z       },
build	Verify exact curated publication bytes	2026-10-04T17:51:11.3733879Z       "html_sha256": "ec3eb73a633ef73adf6b6b9f9fee2e4efbf683e144c6b59cc7c82cac49bb8591",
build	Verify exact curated publication bytes	2026-10-04T17:51:11.3734561Z       "projection_sha256": "c20be01d919f5e70f1d8980cf2fcd22fa800fbe8d63a31557d4e06285fe885bc",
build	Verify exact curated publication bytes	2026-10-04T17:51:11.3735430Z       "native_body": {
build	Verify exact curated publication bytes	2026-10-04T17:51:11.3735861Z         "sha256": "2018a20dcefa3b6e5718bcec69aa4572aea1cc77225f483c50ee9e9912f4c582",
build	Verify exact curated publication bytes	2026-10-04T17:51:11.3736288Z         "scenes": 12,
build	Verify exact curated publication bytes	2026-10-04T17:51:11.3736520Z         "entities": 68,
build	Verify exact curated publication bytes	2026-10-04T17:51:11.3736864Z         "source_revision": "e875344c04c14228840665a91823edc42b078fb2"
build	Verify exact curated publication bytes	2026-10-04T17:51:11.3737222Z       }
build	Verify exact curated publication bytes	2026-10-04T17:51:11.3737417Z     },
build	Verify exact curated publication bytes	2026-10-04T17:51:11.3737608Z     {
build	Verify exact curated publication bytes	2026-10-04T17:51:11.3738050Z       "projection_ref": "projection:return-of-zero:sp-actuation-rust-refoundation-2:expression",
build	Verify exact curated publication bytes	2026-10-04T17:51:11.3738553Z       "projection_revision": 1,
build	Verify exact curated publication bytes	2026-10-04T17:51:11.3738812Z       "source": {
build	Verify exact curated publication bytes	2026-10-04T17:51:11.3739042Z         "system": "o-i",
build	Verify exact curated publication bytes	2026-10-04T17:51:11.3739329Z         "world_ref": "world:return-of-zero",
build	Verify exact curated publication bytes	2026-10-04T17:51:11.3739765Z         "ref": "expression:return-of-zero:sp-actuation-rust-refoundation-2",
build	Verify exact curated publication bytes	2026-10-04T17:51:11.3740310Z         "revision": "1"
build	Verify exact curated publication bytes	2026-10-04T17:51:11.3740535Z       },
build	Verify exact curated publication bytes	2026-10-04T17:51:11.3740935Z       "html_sha256": "0cadfa8acc3730336f31ae1cd45de949d432a6a4613a6d6b27a9598740abc4bf",
build	Verify exact curated publication bytes	2026-10-04T17:51:11.3741598Z       "projection_sha256": "d7c4ef51a5f1bcbec380fcd09773eb006ed034dd4951d27a377c017b6fc39555",
build	Verify exact curated publication bytes	2026-10-04T17:51:11.3742052Z       "native_body": {
build	Verify exact curated publication bytes	2026-10-04T17:51:11.3742449Z         "sha256": "45393a284383c0ccc250742423bbb3017a8c3f52e369a3215b0a75fe1aa40911",
build	Verify exact curated publication bytes	2026-10-04T17:51:11.3742851Z         "scenes": 3,
build	Verify exact curated publication bytes	2026-10-04T17:51:11.3743073Z         "entities": 17,
build	Verify exact curated publication bytes	2026-10-04T17:51:11.3743412Z         "source_revision": "e875344c04c14228840665a91823edc42b078fb2"
build	Verify exact curated publication bytes	2026-10-04T17:51:11.3743744Z       }
build	Verify exact curated publication bytes	2026-10-04T17:51:11.3743935Z     },
build	Verify exact curated publication bytes	2026-10-04T17:51:11.3744121Z     {
build	Verify exact curated publication bytes	2026-10-04T17:51:11.3744502Z       "projection_ref": "projection:return-of-zero:sp-actuation-skills:expression",
build	Verify exact curated publication bytes	2026-10-04T17:51:11.3745194Z       "projection_revision": 1,
build	Verify exact curated publication bytes	2026-10-04T17:51:11.3745473Z       "source": {
build	Verify exact curated publication bytes	2026-10-04T17:51:11.3745699Z         "system": "o-i",
build	Verify exact curated publication bytes	2026-10-04T17:51:11.3745984Z         "world_ref": "world:return-of-zero",
build	Verify exact curated publication bytes	2026-10-04T17:51:11.3746370Z         "ref": "expression:return-of-zero:sp-actuation-skills",
build	Verify exact curated publication bytes	2026-10-04T17:51:11.3746714Z         "revision": "1"
build	Verify exact curated publication bytes	2026-10-04T17:51:11.3746935Z       },
build	Verify exact curated publication bytes	2026-10-04T17:51:11.3747338Z       "html_sha256": "6d8414e299863f39a20febb26d8649f95a9df260b7c2416ac9ba268272179e90",
build	Verify exact curated publication bytes	2026-10-04T17:51:11.3747984Z       "projection_sha256": "565b528428ef3dd6cb964fce5cc1bdc0d44194fd0b368de22dd182715d2b3354",
build	Verify exact curated publication bytes	2026-10-04T17:51:11.3748447Z       "native_body": {
build	Verify exact curated publication bytes	2026-10-04T17:51:11.3748861Z         "sha256": "2f70ac6d58dcf81a5c5dc37488ca0fde1ead969e24cbb6f3a918037505292f58",
build	Verify exact curated publication bytes	2026-10-04T17:51:11.3749278Z         "scenes": 2,
build	Verify exact curated publication bytes	2026-10-04T17:51:11.3749510Z         "entities": 8,
build	Verify exact curated publication bytes	2026-10-04T17:51:11.3749850Z         "source_revision": "e875344c04c14228840665a91823edc42b078fb2"
build	Verify exact curated publication bytes	2026-10-04T17:51:11.3750187Z       }
build	Verify exact curated publication bytes	2026-10-04T17:51:11.3750378Z     },
build	Verify exact curated publication bytes	2026-10-04T17:51:11.3750574Z     {
build	Verify exact curated publication bytes	2026-10-04T17:51:11.3750936Z       "projection_ref": "projection:return-of-zero:sp-actuation:expression",
build	Verify exact curated publication bytes	2026-10-04T17:51:11.3751370Z       "projection_revision": 1,
build	Verify exact curated publication bytes	2026-10-04T17:51:11.3751630Z       "source": {
build	Verify exact curated publication bytes	2026-10-04T17:51:11.3751852Z         "system": "o-i",
build	Verify exact curated publication bytes	2026-10-04T17:51:11.3752143Z         "world_ref": "world:return-of-zero",
build	Verify exact curated publication bytes	2026-10-04T17:51:11.3752509Z         "ref": "expression:return-of-zero:sp-actuation",
build	Verify exact curated publication bytes	2026-10-04T17:51:11.3752832Z         "revision": "1"
build	Verify exact curated publication bytes	2026-10-04T17:51:11.3753066Z       },
build	Verify exact curated publication bytes	2026-10-04T17:51:11.3753446Z       "html_sha256": "e05a5be24b94d80126a12d7b42f743821753868223421ad39e9188e75158bce5",
build	Verify exact curated publication bytes	2026-10-04T17:51:11.3754092Z       "projection_sha256": "67ab8a7a8f5ad2925f9acb66eb3766d2c4777ef8d9ff452b29ae7dac99fa2ad3",
build	Verify exact curated publication bytes	2026-10-04T17:51:11.3754549Z       "native_body": {
build	Verify exact curated publication bytes	2026-10-04T17:51:11.3755148Z         "sha256": "0404f4a59491614099d295e21ba00e53bdddd4568028f3c647b33ea650eac174",
build	Verify exact curated publication bytes	2026-10-04T17:51:11.3755566Z         "scenes": 6,
build	Verify exact curated publication bytes	2026-10-04T17:51:11.3755801Z         "entities": 44,
build	Verify exact curated publication bytes	2026-10-04T17:51:11.3756321Z         "source_revision": "e875344c04c14228840665a91823edc42b078fb2"
build	Verify exact curated publication bytes	2026-10-04T17:51:11.3756663Z       }
build	Verify exact curated publication bytes	2026-10-04T17:51:11.3756856Z     },
build	Verify exact curated publication bytes	2026-10-04T17:51:11.3757046Z     {
build	Verify exact curated publication bytes	2026-10-04T17:51:11.3757491Z       "projection_ref": "projection:return-of-zero:sp-aikit-fd-adr-implementation:expression",
build	Verify exact curated publication bytes	2026-10-04T17:51:11.3757982Z       "projection_revision": 1,
build	Verify exact curated publication bytes	2026-10-04T17:51:11.3758234Z       "source": {
build	Verify exact curated publication bytes	2026-10-04T17:51:11.3758457Z         "system": "o-i",
build	Verify exact curated publication bytes	2026-10-04T17:51:11.3758742Z         "world_ref": "world:return-of-zero",
build	Verify exact curated publication bytes	2026-10-04T17:51:11.3759175Z         "ref": "expression:return-of-zero:sp-aikit-fd-adr-implementation",
build	Verify exact curated publication bytes	2026-10-04T17:51:11.3759566Z         "revision": "1"
build	Verify exact curated publication bytes	2026-10-04T17:51:11.3759787Z       },
build	Verify exact curated publication bytes	2026-10-04T17:51:11.3760183Z       "html_sha256": "47bdbc0a910a4a0e7b5553f030ba0282dee9d5fe2097c0ac4a0c842a01125b1a",
build	Verify exact curated publication bytes	2026-10-04T17:51:11.3760831Z       "projection_sha256": "1d022ca2c3def689c6e61faaf4007429b02d19d647056f5d45ddbdd949064c76",
build	Verify exact curated publication bytes	2026-10-04T17:51:11.3761405Z       "native_body": {
build	Verify exact curated publication bytes	2026-10-04T17:51:11.3761823Z         "sha256": "e22ac7dbdfb65a9e34c7cefd67788ea9b9e5244a7bf2a787e1d65c83af6b848b",
build	Verify exact curated publication bytes	2026-10-04T17:51:11.3762240Z         "scenes": 9,
build	Verify exact curated publication bytes	2026-10-04T17:51:11.3762469Z         "entities": 32,
build	Verify exact curated publication bytes	2026-10-04T17:51:11.3762808Z         "source_revision": "e875344c04c14228840665a91823edc42b078fb2"
build	Verify exact curated publication bytes	2026-10-04T17:51:11.3763145Z       }
build	Verify exact curated publication bytes	2026-10-04T17:51:11.3763332Z     },
build	Verify exact curated publication bytes	2026-10-04T17:51:11.3763531Z     {
build	Verify exact curated publication bytes	2026-10-04T17:51:11.3763913Z       "projection_ref": "projection:return-of-zero:sp-aikit-fd-docs-p1:expression",
build	Verify exact curated publication bytes	2026-10-04T17:51:11.3764361Z       "projection_revision": 2,
build	Verify exact curated publication bytes	2026-10-04T17:51:11.3764616Z       "source": {
build	Verify exact curated publication bytes	2026-10-04T17:51:11.3764835Z         "system": "o-i",
build	Verify exact curated publication bytes	2026-10-04T17:51:11.3765364Z         "world_ref": "world:return-of-zero",
build	Verify exact curated publication bytes	2026-10-04T17:51:11.3765769Z         "ref": "expression:return-of-zero:sp-aikit-fd-docs-p1",
build	Verify exact curated publication bytes	2026-10-04T17:51:11.3766120Z         "revision": "2"
build	Verify exact curated publication bytes	2026-10-04T17:51:11.3766345Z       },
build	Verify exact curated publication bytes	2026-10-04T17:51:11.3766752Z       "html_sha256": "c96fc577154bf86ff43fc702b3787564983be91f4c2de64ed36e6d2ca884577c",
build	Verify exact curated publication bytes	2026-10-04T17:51:11.3767408Z       "projection_sha256": "2b8fc397485146fe5d443b6a62cdc7e992db8b6f00b95f13e81c4e15f73a4906",
build	Verify exact curated publication bytes	2026-10-04T17:51:11.3767870Z       "native_body": {
build	Verify exact curated publication bytes	2026-10-04T17:51:11.3768278Z         "sha256": "557bbb6c4ecc095c771ac132e6c7675e529759ea62a73a137a5d3457e9d9d661",
build	Verify exact curated publication bytes	2026-10-04T17:51:11.3768692Z         "scenes": 9,
build	Verify exact curated publication bytes	2026-10-04T17:51:11.3768919Z         "entities": 29,
build	Verify exact curated publication bytes	2026-10-04T17:51:11.3769385Z         "source_revision": "sha256:557bbb6c4ecc095c771ac132e6c7675e529759ea62a73a137a5d3457e9d9d661"
build	Verify exact curated publication bytes	2026-10-04T17:51:11.3769839Z       }
build	Verify exact curated publication bytes	2026-10-04T17:51:11.3770035Z     },
build	Verify exact curated publication bytes	2026-10-04T17:51:11.3770223Z     {
build	Verify exact curated publication bytes	2026-10-04T17:51:11.3770603Z       "projection_ref": "projection:return-of-zero:sp-aikit-fd-docs-p2:expression",
build	Verify exact curated publication bytes	2026-10-04T17:51:11.3771056Z       "projection_revision": 1,
build	Verify exact curated publication bytes	2026-10-04T17:51:11.3771310Z       "source": {
build	Verify exact curated publication bytes	2026-10-04T17:51:11.3771531Z         "system": "o-i",
build	Verify exact curated publication bytes	2026-10-04T17:51:11.3771824Z         "world_ref": "world:return-of-zero",
build	Verify exact curated publication bytes	2026-10-04T17:51:11.3772212Z         "ref": "expression:return-of-zero:sp-aikit-fd-docs-p2",
build	Verify exact curated publication bytes	2026-10-04T17:51:11.3772553Z         "revision": "1"
build	Verify exact curated publication bytes	2026-10-04T17:51:11.3772772Z       },
build	Verify exact curated publication bytes	2026-10-04T17:51:11.3773158Z       "html_sha256": "f63932d4f09513813772a0931548c18ae7c1c09f6d59f79f959b8eecb3f905ef",
build	Verify exact curated publication bytes	2026-10-04T17:51:11.3773805Z       "projection_sha256": "68a183c931af8e9f60428aeebaacde071750411e180bf11e07f15478ebdcced9",
build	Verify exact curated publication bytes	2026-10-04T17:51:11.3774259Z       "native_body": {
build	Verify exact curated publication bytes	2026-10-04T17:51:11.3774656Z         "sha256": "e749bd9a43cc70740128503596c66db0068490f4c81b3da85c6ccb07d17a90bb",
build	Verify exact curated publication bytes	2026-10-04T17:51:11.3775334Z         "scenes": 8,
build	Verify exact curated publication bytes	2026-10-04T17:51:11.3775565Z         "entities": 24,
build	Verify exact curated publication bytes	2026-10-04T17:51:11.3775902Z         "source_revision": "e875344c04c14228840665a91823edc42b078fb2"
build	Verify exact curated publication bytes	2026-10-04T17:51:11.3776243Z       }
build	Verify exact curated publication bytes	2026-10-04T17:51:11.3776434Z     },
build	Verify exact curated publication bytes	2026-10-04T17:51:11.3776625Z     {
build	Verify exact curated publication bytes	2026-10-04T17:51:11.3777003Z       "projection_ref": "projection:return-of-zero:sp-aikit-fd-ground:expression",
build	Verify exact curated publication bytes	2026-10-04T17:51:11.3777613Z       "projection_revision": 1,
build	Verify exact curated publication bytes	2026-10-04T17:51:11.3777871Z       "source": {
build	Verify exact curated publication bytes	2026-10-04T17:51:11.3778099Z         "system": "o-i",
build	Verify exact curated publication bytes	2026-10-04T17:51:11.3778385Z         "world_ref": "world:return-of-zero",
build	Verify exact curated publication bytes	2026-10-04T17:51:11.3778773Z         "ref": "expression:return-of-zero:sp-aikit-fd-ground",
build	Verify exact curated publication bytes	2026-10-04T17:51:11.3779112Z         "revision": "1"
build	Verify exact curated publication bytes	2026-10-04T17:51:11.3779341Z       },
build	Verify exact curated publication bytes	2026-10-04T17:51:11.3779745Z       "html_sha256": "43c0c00e8e5b36f3f92b21135d67bb48c7ebbe53b67189e44fff6db681908448",
build	Verify exact curated publication bytes	2026-10-04T17:51:11.3780406Z       "projection_sha256": "7882f2b1904d076eaff517e5d508ef38e3c7ddf878fad9cd446b43d0173d14fb",
build	Verify exact curated publication bytes	2026-10-04T17:51:11.3780870Z       "native_body": {
build	Verify exact curated publication bytes	2026-10-04T17:51:11.3781286Z         "sha256": "9f66a70288e2499f5b1aa1ac80e2d8947da152b33c00f9ef86feba45effaa1cd",
build	Verify exact curated publication bytes	2026-10-04T17:51:11.3781707Z         "scenes": 7,
build	Verify exact curated publication bytes	2026-10-04T17:51:11.3781944Z         "entities": 27,
build	Verify exact curated publication bytes	2026-10-04T17:51:11.3782416Z         "source_revision": "e875344c04c14228840665a91823edc42b078fb2"
build	Verify exact curated publication bytes	2026-10-04T17:51:11.3782766Z       }
build	Verify exact curated publication bytes	2026-10-04T17:51:11.3783001Z     },
build	Verify exact curated publication bytes	2026-10-04T17:51:11.3783195Z     {
build	Verify exact curated publication bytes	2026-10-04T17:51:11.3783587Z       "projection_ref": "projection:return-of-zero:sp-aikit-fd-periphery:expression",
build	Verify exact curated publication bytes	2026-10-04T17:51:11.3784043Z       "projection_revision": 2,
build	Verify exact curated publication bytes	2026-10-04T17:51:11.3784305Z       "source": {
build	Verify exact curated publication bytes	2026-10-04T17:51:11.3784527Z         "system": "o-i",
build	Verify exact curated publication bytes	2026-10-04T17:51:11.3784820Z         "world_ref": "world:return-of-zero",
build	Verify exact curated publication bytes	2026-10-04T17:51:11.3785517Z         "ref": "expression:return-of-zero:sp-aikit-fd-periphery",
build	Verify exact curated publication bytes	2026-10-04T17:51:11.3785884Z         "revision": "2"
build	Verify exact curated publication bytes	2026-10-04T17:51:11.3786116Z       },
build	Verify exact curated publication bytes	2026-10-04T17:51:11.3786520Z       "html_sha256": "da408b20203bc19a60ef5071edd690e6673a1cea591760dee666ffd1ec6d4967",
build	Verify exact curated publication bytes	2026-10-04T17:51:11.3787176Z       "projection_sha256": "c087e62fd90a77c221e58b836f2586433a0cbc118a998e0af33d73e93b3d618e",
build	Verify exact curated publication bytes	2026-10-04T17:51:11.3787635Z       "native_body": {
build	Verify exact curated publication bytes	2026-10-04T17:51:11.3788054Z         "sha256": "b6126314299dd6e5bb157e76648fb9be7804aadae2d7e677cd6f44a61ba9443a",
build	Verify exact curated publication bytes	2026-10-04T17:51:11.3788471Z         "scenes": 11,
build	Verify exact curated publication bytes	2026-10-04T17:51:11.3788704Z         "entities": 59,
build	Verify exact curated publication bytes	2026-10-04T17:51:11.3789175Z         "source_revision": "sha256:b6126314299dd6e5bb157e76648fb9be7804aadae2d7e677cd6f44a61ba9443a"
build	Verify exact curated publication bytes	2026-10-04T17:51:11.3789630Z       }
build	Verify exact curated publication bytes	2026-10-04T17:51:11.3789825Z     },
build	Verify exact curated publication bytes	2026-10-04T17:51:11.3790014Z     {
build	Verify exact curated publication bytes	2026-10-04T17:51:11.3790390Z       "projection_ref": "projection:return-of-zero:sp-aikit-fd-plans:expression",
build	Verify exact curated publication bytes	2026-10-04T17:51:11.3790837Z       "projection_revision": 1,
build	Verify exact curated publication bytes	2026-10-04T17:51:11.3791093Z       "source": {
build	Verify exact curated publication bytes	2026-10-04T17:51:11.3791320Z         "system": "o-i",
build	Verify exact curated publication bytes	2026-10-04T17:51:11.3791606Z         "world_ref": "world:return-of-zero",
build	Verify exact curated publication bytes	2026-10-04T17:51:11.3791997Z         "ref": "expression:return-of-zero:sp-aikit-fd-plans",
build	Verify exact curated publication bytes	2026-10-04T17:51:11.3792340Z         "revision": "1"
build	Verify exact curated publication bytes	2026-10-04T17:51:11.3792563Z       },
build	Verify exact curated publication bytes	2026-10-04T17:51:11.3792958Z       "html_sha256": "39409c01af75ac062ee8d97dc72cb739f09567c67260c69f8bb8c5af4f3a62f8",
build	Verify exact curated publication bytes	2026-10-04T17:51:11.3793618Z       "projection_sha256": "2155cd7eb899cf68128d86a23a3f6b7df8fcd86dfcd9120864bbb309786d43f7",
build	Verify exact curated publication bytes	2026-10-04T17:51:11.3794076Z       "native_body": {
build	Verify exact curated publication bytes	2026-10-04T17:51:11.3794482Z         "sha256": "8ba9a8e1eff56a657428c8da4b01277d27d6fa17a673d22768d17186f4e5ac8b",
build	Verify exact curated publication bytes	2026-10-04T17:51:11.3795114Z         "scenes": 10,
build	Verify exact curated publication bytes	2026-10-04T17:51:11.3795367Z         "entities": 37,
build	Verify exact curated publication bytes	2026-10-04T17:51:11.3795715Z         "source_revision": "e875344c04c14228840665a91823edc42b078fb2"
build	Verify exact curated publication bytes	2026-10-04T17:51:11.3796057Z       }
build	Verify exact curated publication bytes	2026-10-04T17:51:11.3796247Z     },
build	Verify exact curated publication bytes	2026-10-04T17:51:11.3796434Z     {
build	Verify exact curated publication bytes	2026-10-04T17:51:11.3796828Z       "projection_ref": "projection:return-of-zero:sp-aikit-fd-skills-p1:expression",
build	Verify exact curated publication bytes	2026-10-04T17:51:11.3797290Z       "projection_revision": 1,
build	Verify exact curated publication bytes	2026-10-04T17:51:11.3797541Z       "source": {
build	Verify exact curated publication bytes	2026-10-04T17:51:11.3797761Z         "system": "o-i",
build	Verify exact curated publication bytes	2026-10-04T17:51:11.3798042Z         "world_ref": "world:return-of-zero",
build	Verify exact curated publication bytes	2026-10-04T17:51:11.3798449Z         "ref": "expression:return-of-zero:sp-aikit-fd-skills-p1",
build	Verify exact curated publication bytes	2026-10-04T17:51:11.3798935Z         "revision": "1"
build	Verify exact curated publication bytes	2026-10-04T17:51:11.3799149Z       },
build	Verify exact curated publication bytes	2026-10-04T17:51:11.3799539Z       "html_sha256": "90ea62240d851c82c3790abcb6c8437afc0ab8bfe34860448ce971bdc603ced6",
build	Verify exact curated publication bytes	2026-10-04T17:51:11.3800174Z       "projection_sha256": "8201827ff57267927c617294650868cd33a046e382db27db7d574da602ca5a0e",
build	Verify exact curated publication bytes	2026-10-04T17:51:11.3800614Z       "native_body": {
build	Verify exact curated publication bytes	2026-10-04T17:51:11.3801009Z         "sha256": "45097432b8853bb926522d58f13adb464eefa510229f0d9c72218e588e8180bf",
build	Verify exact curated publication bytes	2026-10-04T17:51:11.3801409Z         "scenes": 10,
build	Verify exact curated publication bytes	2026-10-04T17:51:11.3801637Z         "entities": 53,
build	Verify exact curated publication bytes	2026-10-04T17:51:11.3801976Z         "source_revision": "e875344c04c14228840665a91823edc42b078fb2"
build	Verify exact curated publication bytes	2026-10-04T17:51:11.3802318Z       }
build	Verify exact curated publication bytes	2026-10-04T17:51:11.3802516Z     },
build	Verify exact curated publication bytes	2026-10-04T17:51:11.3802707Z     {
build	Verify exact curated publication bytes	2026-10-04T17:51:11.3803090Z       "projection_ref": "projection:return-of-zero:sp-aikit-fd-skills-p2:expression",
build	Verify exact curated publication bytes	2026-10-04T17:51:11.3803661Z       "projection_revision": 1,
build	Verify exact curated publication bytes	2026-10-04T17:51:11.3803922Z       "source": {
build	Verify exact curated publication bytes	2026-10-04T17:51:11.3804142Z         "system": "o-i",
build	Verify exact curated publication bytes	2026-10-04T17:51:11.3804427Z         "world_ref": "world:return-of-zero",
build	Verify exact curated publication bytes	2026-10-04T17:51:11.3804819Z         "ref": "expression:return-of-zero:sp-aikit-fd-skills-p2",
build	Verify exact curated publication bytes	2026-10-04T17:51:11.3805375Z         "revision": "1"
build	Verify exact curated publication bytes	2026-10-04T17:51:11.3805604Z       },
build	Verify exact curated publication bytes	2026-10-04T17:51:11.3805990Z       "html_sha256": "06a11df3a9a4959b7f579b7a5523960189e55670df01790b19e6a290c3cde308",
build	Verify exact curated publication bytes	2026-10-04T17:51:11.3806632Z       "projection_sha256": "522e7b6b4bd2d25d612e03e34b4d14ff8566501ce7eccdff64453bcbc94fedd9",
build	Verify exact curated publication bytes	2026-10-04T17:51:11.3807103Z       "native_body": {
build	Verify exact curated publication bytes	2026-10-04T17:51:11.3807510Z         "sha256": "00a0eb99decab75d50c5ad1b26de0e77dc1820fbe756f4294d3f6a3b264abe6c",
build	Verify exact curated publication bytes	2026-10-04T17:51:11.3807928Z         "scenes": 10,
build	Verify exact curated publication bytes	2026-10-04T17:51:11.3808153Z         "entities": 48,
build	Verify exact curated publication bytes	2026-10-04T17:51:11.3808486Z         "source_revision": "e875344c04c14228840665a91823edc42b078fb2"
build	Verify exact curated publication bytes	2026-10-04T17:51:11.3808835Z       }
build	Verify exact curated publication bytes	2026-10-04T17:51:11.3809037Z     },
build	Verify exact curated publication bytes	2026-10-04T17:51:11.3809229Z     {
build	Verify exact curated publication bytes	2026-10-04T17:51:11.3809604Z       "projection_ref": "projection:return-of-zero:sp-aikit-fd-v2-p1:expression",
build	Verify exact curated publication bytes	2026-10-04T17:51:11.3810046Z       "projection_revision": 1,
build	Verify exact curated publication bytes	2026-10-04T17:51:11.3810302Z       "source": {
build	Verify exact curated publication bytes	2026-10-04T17:51:11.3810531Z         "system": "o-i",
build	Verify exact curated publication bytes	2026-10-04T17:51:11.3810814Z         "world_ref": "world:return-of-zero",
build	Verify exact curated publication bytes	2026-10-04T17:51:11.3811202Z         "ref": "expression:return-of-zero:sp-aikit-fd-v2-p1",
build	Verify exact curated publication bytes	2026-10-04T17:51:11.3811537Z         "revision": "1"
build	Verify exact curated publication bytes	2026-10-04T17:51:11.3811761Z       },
build	Verify exact curated publication bytes	2026-10-04T17:51:11.3812151Z       "html_sha256": "c644b5035235e93cb0176be9651de0cae15b4780cbb781f58ccb393dd7800c30",
build	Verify exact curated publication bytes	2026-10-04T17:51:11.3812801Z       "projection_sha256": "9b051ee5acc5b8c31667604b55dabc47692bbac10cb709d7904f89b0a8964b93",
build	Verify exact curated publication bytes	2026-10-04T17:51:11.3813252Z       "native_body": {
build	Verify exact curated publication bytes	2026-10-04T17:51:11.3813647Z         "sha256": "3c9360b636bd889017497d891b0ce5920e3d4a7b0aaf2ede1922f383c7d68f59",
build	Verify exact curated publication bytes	2026-10-04T17:51:11.3814063Z         "scenes": 12,
build	Verify exact curated publication bytes	2026-10-04T17:51:11.3814288Z         "entities": 55,
build	Verify exact curated publication bytes	2026-10-04T17:51:11.3814628Z         "source_revision": "e875344c04c14228840665a91823edc42b078fb2"
build	Verify exact curated publication bytes	2026-10-04T17:51:11.3815168Z       }
build	Verify exact curated publication bytes	2026-10-04T17:51:11.3815366Z     },
build	Verify exact curated publication bytes	2026-10-04T17:51:11.3815558Z     {
build	Verify exact curated publication bytes	2026-10-04T17:51:11.3815938Z       "projection_ref": "projection:return-of-zero:sp-aikit-fd-v2-p2:expression",
build	Verify exact curated publication bytes	2026-10-04T17:51:11.3816375Z       "projection_revision": 1,
build	Verify exact curated publication bytes	2026-10-04T17:51:11.3816635Z       "source": {
build	Verify exact curated publication bytes	2026-10-04T17:51:11.3816868Z         "system": "o-i",
build	Verify exact curated publication bytes	2026-10-04T17:51:11.3817156Z         "world_ref": "world:return-of-zero",
build	Verify exact curated publication bytes	2026-10-04T17:51:11.3817549Z         "ref": "expression:return-of-zero:sp-aikit-fd-v2-p2",
build	Verify exact curated publication bytes	2026-10-04T17:51:11.3817893Z         "revision": "1"
build	Verify exact curated publication bytes	2026-10-04T17:51:11.3818122Z       },
build	Verify exact curated publication bytes	2026-10-04T17:51:11.3818523Z       "html_sha256": "c63cc6bbfcf5504ee08ea268cb871873658a77890fd6826952dfc0823202a658",
build	Verify exact curated publication bytes	2026-10-04T17:51:11.3819174Z       "projection_sha256": "e67a66a485b41f8f7a7b55fe1b6a3b4149c17ad9659ecfee8df12eb3f49d3e81",
build	Verify exact curated publication bytes	2026-10-04T17:51:11.3819778Z       "native_body": {
build	Verify exact curated publication bytes	2026-10-04T17:51:11.3820193Z         "sha256": "da8eecdb16962e774dd26d1b9ce6a70c923091e79eacf730669b833df2ae75a1",
build	Verify exact curated publication bytes	2026-10-04T17:51:11.3820611Z         "scenes": 11,
build	Verify exact curated publication bytes	2026-10-04T17:51:11.3820846Z         "entities": 36,
build	Verify exact curated publication bytes	2026-10-04T17:51:11.3821187Z         "source_revision": "e875344c04c14228840665a91823edc42b078fb2"
build	Verify exact curated publication bytes	2026-10-04T17:51:11.3821522Z       }
build	Verify exact curated publication bytes	2026-10-04T17:51:11.3821714Z     },
build	Verify exact curated publication bytes	2026-10-04T17:51:11.3821904Z     {
build	Verify exact curated publication bytes	2026-10-04T17:51:11.3822240Z       "projection_ref": "projection:return-of-zero:sp-aikit:expression",
build	Verify exact curated publication bytes	2026-10-04T17:51:11.3822371Z       "projection_revision": 1,
build	Verify exact curated publication bytes	2026-10-04T17:51:11.3822467Z       "source": {
build	Verify exact curated publication bytes	2026-10-04T17:51:11.3822567Z         "system": "o-i",
build	Verify exact curated publication bytes	2026-10-04T17:51:11.3822718Z         "world_ref": "world:return-of-zero",
build	Verify exact curated publication bytes	2026-10-04T17:51:11.3822890Z         "ref": "expression:return-of-zero:sp-aikit",
build	Verify exact curated publication bytes	2026-10-04T17:51:11.3822991Z         "revision": "1"
build	Verify exact curated publication bytes	2026-10-04T17:51:11.3823198Z       },
build	Verify exact curated publication bytes	2026-10-04T17:51:11.3823503Z       "html_sha256": "d93885f36eed46cc74ff10d04110af8addb2bdd8bb41d5dda90b715844d4be76",
build	Verify exact curated publication bytes	2026-10-04T17:51:11.3823825Z       "projection_sha256": "44ab8a9476267359acc7357f831a7e6a28e44ad93c6a1ee9ed9ad4eae6a5db1d",
build	Verify exact curated publication bytes	2026-10-04T17:51:11.3823928Z       "native_body": {
build	Verify exact curated publication bytes	2026-10-04T17:51:11.3824191Z         "sha256": "e91d0086839620b6b7c38474c1c867241a42781ad8e12d4d98e3f67e72109d34",
build	Verify exact curated publication bytes	2026-10-04T17:51:11.3824290Z         "scenes": 6,
build	Verify exact curated publication bytes	2026-10-04T17:51:11.3824392Z         "entities": 41,
build	Verify exact curated publication bytes	2026-10-04T17:51:11.3824596Z         "source_revision": "e875344c04c14228840665a91823edc42b078fb2"
build	Verify exact curated publication bytes	2026-10-04T17:51:11.3824690Z       }
build	Verify exact curated publication bytes	2026-10-04T17:51:11.3824782Z     },
build	Verify exact curated publication bytes	2026-10-04T17:51:11.3825091Z     {
build	Verify exact curated publication bytes	2026-10-04T17:51:11.3825426Z       "projection_ref": "projection:return-of-zero:sp-central-ctrl-defaults:expression",
build	Verify exact curated publication bytes	2026-10-04T17:51:11.3825566Z       "projection_revision": 1,
build	Verify exact curated publication bytes	2026-10-04T17:51:11.3825659Z       "source": {
build	Verify exact curated publication bytes	2026-10-04T17:51:11.3825772Z         "system": "o-i",
build	Verify exact curated publication bytes	2026-10-04T17:51:11.3825925Z         "world_ref": "world:return-of-zero",
build	Verify exact curated publication bytes	2026-10-04T17:51:11.3826149Z         "ref": "expression:return-of-zero:sp-central-ctrl-defaults",
build	Verify exact curated publication bytes	2026-10-04T17:51:11.3826248Z         "revision": "1"
build	Verify exact curated publication bytes	2026-10-04T17:51:11.3826332Z       },
build	Verify exact curated publication bytes	2026-10-04T17:51:11.3826627Z       "html_sha256": "5de811eb9d7c7a4bccb64081f2ed1c800ec801ffb9c511003b9d250ac1c18470",
build	Verify exact curated publication bytes	2026-10-04T17:51:11.3826941Z       "projection_sha256": "c4a0a1d87958b9ed928476c96d7509ae155ae14444ae5b9cbe56384be88b08ee",
build	Verify exact curated publication bytes	2026-10-04T17:51:11.3827035Z       "native_body": {
build	Verify exact curated publication bytes	2026-10-04T17:51:11.3827301Z         "sha256": "2d001bb0e8d701bd1059af32beb56016b52c00450c8ed2f45642d643443cf550",
build	Verify exact curated publication bytes	2026-10-04T17:51:11.3827398Z         "scenes": 8,
build	Verify exact curated publication bytes	2026-10-04T17:51:11.3827499Z         "entities": 41,
build	Verify exact curated publication bytes	2026-10-04T17:51:11.3827702Z         "source_revision": "e875344c04c14228840665a91823edc42b078fb2"
build	Verify exact curated publication bytes	2026-10-04T17:51:11.3827791Z       }
build	Verify exact curated publication bytes	2026-10-04T17:51:11.3827877Z     },
build	Verify exact curated publication bytes	2026-10-04T17:51:11.3827964Z     {
build	Verify exact curated publication bytes	2026-10-04T17:51:11.3828277Z       "projection_ref": "projection:return-of-zero:sp-central-docs-connectors:expression",
build	Verify exact curated publication bytes	2026-10-04T17:51:11.3828412Z       "projection_revision": 1,
build	Verify exact curated publication bytes	2026-10-04T17:51:11.3828511Z       "source": {
build	Verify exact curated publication bytes	2026-10-04T17:51:11.3828608Z         "system": "o-i",
build	Verify exact curated publication bytes	2026-10-04T17:51:11.3828758Z         "world_ref": "world:return-of-zero",
build	Verify exact curated publication bytes	2026-10-04T17:51:11.3828980Z         "ref": "expression:return-of-zero:sp-central-docs-connectors",
build	Verify exact curated publication bytes	2026-10-04T17:51:11.3829076Z         "revision": "1"
build	Verify exact curated publication bytes	2026-10-04T17:51:11.3829166Z       },
build	Verify exact curated publication bytes	2026-10-04T17:51:11.3829453Z       "html_sha256": "c496aff1b8c258d98e75f852fdcf29e4453cfbe14b89e6d3f6fe78113d6207f3",
build	Verify exact curated publication bytes	2026-10-04T17:51:11.3829763Z       "projection_sha256": "496cbc5728d73b4d26e2ccf8571d6a11843029eeea0bf4aebfb53b86d5854ed2",
build	Verify exact curated publication bytes	2026-10-04T17:51:11.3829862Z       "native_body": {
build	Verify exact curated publication bytes	2026-10-04T17:51:11.3830136Z         "sha256": "3979ecd2eba97645f8df7c03f157dad80aa9525653dc492c9ecba36824c8fa09",
build	Verify exact curated publication bytes	2026-10-04T17:51:11.3830227Z         "scenes": 7,
build	Verify exact curated publication bytes	2026-10-04T17:51:11.3830324Z         "entities": 42,
build	Verify exact curated publication bytes	2026-10-04T17:51:11.3830667Z         "source_revision": "e875344c04c14228840665a91823edc42b078fb2"
build	Verify exact curated publication bytes	2026-10-04T17:51:11.3830753Z       }
build	Verify exact curated publication bytes	2026-10-04T17:51:11.3830846Z     },
build	Verify exact curated publication bytes	2026-10-04T17:51:11.3830930Z     {
build	Verify exact curated publication bytes	2026-10-04T17:51:11.3831232Z       "projection_ref": "projection:return-of-zero:sp-central-docs-governance:expression",
build	Verify exact curated publication bytes	2026-10-04T17:51:11.3831359Z       "projection_revision": 1,
build	Verify exact curated publication bytes	2026-10-04T17:51:11.3831449Z       "source": {
build	Verify exact curated publication bytes	2026-10-04T17:51:11.3831552Z         "system": "o-i",
build	Verify exact curated publication bytes	2026-10-04T17:51:11.3831697Z         "world_ref": "world:return-of-zero",
build	Verify exact curated publication bytes	2026-10-04T17:51:11.3831909Z         "ref": "expression:return-of-zero:sp-central-docs-governance",
build	Verify exact curated publication bytes	2026-10-04T17:51:11.3832011Z         "revision": "1"
build	Verify exact curated publication bytes	2026-10-04T17:51:11.3832100Z       },
build	Verify exact curated publication bytes	2026-10-04T17:51:11.3832377Z       "html_sha256": "95669b76d171442a370cde578e640be531be10ff659ad655a2b12a723cf64ccd",
build	Verify exact curated publication bytes	2026-10-04T17:51:11.3832683Z       "projection_sha256": "52826bf52e499e1109db028dc2329191658c3e5fea0ea3c071d85c2711ed5f01",
build	Verify exact curated publication bytes	2026-10-04T17:51:11.3832898Z       "native_body": {
build	Verify exact curated publication bytes	2026-10-04T17:51:11.3833171Z         "sha256": "2d8d70c2a111fb1ea5c90e90ba8469377b07008ba8891accabc859d949e67797",
build	Verify exact curated publication bytes	2026-10-04T17:51:11.3833269Z         "scenes": 9,
build	Verify exact curated publication bytes	2026-10-04T17:51:11.3833362Z         "entities": 47,
build	Verify exact curated publication bytes	2026-10-04T17:51:11.3833566Z         "source_revision": "e875344c04c14228840665a91823edc42b078fb2"
build	Verify exact curated publication bytes	2026-10-04T17:51:11.3833660Z       }
build	Verify exact curated publication bytes	2026-10-04T17:51:11.3833744Z     },
build	Verify exact curated publication bytes	2026-10-04T17:51:11.3833832Z     {
build	Verify exact curated publication bytes	2026-10-04T17:51:11.3834133Z       "projection_ref": "projection:return-of-zero:sp-central-docs-operations:expression",
build	Verify exact curated publication bytes	2026-10-04T17:51:11.3834253Z       "projection_revision": 1,
build	Verify exact curated publication bytes	2026-10-04T17:51:11.3834349Z       "source": {
build	Verify exact curated publication bytes	2026-10-04T17:51:11.3834450Z         "system": "o-i",
build	Verify exact curated publication bytes	2026-10-04T17:51:11.3834592Z         "world_ref": "world:return-of-zero",
build	Verify exact curated publication bytes	2026-10-04T17:51:11.3834811Z         "ref": "expression:return-of-zero:sp-central-docs-operations",
build	Verify exact curated publication bytes	2026-10-04T17:51:11.3835104Z         "revision": "1"
build	Verify exact curated publication bytes	2026-10-04T17:51:11.3835205Z       },
build	Verify exact curated publication bytes	2026-10-04T17:51:11.3835503Z       "html_sha256": "566f274e64b70720645f418efc5491b52211cce0512eca82e367b0b2ae4a91ff",
build	Verify exact curated publication bytes	2026-10-04T17:51:11.3835807Z       "projection_sha256": "6557904871e4959006cf6939bdd82b7a95a518bb4f7782237a4ae1c85792f9bc",
build	Verify exact curated publication bytes	2026-10-04T17:51:11.3835909Z       "native_body": {
build	Verify exact curated publication bytes	2026-10-04T17:51:11.3836181Z         "sha256": "2935d9afa703cc63149c09ebaa701552fc5af42e5a696a14daf8af1576e58128",
build	Verify exact curated publication bytes	2026-10-04T17:51:11.3836275Z         "scenes": 9,
build	Verify exact curated publication bytes	2026-10-04T17:51:11.3836377Z         "entities": 50,
build	Verify exact curated publication bytes	2026-10-04T17:51:11.3836583Z         "source_revision": "e875344c04c14228840665a91823edc42b078fb2"
build	Verify exact curated publication bytes	2026-10-04T17:51:11.3836671Z       }
build	Verify exact curated publication bytes	2026-10-04T17:51:11.3836764Z     },
build	Verify exact curated publication bytes	2026-10-04T17:51:11.3836854Z     {
build	Verify exact curated publication bytes	2026-10-04T17:51:11.3837149Z       "projection_ref": "projection:return-of-zero:sp-central-docs-vision:expression",
build	Verify exact curated publication bytes	2026-10-04T17:51:11.3837279Z       "projection_revision": 1,
build	Verify exact curated publication bytes	2026-10-04T17:51:11.3837372Z       "source": {
build	Verify exact curated publication bytes	2026-10-04T17:51:11.3837473Z         "system": "o-i",
build	Verify exact curated publication bytes	2026-10-04T17:51:11.3837621Z         "world_ref": "world:return-of-zero",
build	Verify exact curated publication bytes	2026-10-04T17:51:11.3837832Z         "ref": "expression:return-of-zero:sp-central-docs-vision",
build	Verify exact curated publication bytes	2026-10-04T17:51:11.3837937Z         "revision": "1"
build	Verify exact curated publication bytes	2026-10-04T17:51:11.3838030Z       },
build	Verify exact curated publication bytes	2026-10-04T17:51:11.3838313Z       "html_sha256": "cc711ba5c947edff24f415706b82bd1cb2a80970ceead23596c29e55b882b1e1",
build	Verify exact curated publication bytes	2026-10-04T17:51:11.3838632Z       "projection_sha256": "ed036aac56dba595f92876980c9fcdfc860bd795f619a0139a99dc02fbe7d729",
build	Verify exact curated publication bytes	2026-10-04T17:51:11.3838730Z       "native_body": {
build	Verify exact curated publication bytes	2026-10-04T17:51:11.3839000Z         "sha256": "5e879c63f235c455eaf8fd604a8fffe869e0b71076cbba8d91b4c3c83a6e80d0",
build	Verify exact curated publication bytes	2026-10-04T17:51:11.3839099Z         "scenes": 6,
build	Verify exact curated publication bytes	2026-10-04T17:51:11.3839198Z         "entities": 34,
build	Verify exact curated publication bytes	2026-10-04T17:51:11.3839394Z         "source_revision": "e875344c04c14228840665a91823edc42b078fb2"
build	Verify exact curated publication bytes	2026-10-04T17:51:11.3839487Z       }
build	Verify exact curated publication bytes	2026-10-04T17:51:11.3839576Z     },
build	Verify exact curated publication bytes	2026-10-04T17:51:11.3839661Z     {
build	Verify exact curated publication bytes	2026-10-04T17:51:11.3839961Z       "projection_ref": "projection:return-of-zero:sp-central-projectcentral:expression",
build	Verify exact curated publication bytes	2026-10-04T17:51:11.3840218Z       "projection_revision": 1,
build	Verify exact curated publication bytes	2026-10-04T17:51:11.3840319Z       "source": {
build	Verify exact curated publication bytes	2026-10-04T17:51:11.3840422Z         "system": "o-i",
build	Verify exact curated publication bytes	2026-10-04T17:51:11.3840586Z         "world_ref": "world:return-of-zero",
build	Verify exact curated publication bytes	2026-10-04T17:51:11.3840809Z         "ref": "expression:return-of-zero:sp-central-projectcentral",
build	Verify exact curated publication bytes	2026-10-04T17:51:11.3840913Z         "revision": "1"
build	Verify exact curated publication bytes	2026-10-04T17:51:11.3840996Z       },
build	Verify exact curated publication bytes	2026-10-04T17:51:11.3841276Z       "html_sha256": "3461f76e5fb6942d66f73611269f821fd2b28fef9cd767fb5c99f43bdfc0d349",
build	Verify exact curated publication bytes	2026-10-04T17:51:11.3841593Z       "projection_sha256": "31ceb02b2a85aadf6c993e90b07cb440c56952ae13c6f098f4c6657e8cf770c7",
build	Verify exact curated publication bytes	2026-10-04T17:51:11.3841688Z       "native_body": {
build	Verify exact curated publication bytes	2026-10-04T17:51:11.3841966Z         "sha256": "8e4d2c4b95def8cdd4ebd4ae8524ad638bb92c5a3cbeca921bd5b725215a3bf0",
build	Verify exact curated publication bytes	2026-10-04T17:51:11.3842062Z         "scenes": 1,
build	Verify exact curated publication bytes	2026-10-04T17:51:11.3842156Z         "entities": 5,
build	Verify exact curated publication bytes	2026-10-04T17:51:11.3842356Z         "source_revision": "e875344c04c14228840665a91823edc42b078fb2"
build	Verify exact curated publication bytes	2026-10-04T17:51:11.3842556Z       }
build	Verify exact curated publication bytes	2026-10-04T17:51:11.3842646Z     },
build	Verify exact curated publication bytes	2026-10-04T17:51:11.3842736Z     {
build	Verify exact curated publication bytes	2026-10-04T17:51:11.3843055Z       "projection_ref": "projection:return-of-zero:sp-central-root-and-connectors:expression",
build	Verify exact curated publication bytes	2026-10-04T17:51:11.3843230Z       "projection_revision": 1,
build	Verify exact curated publication bytes	2026-10-04T17:51:11.3843395Z       "source": {
build	Verify exact curated publication bytes	2026-10-04T17:51:11.3843626Z         "system": "o-i",
build	Verify exact curated publication bytes	2026-10-04T17:51:11.3843899Z         "world_ref": "world:return-of-zero",
build	Verify exact curated publication bytes	2026-10-04T17:51:11.3852569Z         "ref": "expression:return-of-zero:sp-central-root-and-connectors",
build	Verify exact curated publication bytes	2026-10-04T17:51:11.3852738Z         "revision": "1"
build	Verify exact curated publication bytes	2026-10-04T17:51:11.3852840Z       },
build	Verify exact curated publication bytes	2026-10-04T17:51:11.3853167Z       "html_sha256": "e1aca409959eec30aa8f1b8bc661a907f492189f65d50d5018830374f037ba10",
build	Verify exact curated publication bytes	2026-10-04T17:51:11.3853509Z       "projection_sha256": "dac4486cb716aa847af97eb6a074a5d8dc003aff4d5d179f81c29b5797b136e0",
build	Verify exact curated publication bytes	2026-10-04T17:51:11.3853617Z       "native_body": {
build	Verify exact curated publication bytes	2026-10-04T17:51:11.3853914Z         "sha256": "23357aa44df44ca7dc5c4c557649ca0110d3542dac7679cf593452e1a6d0e1ef",
build	Verify exact curated publication bytes	2026-10-04T17:51:11.3854018Z         "scenes": 4,
build	Verify exact curated publication bytes	2026-10-04T17:51:11.3854121Z         "entities": 22,
build	Verify exact curated publication bytes	2026-10-04T17:51:11.3854336Z         "source_revision": "e875344c04c14228840665a91823edc42b078fb2"
build	Verify exact curated publication bytes	2026-10-04T17:51:11.3854424Z       }
build	Verify exact curated publication bytes	2026-10-04T17:51:11.3854515Z     },
build	Verify exact curated publication bytes	2026-10-04T17:51:11.3854598Z     {
build	Verify exact curated publication bytes	2026-10-04T17:51:11.3855122Z       "projection_ref": "projection:return-of-zero:sp-central-skills:expression",
build	Verify exact curated publication bytes	2026-10-04T17:51:11.3855302Z       "projection_revision": 1,
build	Verify exact curated publication bytes	2026-10-04T17:51:11.3855397Z       "source": {
build	Verify exact curated publication bytes	2026-10-04T17:51:11.3855504Z         "system": "o-i",
build	Verify exact curated publication bytes	2026-10-04T17:51:11.3855657Z         "world_ref": "world:return-of-zero",
build	Verify exact curated publication bytes	2026-10-04T17:51:11.3855849Z         "ref": "expression:return-of-zero:sp-central-skills",
build	Verify exact curated publication bytes	2026-10-04T17:51:11.3855951Z         "revision": "1"
build	Verify exact curated publication bytes	2026-10-04T17:51:11.3856042Z       },
build	Verify exact curated publication bytes	2026-10-04T17:51:11.3856334Z       "html_sha256": "a0bbf0d3dcfd7a5251d27f80ff8da45a888064ba0e704405549d1e95ba8a3881",
build	Verify exact curated publication bytes	2026-10-04T17:51:11.3856667Z       "projection_sha256": "9cfaba598f792034b14d8637cec0044e5e4896d8055baee69269f1fd7b6cc0d4",
build	Verify exact curated publication bytes	2026-10-04T17:51:11.3856769Z       "native_body": {
build	Verify exact curated publication bytes	2026-10-04T17:51:11.3857048Z         "sha256": "6d130ce2cae8000a7d111c594dbb89e8b89c7db4fb343bb6f0513f08fc36a524",
build	Verify exact curated publication bytes	2026-10-04T17:51:11.3857145Z         "scenes": 9,
build	Verify exact curated publication bytes	2026-10-04T17:51:11.3857239Z         "entities": 39,
build	Verify exact curated publication bytes	2026-10-04T17:51:11.3857447Z         "source_revision": "e875344c04c14228840665a91823edc42b078fb2"
build	Verify exact curated publication bytes	2026-10-04T17:51:11.3857536Z       }
build	Verify exact curated publication bytes	2026-10-04T17:51:11.3857622Z     },
build	Verify exact curated publication bytes	2026-10-04T17:51:11.3857710Z     {
build	Verify exact curated publication bytes	2026-10-04T17:51:11.3857997Z       "projection_ref": "projection:return-of-zero:sp-central-surfaces:expression",
build	Verify exact curated publication bytes	2026-10-04T17:51:11.3858123Z       "projection_revision": 1,
build	Verify exact curated publication bytes	2026-10-04T17:51:11.3858219Z       "source": {
build	Verify exact curated publication bytes	2026-10-04T17:51:11.3858322Z         "system": "o-i",
build	Verify exact curated publication bytes	2026-10-04T17:51:11.3858470Z         "world_ref": "world:return-of-zero",
build	Verify exact curated publication bytes	2026-10-04T17:51:11.3858672Z         "ref": "expression:return-of-zero:sp-central-surfaces",
build	Verify exact curated publication bytes	2026-10-04T17:51:11.3858971Z         "revision": "1"
build	Verify exact curated publication bytes	2026-10-04T17:51:11.3859063Z       },
build	Verify exact curated publication bytes	2026-10-04T17:51:11.3859367Z       "html_sha256": "d4bdc81cca04b4847e446fa00d52b16629d829fb983a3b521d63b4fadbd9ae19",
build	Verify exact curated publication bytes	2026-10-04T17:51:11.3859692Z       "projection_sha256": "fbe3a5baf9411fd9521bde4c1fe5ca7637188a71405826643ce19f864886bc17",
build	Verify exact curated publication bytes	2026-10-04T17:51:11.3859796Z       "native_body": {
build	Verify exact curated publication bytes	2026-10-04T17:51:11.3860072Z         "sha256": "e1510a1a8e49b79f6fba3b1610bf792f64fb1589c80d31a1c79b479df6444600",
build	Verify exact curated publication bytes	2026-10-04T17:51:11.3860164Z         "scenes": 2,
build	Verify exact curated publication bytes	2026-10-04T17:51:11.3860264Z         "entities": 10,
build	Verify exact curated publication bytes	2026-10-04T17:51:11.3860474Z         "source_revision": "e875344c04c14228840665a91823edc42b078fb2"
build	Verify exact curated publication bytes	2026-10-04T17:51:11.3860560Z       }
build	Verify exact curated publication bytes	2026-10-04T17:51:11.3860651Z     },
build	Verify exact curated publication bytes	2026-10-04T17:51:11.3860741Z     {
build	Verify exact curated publication bytes	2026-10-04T17:51:11.3860992Z       "projection_ref": "projection:return-of-zero:sp-central:expression",
build	Verify exact curated publication bytes	2026-10-04T17:51:11.3861130Z       "projection_revision": 1,
build	Verify exact curated publication bytes	2026-10-04T17:51:11.3861345Z       "source": {
build	Verify exact curated publication bytes	2026-10-04T17:51:11.3861455Z         "system": "o-i",
build	Verify exact curated publication bytes	2026-10-04T17:51:11.3861606Z         "world_ref": "world:return-of-zero",
build	Verify exact curated publication bytes	2026-10-04T17:51:11.3861780Z         "ref": "expression:return-of-zero:sp-central",
build	Verify exact curated publication bytes	2026-10-04T17:51:11.3861882Z         "revision": "1"
build	Verify exact curated publication bytes	2026-10-04T17:51:11.3861971Z       },
build	Verify exact curated publication bytes	2026-10-04T17:51:11.3862257Z       "html_sha256": "ee88d32aa766c091e8880c0395b77ab56aeb20f4781c94030d09d1a4a3c08aa8",
build	Verify exact curated publication bytes	2026-10-04T17:51:11.3862577Z       "projection_sha256": "1ca1d696e6400b05a51e9ea8a045a263e33be9107c53d3dee051fbba9340337a",
build	Verify exact curated publication bytes	2026-10-04T17:51:11.3862683Z       "native_body": {
build	Verify exact curated publication bytes	2026-10-04T17:51:11.3862949Z         "sha256": "0f9216591b804cdf2d083946dfbf234823a7df17f999ca8bbfc3551ab37c6155",
build	Verify exact curated publication bytes	2026-10-04T17:51:11.3863046Z         "scenes": 6,
build	Verify exact curated publication bytes	2026-10-04T17:51:11.3863150Z         "entities": 43,
build	Verify exact curated publication bytes	2026-10-04T17:51:11.3863348Z         "source_revision": "e875344c04c14228840665a91823edc42b078fb2"
build	Verify exact curated publication bytes	2026-10-04T17:51:11.3863442Z       }
build	Verify exact curated publication bytes	2026-10-04T17:51:11.3863529Z     },
build	Verify exact curated publication bytes	2026-10-04T17:51:11.3863621Z     {
build	Verify exact curated publication bytes	2026-10-04T17:51:11.3863964Z       "projection_ref": "projection:return-of-zero:sp-factory-fd-docs-canon-modules:expression",
build	Verify exact curated publication bytes	2026-10-04T17:51:11.3864086Z       "projection_revision": 1,
build	Verify exact curated publication bytes	2026-10-04T17:51:11.3864185Z       "source": {
build	Verify exact curated publication bytes	2026-10-04T17:51:11.3864293Z         "system": "o-i",
build	Verify exact curated publication bytes	2026-10-04T17:51:11.3864435Z         "world_ref": "world:return-of-zero",
build	Verify exact curated publication bytes	2026-10-04T17:51:11.3864686Z         "ref": "expression:return-of-zero:sp-factory-fd-docs-canon-modules",
build	Verify exact curated publication bytes	2026-10-04T17:51:11.3864788Z         "revision": "1"
build	Verify exact curated publication bytes	2026-10-04T17:51:11.3865105Z       },
build	Verify exact curated publication bytes	2026-10-04T17:51:11.3865424Z       "html_sha256": "dde8e64c6a7322fc2a30e115964f595fef4388624a0500da63e80f3b90d685fd",
build	Verify exact curated publication bytes	2026-10-04T17:51:11.3865746Z       "projection_sha256": "cba483dc6c313bd93718890a7a2dfa5a135f474b3de860ef89645d02678453ef",
build	Verify exact curated publication bytes	2026-10-04T17:51:11.3865844Z       "native_body": {
build	Verify exact curated publication bytes	2026-10-04T17:51:11.3866109Z         "sha256": "d36802f52abc22ed09c2d2084c7674d3b7424b121266c318651c7b76c068691a",
build	Verify exact curated publication bytes	2026-10-04T17:51:11.3866215Z         "scenes": 15,
build	Verify exact curated publication bytes	2026-10-04T17:51:11.3866317Z         "entities": 45,
build	Verify exact curated publication bytes	2026-10-04T17:51:11.3866523Z         "source_revision": "e875344c04c14228840665a91823edc42b078fb2"
build	Verify exact curated publication bytes	2026-10-04T17:51:11.3866607Z       }
build	Verify exact curated publication bytes	2026-10-04T17:51:11.3866697Z     },
build	Verify exact curated publication bytes	2026-10-04T17:51:11.3866784Z     {
build	Verify exact curated publication bytes	2026-10-04T17:51:11.3867081Z       "projection_ref": "projection:return-of-zero:sp-factory-fd-docs-canon:expression",
build	Verify exact curated publication bytes	2026-10-04T17:51:11.3867213Z       "projection_revision": 1,
build	Verify exact curated publication bytes	2026-10-04T17:51:11.3867311Z       "source": {
build	Verify exact curated publication bytes	2026-10-04T17:51:11.3867407Z         "system": "o-i",
build	Verify exact curated publication bytes	2026-10-04T17:51:11.3867555Z         "world_ref": "world:return-of-zero",
build	Verify exact curated publication bytes	2026-10-04T17:51:11.3867775Z         "ref": "expression:return-of-zero:sp-factory-fd-docs-canon",
build	Verify exact curated publication bytes	2026-10-04T17:51:11.3867869Z         "revision": "1"
build	Verify exact curated publication bytes	2026-10-04T17:51:11.3867958Z       },
build	Verify exact curated publication bytes	2026-10-04T17:51:11.3868239Z       "html_sha256": "aae82f3e0bd54901156c0f75c488c19f40201f6fb116c2ef7d6502d1fe042f3a",
build	Verify exact curated publication bytes	2026-10-04T17:51:11.3868552Z       "projection_sha256": "dc471f41d7ed2a9f3bf493290687edeaa79e4285e0bf592487f9a3298e719c57",
build	Verify exact curated publication bytes	2026-10-04T17:51:11.3868795Z       "native_body": {
build	Verify exact curated publication bytes	2026-10-04T17:51:11.3869061Z         "sha256": "d49d7d118372dddd23a416640fff7aa67de488c1cae4b9254f66dc96230abd74",
build	Verify exact curated publication bytes	2026-10-04T17:51:11.3869158Z         "scenes": 15,
build	Verify exact curated publication bytes	2026-10-04T17:51:11.3869256Z         "entities": 45,
build	Verify exact curated publication bytes	2026-10-04T17:51:11.3869453Z         "source_revision": "e875344c04c14228840665a91823edc42b078fb2"
build	Verify exact curated publication bytes	2026-10-04T17:51:11.3869543Z       }
build	Verify exact curated publication bytes	2026-10-04T17:51:11.3869632Z     },
build	Verify exact curated publication bytes	2026-10-04T17:51:11.3869715Z     {
build	Verify exact curated publication bytes	2026-10-04T17:51:11.3870069Z       "projection_ref": "projection:return-of-zero:sp-factory-fd-docs-program-research:expression",
build	Verify exact curated publication bytes	2026-10-04T17:51:11.3870196Z       "projection_revision": 1,
build	Verify exact curated publication bytes	2026-10-04T17:51:11.3870285Z       "source": {
build	Verify exact curated publication bytes	2026-10-04T17:51:11.3870385Z         "system": "o-i",
build	Verify exact curated publication bytes	2026-10-04T17:51:11.3870523Z         "world_ref": "world:return-of-zero",
build	Verify exact curated publication bytes	2026-10-04T17:51:11.3870783Z         "ref": "expression:return-of-zero:sp-factory-fd-docs-program-research",
build	Verify exact curated publication bytes	2026-10-04T17:51:11.3870995Z         "revision": "1"
build	Verify exact curated publication bytes	2026-10-04T17:51:11.3871081Z       },
build	Verify exact curated publication bytes	2026-10-04T17:51:11.3871373Z       "html_sha256": "9d2b2ca6bb25efef776f1fb1b32ff6ff35d84b128c11ad945a26ca1344809ece",
build	Verify exact curated publication bytes	2026-10-04T17:51:11.3871691Z       "projection_sha256": "dd7b060029534cce6a6fcf9ec46e697ca9ffdb294f70a42bc37394e998300057",
build	Verify exact curated publication bytes	2026-10-04T17:51:11.3871784Z       "native_body": {
build	Verify exact curated publication bytes	2026-10-04T17:51:11.3872041Z         "sha256": "800b812667331cb5035ad903e15d5a0d47007ae0b246529a99e7eb48a405899a",
build	Verify exact curated publication bytes	2026-10-04T17:51:11.3872138Z         "scenes": 12,
build	Verify exact curated publication bytes	2026-10-04T17:51:11.3872231Z         "entities": 36,
build	Verify exact curated publication bytes	2026-10-04T17:51:11.3872432Z         "source_revision": "e875344c04c14228840665a91823edc42b078fb2"
build	Verify exact curated publication bytes	2026-10-04T17:51:11.3872519Z       }
build	Verify exact curated publication bytes	2026-10-04T17:51:11.3872602Z     },
build	Verify exact curated publication bytes	2026-10-04T17:51:11.3872688Z     {
build	Verify exact curated publication bytes	2026-10-04T17:51:11.3873032Z       "projection_ref": "projection:return-of-zero:sp-factory-fd-inkwell-claude-front:expression",
build	Verify exact curated publication bytes	2026-10-04T17:51:11.3873158Z       "projection_revision": 2,
build	Verify exact curated publication bytes	2026-10-04T17:51:11.3873258Z       "source": {
build	Verify exact curated publication bytes	2026-10-04T17:51:11.3873356Z         "system": "o-i",
build	Verify exact curated publication bytes	2026-10-04T17:51:11.3873509Z         "world_ref": "world:return-of-zero",
build	Verify exact curated publication bytes	2026-10-04T17:51:11.3873768Z         "ref": "expression:return-of-zero:sp-factory-fd-inkwell-claude-front",
build	Verify exact curated publication bytes	2026-10-04T17:51:11.3873864Z         "revision": "2"
build	Verify exact curated publication bytes	2026-10-04T17:51:11.3873954Z       },
build	Verify exact curated publication bytes	2026-10-04T17:51:11.3874244Z       "html_sha256": "13f939c548d16d7cb44af673fbe5138fabc4e7df5b89dc9d8dc3f115102ba485",
build	Verify exact curated publication bytes	2026-10-04T17:51:11.3874543Z       "projection_sha256": "9e8279e71678e8092428f80310f834ef8915ef349852b9c2f5f8fae638c7db7c",
build	Verify exact curated publication bytes	2026-10-04T17:51:11.3874642Z       "native_body": {
build	Verify exact curated publication bytes	2026-10-04T17:51:11.3875130Z         "sha256": "b08ee01888fa4458042d03fdc1e85972d32de7914a7eec4ef8dbb4314621a42f",
build	Verify exact curated publication bytes	2026-10-04T17:51:11.3875236Z         "scenes": 12,
build	Verify exact curated publication bytes	2026-10-04T17:51:11.3875339Z         "entities": 36,
build	Verify exact curated publication bytes	2026-10-04T17:51:11.3875679Z         "source_revision": "sha256:b08ee01888fa4458042d03fdc1e85972d32de7914a7eec4ef8dbb4314621a42f"
build	Verify exact curated publication bytes	2026-10-04T17:51:11.3875766Z       }
build	Verify exact curated publication bytes	2026-10-04T17:51:11.3875864Z     },
build	Verify exact curated publication bytes	2026-10-04T17:51:11.3875950Z     {
build	Verify exact curated publication bytes	2026-10-04T17:51:11.3876303Z       "projection_ref": "projection:return-of-zero:sp-factory-fd-inkwell-orchestrator:expression",
build	Verify exact curated publication bytes	2026-10-04T17:51:11.3876438Z       "projection_revision": 1,
build	Verify exact curated publication bytes	2026-10-04T17:51:11.3876529Z       "source": {
build	Verify exact curated publication bytes	2026-10-04T17:51:11.3876631Z         "system": "o-i",
build	Verify exact curated publication bytes	2026-10-04T17:51:11.3876779Z         "world_ref": "world:return-of-zero",
build	Verify exact curated publication bytes	2026-10-04T17:51:11.3877034Z         "ref": "expression:return-of-zero:sp-factory-fd-inkwell-orchestrator",
build	Verify exact curated publication bytes	2026-10-04T17:51:11.3877136Z         "revision": "1"
build	Verify exact curated publication bytes	2026-10-04T17:51:11.3877227Z       },
build	Verify exact curated publication bytes	2026-10-04T17:51:11.3877507Z       "html_sha256": "a68a0c5010727820529561e9f1b974ace7be6663f227cada3535a43c502ecc8e",
build	Verify exact curated publication bytes	2026-10-04T17:51:11.3877830Z       "projection_sha256": "4f7a6c7520b6d5172ab8e75deb0cfeb8881b1df2e278a88d56c533ddbc4cfabd",
build	Verify exact curated publication bytes	2026-10-04T17:51:11.3877932Z       "native_body": {
build	Verify exact curated publication bytes	2026-10-04T17:51:11.3878197Z         "sha256": "97255791bbeb45727197c8947d1ffcfc2f5a2647f902e1fdc43289a98bb88c87",
build	Verify exact curated publication bytes	2026-10-04T17:51:11.3878431Z         "scenes": 15,
build	Verify exact curated publication bytes	2026-10-04T17:51:11.3878531Z         "entities": 45,
build	Verify exact curated publication bytes	2026-10-04T17:51:11.3878733Z         "source_revision": "e875344c04c14228840665a91823edc42b078fb2"
build	Verify exact curated publication bytes	2026-10-04T17:51:11.3878822Z       }
build	Verify exact curated publication bytes	2026-10-04T17:51:11.3878905Z     },
build	Verify exact curated publication bytes	2026-10-04T17:51:11.3878991Z     {
build	Verify exact curated publication bytes	2026-10-04T17:51:11.3879356Z       "projection_ref": "projection:return-of-zero:sp-factory-fd-inkwell-overview-appdocs:expression",
build	Verify exact curated publication bytes	2026-10-04T17:51:11.3879481Z       "projection_revision": 1,
build	Verify exact curated publication bytes	2026-10-04T17:51:11.3879576Z       "source": {
build	Verify exact curated publication bytes	2026-10-04T17:51:11.3879678Z         "system": "o-i",
build	Verify exact curated publication bytes	2026-10-04T17:51:11.3879821Z         "world_ref": "world:return-of-zero",
build	Verify exact curated publication bytes	2026-10-04T17:51:11.3880102Z         "ref": "expression:return-of-zero:sp-factory-fd-inkwell-overview-appdocs",
build	Verify exact curated publication bytes	2026-10-04T17:51:11.3880201Z         "revision": "1"
build	Verify exact curated publication bytes	2026-10-04T17:51:11.3880286Z       },
build	Verify exact curated publication bytes	2026-10-04T17:51:11.3880572Z       "html_sha256": "f406b91e948a1a6cc9bb4922225c44ee006d3408ed03afa4ebf59249a650d56d",
build	Verify exact curated publication bytes	2026-10-04T17:51:11.3881002Z       "projection_sha256": "fb895a30b5c80678f486070a45d704fd5eee814bfeedb592afac79ad1e078cf0",
build	Verify exact curated publication bytes	2026-10-04T17:51:11.3881104Z       "native_body": {
build	Verify exact curated publication bytes	2026-10-04T17:51:11.3881379Z         "sha256": "0b1dbca6c07e4191b4fbd8fd06c3f56113a8dedd1ff12892dcca369346cf5067",
build	Verify exact curated publication bytes	2026-10-04T17:51:11.3881476Z         "scenes": 15,
build	Verify exact curated publication bytes	2026-10-04T17:51:11.3881569Z         "entities": 45,
build	Verify exact curated publication bytes	2026-10-04T17:51:11.3881770Z         "source_revision": "e875344c04c14228840665a91823edc42b078fb2"
build	Verify exact curated publication bytes	2026-10-04T17:51:11.3881854Z       }
build	Verify exact curated publication bytes	2026-10-04T17:51:11.3881943Z     },
build	Verify exact curated publication bytes	2026-10-04T17:51:11.3882032Z     {
build	Verify exact curated publication bytes	2026-10-04T17:51:11.3882343Z       "projection_ref": "projection:return-of-zero:sp-factory-fd-inkwell-prompts:expression",
build	Verify exact curated publication bytes	2026-10-04T17:51:11.3882472Z       "projection_revision": 1,
build	Verify exact curated publication bytes	2026-10-04T17:51:11.3882569Z       "source": {
build	Verify exact curated publication bytes	2026-10-04T17:51:11.3882664Z         "system": "o-i",
build	Verify exact curated publication bytes	2026-10-04T17:51:11.3882806Z         "world_ref": "world:return-of-zero",
build	Verify exact curated publication bytes	2026-10-04T17:51:11.3883079Z         "ref": "expression:return-of-zero:sp-factory-fd-inkwell-prompts",
build	Verify exact curated publication bytes	2026-10-04T17:51:11.3883183Z         "revision": "1"
build	Verify exact curated publication bytes	2026-10-04T17:51:11.3883272Z       },
build	Verify exact curated publication bytes	2026-10-04T17:51:11.3883553Z       "html_sha256": "59a7bfdedca4340317bfd7320fbb2277d26782bb7f3908a4bca5ad813c5f9569",
build	Verify exact curated publication bytes	2026-10-04T17:51:11.3883868Z       "projection_sha256": "2b558f4abaf042947a8273d76e03e1e8be31898bb6bb99e69e1106afb7a92623",
build	Verify exact curated publication bytes	2026-10-04T17:51:11.3883968Z       "native_body": {
build	Verify exact curated publication bytes	2026-10-04T17:51:11.3884243Z         "sha256": "dbae5a5f7ff1a04befcca059a8463c93ba4e3b6aa2463205df6b6a8cbed3ce78",
build	Verify exact curated publication bytes	2026-10-04T17:51:11.3884343Z         "scenes": 17,
build	Verify exact curated publication bytes	2026-10-04T17:51:11.3884441Z         "entities": 51,
build	Verify exact curated publication bytes	2026-10-04T17:51:11.3884635Z         "source_revision": "e875344c04c14228840665a91823edc42b078fb2"
build	Verify exact curated publication bytes	2026-10-04T17:51:11.3884721Z       }
build	Verify exact curated publication bytes	2026-10-04T17:51:11.3884809Z     },
build	Verify exact curated publication bytes	2026-10-04T17:51:11.3885098Z     {
build	Verify exact curated publication bytes	2026-10-04T17:51:11.3885427Z       "projection_ref": "projection:return-of-zero:sp-factory-fd-inkwell-specs:expression",
build	Verify exact curated publication bytes	2026-10-04T17:51:11.3885556Z       "projection_revision": 1,
build	Verify exact curated publication bytes	2026-10-04T17:51:11.3885651Z       "source": {
build	Verify exact curated publication bytes	2026-10-04T17:51:11.3885756Z         "system": "o-i",
build	Verify exact curated publication bytes	2026-10-04T17:51:11.3885894Z         "world_ref": "world:return-of-zero",
build	Verify exact curated publication bytes	2026-10-04T17:51:11.3886123Z         "ref": "expression:return-of-zero:sp-factory-fd-inkwell-specs",
build	Verify exact curated publication bytes	2026-10-04T17:51:11.3886224Z         "revision": "1"
build	Verify exact curated publication bytes	2026-10-04T17:51:11.3886308Z       },
build	Verify exact curated publication bytes	2026-10-04T17:51:11.3886594Z       "html_sha256": "e958bc581bc97fb3faae72b5a68545945239d7b7202404372cb715ddd9dde40c",
build	Verify exact curated publication bytes	2026-10-04T17:51:11.3886898Z       "projection_sha256": "9a393a72a904a317405da79f9276304e4d92d13a9b1ab4557a8870efff54987d",
build	Verify exact curated publication bytes	2026-10-04T17:51:11.3886992Z       "native_body": {
build	Verify exact curated publication bytes	2026-10-04T17:51:11.3887254Z         "sha256": "7a67b472815ec2a40dc6cd9b173c9b56e5a3785b240147c9457024d1912d6206",
build	Verify exact curated publication bytes	2026-10-04T17:51:11.3887351Z         "scenes": 12,
build	Verify exact curated publication bytes	2026-10-04T17:51:11.3887445Z         "entities": 36,
build	Verify exact curated publication bytes	2026-10-04T17:51:11.3887644Z         "source_revision": "e875344c04c14228840665a91823edc42b078fb2"
build	Verify exact curated publication bytes	2026-10-04T17:51:11.3887733Z       }
build	Verify exact curated publication bytes	2026-10-04T17:51:11.3887818Z     },
build	Verify exact curated publication bytes	2026-10-04T17:51:11.3888038Z     {
build	Verify exact curated publication bytes	2026-10-04T17:51:11.3888350Z       "projection_ref": "projection:return-of-zero:sp-factory-fd-inkwell-sssf-1:expression",
build	Verify exact curated publication bytes	2026-10-04T17:51:11.3888480Z       "projection_revision": 1,
build	Verify exact curated publication bytes	2026-10-04T17:51:11.3888574Z       "source": {
build	Verify exact curated publication bytes	2026-10-04T17:51:11.3888673Z         "system": "o-i",
build	Verify exact curated publication bytes	2026-10-04T17:51:11.3888818Z         "world_ref": "world:return-of-zero",
build	Verify exact curated publication bytes	2026-10-04T17:51:11.3889048Z         "ref": "expression:return-of-zero:sp-factory-fd-inkwell-sssf-1",
build	Verify exact curated publication bytes	2026-10-04T17:51:11.3889144Z         "revision": "1"
build	Verify exact curated publication bytes	2026-10-04T17:51:11.3889236Z       },
build	Verify exact curated publication bytes	2026-10-04T17:51:11.3889525Z       "html_sha256": "5056e10e0b754ba94219fb732eddc0e0dc6f3a23cf3b8ac9a65686cd37c26257",
build	Verify exact curated publication bytes	2026-10-04T17:51:11.3889839Z       "projection_sha256": "8fadeaa257611eb9b1b1b0e4ac0512cfc1f0aad4143835d20d4ce3a8b1791211",
build	Verify exact curated publication bytes	2026-10-04T17:51:11.3889941Z       "native_body": {
build	Verify exact curated publication bytes	2026-10-04T17:51:11.3890218Z         "sha256": "62dad3cbaab005293c3e3af80fdc0bbba275fe8fc2b4db94794f99afc74ba688",
build	Verify exact curated publication bytes	2026-10-04T17:51:11.3890424Z         "scenes": 17,
build	Verify exact curated publication bytes	2026-10-04T17:51:11.3890527Z         "entities": 51,
build	Verify exact curated publication bytes	2026-10-04T17:51:11.3890726Z         "source_revision": "e875344c04c14228840665a91823edc42b078fb2"
build	Verify exact curated publication bytes	2026-10-04T17:51:11.3890809Z       }
build	Verify exact curated publication bytes	2026-10-04T17:51:11.3890897Z     },
build	Verify exact curated publication bytes	2026-10-04T17:51:11.3890980Z     {
build	Verify exact curated publication bytes	2026-10-04T17:51:11.3891287Z       "projection_ref": "projection:return-of-zero:sp-factory-fd-inkwell-sssf-2:expression",
build	Verify exact curated publication bytes	2026-10-04T17:51:11.3891413Z       "projection_revision": 1,
build	Verify exact curated publication bytes	2026-10-04T17:51:11.3891501Z       "source": {
build	Verify exact curated publication bytes	2026-10-04T17:51:11.3891604Z         "system": "o-i",
build	Verify exact curated publication bytes	2026-10-04T17:51:11.3891745Z         "world_ref": "world:return-of-zero",
build	Verify exact curated publication bytes	2026-10-04T17:51:11.3891968Z         "ref": "expression:return-of-zero:sp-factory-fd-inkwell-sssf-2",
build	Verify exact curated publication bytes	2026-10-04T17:51:11.3892069Z         "revision": "1"
build	Verify exact curated publication bytes	2026-10-04T17:51:11.3892158Z       },
build	Verify exact curated publication bytes	2026-10-04T17:51:11.3892437Z       "html_sha256": "ac2e7184fc9291e9e4c020e0a46b238be33b943e61c28a934f32cf4ed90f6d6f",
build	Verify exact curated publication bytes	2026-10-04T17:51:11.3892739Z       "projection_sha256": "c94b8f0b7c464c7e97ab053f6ebc6935829a770829091724828b17f8aa1f4df8",
build	Verify exact curated publication bytes	2026-10-04T17:51:11.3892846Z       "native_body": {
build	Verify exact curated publication bytes	2026-10-04T17:51:11.3893103Z         "sha256": "1c798a2ed48e167066db84f58ae927fe0192058d9413998e4fce14a8e66ecf06",
build	Verify exact curated publication bytes	2026-10-04T17:51:11.3893198Z         "scenes": 8,
build	Verify exact curated publication bytes	2026-10-04T17:51:11.3893292Z         "entities": 24,
build	Verify exact curated publication bytes	2026-10-04T17:51:11.3893490Z         "source_revision": "e875344c04c14228840665a91823edc42b078fb2"
build	Verify exact curated publication bytes	2026-10-04T17:51:11.3893577Z       }
build	Verify exact curated publication bytes	2026-10-04T17:51:11.3893659Z     },
build	Verify exact curated publication bytes	2026-10-04T17:51:11.3893747Z     {
build	Verify exact curated publication bytes	2026-10-04T17:51:11.3894099Z       "projection_ref": "projection:return-of-zero:sp-factory-fd-inkwell-templates-adws:expression",
build	Verify exact curated publication bytes	2026-10-04T17:51:11.3894221Z       "projection_revision": 1,
build	Verify exact curated publication bytes	2026-10-04T17:51:11.3894315Z       "source": {
build	Verify exact curated publication bytes	2026-10-04T17:51:11.3894416Z         "system": "o-i",
build	Verify exact curated publication bytes	2026-10-04T17:51:11.3894553Z         "world_ref": "world:return-of-zero",
build	Verify exact curated publication bytes	2026-10-04T17:51:11.3894816Z         "ref": "expression:return-of-zero:sp-factory-fd-inkwell-templates-adws",
build	Verify exact curated publication bytes	2026-10-04T17:51:11.3895129Z         "revision": "1"
build	Verify exact curated publication bytes	2026-10-04T17:51:11.3895229Z       },
build	Verify exact curated publication bytes	2026-10-04T17:51:11.3895524Z       "html_sha256": "4d9073ec14fefc0da792dcbf9c389730e9db9f7b4dd16b0222655f5f5ea61bd6",
build	Verify exact curated publication bytes	2026-10-04T17:51:11.3895829Z       "projection_sha256": "de1bdea2c183a327b2e8e0437aa4fa92e247bc666a464730b74b05d8899654e5",
build	Verify exact curated publication bytes	2026-10-04T17:51:11.3895932Z       "native_body": {
build	Verify exact curated publication bytes	2026-10-04T17:51:11.3896200Z         "sha256": "58e248090b9860cb002bed05bde1e4a66b77fabdb4993ef7b499b46ac38bad4e",
build	Verify exact curated publication bytes	2026-10-04T17:51:11.3896292Z         "scenes": 11,
build	Verify exact curated publication bytes	2026-10-04T17:51:11.3896387Z         "entities": 33,
build	Verify exact curated publication bytes	2026-10-04T17:51:11.3896586Z         "source_revision": "e875344c04c14228840665a91823edc42b078fb2"
build	Verify exact curated publication bytes	2026-10-04T17:51:11.3896667Z       }
build	Verify exact curated publication bytes	2026-10-04T17:51:11.3896750Z     },
build	Verify exact curated publication bytes	2026-10-04T17:51:11.3896831Z     {
build	Verify exact curated publication bytes	2026-10-04T17:51:11.3897133Z       "projection_ref": "projection:return-of-zero:sp-factory-fd-product-root:expression",
build	Verify exact curated publication bytes	2026-10-04T17:51:11.3897255Z       "projection_revision": 2,
build	Verify exact curated publication bytes	2026-10-04T17:51:11.3897347Z       "source": {
build	Verify exact curated publication bytes	2026-10-04T17:51:11.3897576Z         "system": "o-i",
build	Verify exact curated publication bytes	2026-10-04T17:51:11.3897717Z         "world_ref": "world:return-of-zero",
build	Verify exact curated publication bytes	2026-10-04T17:51:11.3897932Z         "ref": "expression:return-of-zero:sp-factory-fd-product-root",
build	Verify exact curated publication bytes	2026-10-04T17:51:11.3898029Z         "revision": "2"
build	Verify exact curated publication bytes	2026-10-04T17:51:11.3898114Z       },
build	Verify exact curated publication bytes	2026-10-04T17:51:11.3898391Z       "html_sha256": "8682298c0cc38ceeeedbae8a2842b225628cfc77c32799f9a09586d55e984fa9",
build	Verify exact curated publication bytes	2026-10-04T17:51:11.3898689Z       "projection_sha256": "f2ee09c3762b07ea3482638369438b3f8de979e22124445e803e392604651688",
build	Verify exact curated publication bytes	2026-10-04T17:51:11.3898784Z       "native_body": {
build	Verify exact curated publication bytes	2026-10-04T17:51:11.3899048Z         "sha256": "4603157bc853cec0fe78e5422cdff12e4b24d991c903b0dcfcb9d2a44657be09",
build	Verify exact curated publication bytes	2026-10-04T17:51:11.3899141Z         "scenes": 15,
build	Verify exact curated publication bytes	2026-10-04T17:51:11.3899233Z         "entities": 45,
build	Verify exact curated publication bytes	2026-10-04T17:51:11.3899570Z         "source_revision": "sha256:4603157bc853cec0fe78e5422cdff12e4b24d991c903b0dcfcb9d2a44657be09"
build	Verify exact curated publication bytes	2026-10-04T17:51:11.3899655Z       }
build	Verify exact curated publication bytes	2026-10-04T17:51:11.3899850Z     },
build	Verify exact curated publication bytes	2026-10-04T17:51:11.3899940Z     {
build	Verify exact curated publication bytes	2026-10-04T17:51:11.3900224Z       "projection_ref": "projection:return-of-zero:sp-factory-fd-ql-core:expression",
build	Verify exact curated publication bytes	2026-10-04T17:51:11.3900344Z       "projection_revision": 1,
build	Verify exact curated publication bytes	2026-10-04T17:51:11.3900435Z       "source": {
build	Verify exact curated publication bytes	2026-10-04T17:51:11.3900531Z         "system": "o-i",
build	Verify exact curated publication bytes	2026-10-04T17:51:11.3900669Z         "world_ref": "world:return-of-zero",
build	Verify exact curated publication bytes	2026-10-04T17:51:11.3900872Z         "ref": "expression:return-of-zero:sp-factory-fd-ql-core",
build	Verify exact curated publication bytes	2026-10-04T17:51:11.3900964Z         "revision": "1"
build	Verify exact curated publication bytes	2026-10-04T17:51:11.3901053Z       },
build	Verify exact curated publication bytes	2026-10-04T17:51:11.3901340Z       "html_sha256": "d08424cf1d0cb31372a46d14e0fbfad804e9ada8ee05878d4fbe7bf75bd81320",
build	Verify exact curated publication bytes	2026-10-04T17:51:11.3901646Z       "projection_sha256": "7f94940c411dceae9d4bb82331319bdb5e9c79ab39993c9dc6ebb425fb5990b1",
build	Verify exact curated publication bytes	2026-10-04T17:51:11.3901743Z       "native_body": {
build	Verify exact curated publication bytes	2026-10-04T17:51:11.3902008Z         "sha256": "bf9daa2311210fb1c1cac37ea744d0b9132397e4dd305c3d452526baa2b33e01",
build	Verify exact curated publication bytes	2026-10-04T17:51:11.3902101Z         "scenes": 14,
build	Verify exact curated publication bytes	2026-10-04T17:51:11.3902201Z         "entities": 42,
build	Verify exact curated publication bytes	2026-10-04T17:51:11.3902399Z         "source_revision": "e875344c04c14228840665a91823edc42b078fb2"
build	Verify exact curated publication bytes	2026-10-04T17:51:11.3902481Z       }
build	Verify exact curated publication bytes	2026-10-04T17:51:11.3902567Z     },
build	Verify exact curated publication bytes	2026-10-04T17:51:11.3902653Z     {
build	Verify exact curated publication bytes	2026-10-04T17:51:11.3902960Z       "projection_ref": "projection:return-of-zero:sp-factory-fd-ql-experiments:expression",
build	Verify exact curated publication bytes	2026-10-04T17:51:11.3903086Z       "projection_revision": 1,
build	Verify exact curated publication bytes	2026-10-04T17:51:11.3903179Z       "source": {
build	Verify exact curated publication bytes	2026-10-04T17:51:11.3903274Z         "system": "o-i",
build	Verify exact curated publication bytes	2026-10-04T17:51:11.3903425Z         "world_ref": "world:return-of-zero",
build	Verify exact curated publication bytes	2026-10-04T17:51:11.3903649Z         "ref": "expression:return-of-zero:sp-factory-fd-ql-experiments",
build	Verify exact curated publication bytes	2026-10-04T17:51:11.3903744Z         "revision": "1"
build	Verify exact curated publication bytes	2026-10-04T17:51:11.3903829Z       },
build	Verify exact curated publication bytes	2026-10-04T17:51:11.3904108Z       "html_sha256": "442fa8b2e89e45c1a01334ae3c4f3322a168df9980bd0e1fd0f6d83f4a747ff3",
build	Verify exact curated publication bytes	2026-10-04T17:51:11.3904418Z       "projection_sha256": "d6c039c67adedd6101a53df16ab2597f30cf2950702365b342bad9a10425e1e1",
build	Verify exact curated publication bytes	2026-10-04T17:51:11.3904522Z       "native_body": {
build	Verify exact curated publication bytes	2026-10-04T17:51:11.3904781Z         "sha256": "7af213d9361c3b4f1fa3a94cad62486c1cb5f651805bc03734a1a92443f01fb1",
build	Verify exact curated publication bytes	2026-10-04T17:51:11.3905110Z         "scenes": 16,
build	Verify exact curated publication bytes	2026-10-04T17:51:11.3905225Z         "entities": 48,
build	Verify exact curated publication bytes	2026-10-04T17:51:11.3905429Z         "source_revision": "e875344c04c14228840665a91823edc42b078fb2"
build	Verify exact curated publication bytes	2026-10-04T17:51:11.3905517Z       }
build	Verify exact curated publication bytes	2026-10-04T17:51:11.3905604Z     },
build	Verify exact curated publication bytes	2026-10-04T17:51:11.3905684Z     {
build	Verify exact curated publication bytes	2026-10-04T17:51:11.3905974Z       "projection_ref": "projection:return-of-zero:sp-factory-fd-seed-docs:expression",
build	Verify exact curated publication bytes	2026-10-04T17:51:11.3906098Z       "projection_revision": 1,
build	Verify exact curated publication bytes	2026-10-04T17:51:11.3906192Z       "source": {
build	Verify exact curated publication bytes	2026-10-04T17:51:11.3906289Z         "system": "o-i",
build	Verify exact curated publication bytes	2026-10-04T17:51:11.3906425Z         "world_ref": "world:return-of-zero",
build	Verify exact curated publication bytes	2026-10-04T17:51:11.3906631Z         "ref": "expression:return-of-zero:sp-factory-fd-seed-docs",
build	Verify exact curated publication bytes	2026-10-04T17:51:11.3906734Z         "revision": "1"
build	Verify exact curated publication bytes	2026-10-04T17:51:11.3906949Z       },
build	Verify exact curated publication bytes	2026-10-04T17:51:11.3907228Z       "html_sha256": "012c46d4f2d78610442fc0d55c84577e78dc9d3b3544985a2b39ef9893b0b4ed",
build	Verify exact curated publication bytes	2026-10-04T17:51:11.3907533Z       "projection_sha256": "41a3318fb417cb13ad9ac970e657101d636c1998f8fd3a29190032eb221f1e3d",
build	Verify exact curated publication bytes	2026-10-04T17:51:11.3907627Z       "native_body": {
build	Verify exact curated publication bytes	2026-10-04T17:51:11.3907899Z         "sha256": "e84e66db8bbea9466aac8d427a287e4e14bbc640cf32a1d6a0c03b7195ff22b0",
build	Verify exact curated publication bytes	2026-10-04T17:51:11.3907995Z         "scenes": 10,
build	Verify exact curated publication bytes	2026-10-04T17:51:11.3908087Z         "entities": 30,
build	Verify exact curated publication bytes	2026-10-04T17:51:11.3908290Z         "source_revision": "e875344c04c14228840665a91823edc42b078fb2"
build	Verify exact curated publication bytes	2026-10-04T17:51:11.3908376Z       }
build	Verify exact curated publication bytes	2026-10-04T17:51:11.3908467Z     },
build	Verify exact curated publication bytes	2026-10-04T17:51:11.3908552Z     {
build	Verify exact curated publication bytes	2026-10-04T17:51:11.3908826Z       "projection_ref": "projection:return-of-zero:sp-factory-fd-sites:expression",
build	Verify exact curated publication bytes	2026-10-04T17:51:11.3908952Z       "projection_revision": 2,
build	Verify exact curated publication bytes	2026-10-04T17:51:11.3909045Z       "source": {
build	Verify exact curated publication bytes	2026-10-04T17:51:11.3909248Z         "system": "o-i",
build	Verify exact curated publication bytes	2026-10-04T17:51:11.3909399Z         "world_ref": "world:return-of-zero",
build	Verify exact curated publication bytes	2026-10-04T17:51:11.3909595Z         "ref": "expression:return-of-zero:sp-factory-fd-sites",
build	Verify exact curated publication bytes	2026-10-04T17:51:11.3909690Z         "revision": "2"
build	Verify exact curated publication bytes	2026-10-04T17:51:11.3909777Z       },
build	Verify exact curated publication bytes	2026-10-04T17:51:11.3910058Z       "html_sha256": "2987a1e38702e7eb5ecbb7551c3afdacc23f754ba9a20ba866e408d8f1aa0bd0",
build	Verify exact curated publication bytes	2026-10-04T17:51:11.3910363Z       "projection_sha256": "b494ca65a402c8cc39e51355e5285f66a56f448513a65e7fe7a35937630e3b38",
build	Verify exact curated publication bytes	2026-10-04T17:51:11.3910462Z       "native_body": {
build	Verify exact curated publication bytes	2026-10-04T17:51:11.3910728Z         "sha256": "43c4de7aae0ef388e1bf3f192219e785388a79175ea7be92d1aefc5a9b4df49a",
build	Verify exact curated publication bytes	2026-10-04T17:51:11.3910823Z         "scenes": 5,
build	Verify exact curated publication bytes	2026-10-04T17:51:11.3910918Z         "entities": 15,
build	Verify exact curated publication bytes	2026-10-04T17:51:11.3911247Z         "source_revision": "sha256:43c4de7aae0ef388e1bf3f192219e785388a79175ea7be92d1aefc5a9b4df49a"
build	Verify exact curated publication bytes	2026-10-04T17:51:11.3911334Z       }
build	Verify exact curated publication bytes	2026-10-04T17:51:11.3911421Z     },
build	Verify exact curated publication bytes	2026-10-04T17:51:11.3911504Z     {
build	Verify exact curated publication bytes	2026-10-04T17:51:11.3911783Z       "projection_ref": "projection:return-of-zero:sp-factory-fd-skills:expression",
build	Verify exact curated publication bytes	2026-10-04T17:51:11.3911907Z       "projection_revision": 1,
build	Verify exact curated publication bytes	2026-10-04T17:51:11.3911995Z       "source": {
build	Verify exact curated publication bytes	2026-10-04T17:51:11.3912092Z         "system": "o-i",
build	Verify exact curated publication bytes	2026-10-04T17:51:11.3912235Z         "world_ref": "world:return-of-zero",
build	Verify exact curated publication bytes	2026-10-04T17:51:11.3912423Z         "ref": "expression:return-of-zero:sp-factory-fd-skills",
build	Verify exact curated publication bytes	2026-10-04T17:51:11.3912517Z         "revision": "1"
build	Verify exact curated publication bytes	2026-10-04T17:51:11.3912601Z       },
build	Verify exact curated publication bytes	2026-10-04T17:51:11.3912884Z       "html_sha256": "b38b388b6ac88d81b4cb64b2de1f853995a82c1708ccdb6667967ed9c37f3951",
build	Verify exact curated publication bytes	2026-10-04T17:51:11.3913196Z       "projection_sha256": "fea99cb9b58ad1879670328ebbcde25c79e0dc31f79d28530a6388b6924505cb",
build	Verify exact curated publication bytes	2026-10-04T17:51:11.3913288Z       "native_body": {
build	Verify exact curated publication bytes	2026-10-04T17:51:11.3913548Z         "sha256": "d53117448dc86bb0a46473f3c77dfbe1eb0060c778a19712527052d6db0daffb",
build	Verify exact curated publication bytes	2026-10-04T17:51:11.3913640Z         "scenes": 8,
build	Verify exact curated publication bytes	2026-10-04T17:51:11.3913737Z         "entities": 24,
build	Verify exact curated publication bytes	2026-10-04T17:51:11.3913939Z         "source_revision": "e875344c04c14228840665a91823edc42b078fb2"
build	Verify exact curated publication bytes	2026-10-04T17:51:11.3914027Z       }
build	Verify exact curated publication bytes	2026-10-04T17:51:11.3914109Z     },
build	Verify exact curated publication bytes	2026-10-04T17:51:11.3914195Z     {
build	Verify exact curated publication bytes	2026-10-04T17:51:11.3914468Z       "projection_ref": "projection:return-of-zero:sp-factory-fd-sssf-1:expression",
build	Verify exact curated publication bytes	2026-10-04T17:51:11.3914590Z       "projection_revision": 1,
build	Verify exact curated publication bytes	2026-10-04T17:51:11.3914683Z       "source": {
build	Verify exact curated publication bytes	2026-10-04T17:51:11.3914777Z         "system": "o-i",
build	Verify exact curated publication bytes	2026-10-04T17:51:11.3915125Z         "world_ref": "world:return-of-zero",
build	Verify exact curated publication bytes	2026-10-04T17:51:11.3915333Z         "ref": "expression:return-of-zero:sp-factory-fd-sssf-1",
build	Verify exact curated publication bytes	2026-10-04T17:51:11.3915431Z         "revision": "1"
build	Verify exact curated publication bytes	2026-10-04T17:51:11.3915522Z       },
build	Verify exact curated publication bytes	2026-10-04T17:51:11.3915806Z       "html_sha256": "19ac29a19b87d5d4c2f598a52119be2699041bc9de16d8e5e0932dec966d3a57",
build	Verify exact curated publication bytes	2026-10-04T17:51:11.3916113Z       "projection_sha256": "c56a9fb9b61a1de722a5e34dc35fedc8aa14453748f4f0a3905f750c9164887f",
build	Verify exact curated publication bytes	2026-10-04T17:51:11.3916214Z       "native_body": {
build	Verify exact curated publication bytes	2026-10-04T17:51:11.3916642Z         "sha256": "c6226db5b9a619eeb59381c0bb4f5a94731118046e23a6e02851a6e726c9a318",
build	Verify exact curated publication bytes	2026-10-04T17:51:11.3916736Z         "scenes": 17,
build	Verify exact curated publication bytes	2026-10-04T17:51:11.3916830Z         "entities": 51,
build	Verify exact curated publication bytes	2026-10-04T17:51:11.3917030Z         "source_revision": "e875344c04c14228840665a91823edc42b078fb2"
build	Verify exact curated publication bytes	2026-10-04T17:51:11.3917114Z       }
build	Verify exact curated publication bytes	2026-10-04T17:51:11.3917198Z     },
build	Verify exact curated publication bytes	2026-10-04T17:51:11.3917279Z     {
build	Verify exact curated publication bytes	2026-10-04T17:51:11.3917562Z       "projection_ref": "projection:return-of-zero:sp-factory-fd-sssf-2:expression",
build	Verify exact curated publication bytes	2026-10-04T17:51:11.3917685Z       "projection_revision": 1,
build	Verify exact curated publication bytes	2026-10-04T17:51:11.3917773Z       "source": {
build	Verify exact curated publication bytes	2026-10-04T17:51:11.3917871Z         "system": "o-i",
build	Verify exact curated publication bytes	2026-10-04T17:51:11.3918011Z         "world_ref": "world:return-of-zero",
build	Verify exact curated publication bytes	2026-10-04T17:51:11.3918198Z         "ref": "expression:return-of-zero:sp-factory-fd-sssf-2",
build	Verify exact curated publication bytes	2026-10-04T17:51:11.3918297Z         "revision": "1"
build	Verify exact curated publication bytes	2026-10-04T17:51:11.3918386Z       },
build	Verify exact curated publication bytes	2026-10-04T17:51:11.3918776Z       "html_sha256": "2abd4f7e94156a88e4a700d5d06fa91f719e89859888ce758e45e139c5682a7d",
build	Verify exact curated publication bytes	2026-10-04T17:51:11.3919096Z       "projection_sha256": "6ddfeeca259118f0bde1c1a3600d9e38c720c326ab0288b5fd1bbfd0fe6f1cdf",
build	Verify exact curated publication bytes	2026-10-04T17:51:11.3919193Z       "native_body": {
build	Verify exact curated publication bytes	2026-10-04T17:51:11.3919451Z         "sha256": "4bae4371d50361c6d2d1ed96b1fcf775d4088ea8fd2725a10384cf2fe893f76a",
build	Verify exact curated publication bytes	2026-10-04T17:51:11.3919544Z         "scenes": 9,
build	Verify exact curated publication bytes	2026-10-04T17:51:11.3919638Z         "entities": 27,
build	Verify exact curated publication bytes	2026-10-04T17:51:11.3919834Z         "source_revision": "e875344c04c14228840665a91823edc42b078fb2"
build	Verify exact curated publication bytes	2026-10-04T17:51:11.3919923Z       }
build	Verify exact curated publication bytes	2026-10-04T17:51:11.3920004Z     },
build	Verify exact curated publication bytes	2026-10-04T17:51:11.3920090Z     {
build	Verify exact curated publication bytes	2026-10-04T17:51:11.3920327Z       "projection_ref": "projection:return-of-zero:sp-factory:expression",
build	Verify exact curated publication bytes	2026-10-04T17:51:11.3920448Z       "projection_revision": 1,
build	Verify exact curated publication bytes	2026-10-04T17:51:11.3920540Z       "source": {
build	Verify exact curated publication bytes	2026-10-04T17:51:11.3920636Z         "system": "o-i",
build	Verify exact curated publication bytes	2026-10-04T17:51:11.3920772Z         "world_ref": "world:return-of-zero",
build	Verify exact curated publication bytes	2026-10-04T17:51:11.3920946Z         "ref": "expression:return-of-zero:sp-factory",
build	Verify exact curated publication bytes	2026-10-04T17:51:11.3921044Z         "revision": "1"
build	Verify exact curated publication bytes	2026-10-04T17:51:11.3921126Z       },
build	Verify exact curated publication bytes	2026-10-04T17:51:11.3921408Z       "html_sha256": "8f8c6c414f1dbeed12b78fa999099381527d790f32f8cfbafe9a15851b4feaa8",
build	Verify exact curated publication bytes	2026-10-04T17:51:11.3921716Z       "projection_sha256": "67a16efe92daa08c9a6025e80e9c847d451f95d0ed70fd04511040bdb53036fd",
build	Verify exact curated publication bytes	2026-10-04T17:51:11.3921814Z       "native_body": {
build	Verify exact curated publication bytes	2026-10-04T17:51:11.3922086Z         "sha256": "9b3fffeedd6f60875e37b35c3ac4a8328a4a8590ebdfa111a479c6d8a9baa8f3",
build	Verify exact curated publication bytes	2026-10-04T17:51:11.3922175Z         "scenes": 6,
build	Verify exact curated publication bytes	2026-10-04T17:51:11.3922271Z         "entities": 40,
build	Verify exact curated publication bytes	2026-10-04T17:51:11.3922467Z         "source_revision": "e875344c04c14228840665a91823edc42b078fb2"
build	Verify exact curated publication bytes	2026-10-04T17:51:11.3922549Z       }
build	Verify exact curated publication bytes	2026-10-04T17:51:11.3922636Z     },
build	Verify exact curated publication bytes	2026-10-04T17:51:11.3922721Z     {
build	Verify exact curated publication bytes	2026-10-04T17:51:11.3922932Z       "projection_ref": "projection:return-of-zero:sp-ql:expression",
build	Verify exact curated publication bytes	2026-10-04T17:51:11.3923061Z       "projection_revision": 1,
build	Verify exact curated publication bytes	2026-10-04T17:51:11.3923157Z       "source": {
build	Verify exact curated publication bytes	2026-10-04T17:51:11.3923247Z         "system": "o-i",
build	Verify exact curated publication bytes	2026-10-04T17:51:11.3923384Z         "world_ref": "world:return-of-zero",
build	Verify exact curated publication bytes	2026-10-04T17:51:11.3923537Z         "ref": "expression:return-of-zero:sp-ql",
build	Verify exact curated publication bytes	2026-10-04T17:51:11.3923634Z         "revision": "1"
build	Verify exact curated publication bytes	2026-10-04T17:51:11.3923720Z       },
build	Verify exact curated publication bytes	2026-10-04T17:51:11.3924003Z       "html_sha256": "41556e65f9c5c2db6fec7ad5bcbddc4c0ff180b96d3a2b6762de0f8c353f4be8",
build	Verify exact curated publication bytes	2026-10-04T17:51:11.3924312Z       "projection_sha256": "3e6c426f901cb11fdc6d52233bbd11c50630dd761d2a004fde55c0e1af8496bc",
build	Verify exact curated publication bytes	2026-10-04T17:51:11.3924407Z       "native_body": {
build	Verify exact curated publication bytes	2026-10-04T17:51:11.3924660Z         "sha256": "ff1248f03b74ce5f899e5152212708538a672efc06eb0b0382e2346cbe78647a",
build	Verify exact curated publication bytes	2026-10-04T17:51:11.3924752Z         "scenes": 6,
build	Verify exact curated publication bytes	2026-10-04T17:51:11.3924847Z         "entities": 42,
build	Verify exact curated publication bytes	2026-10-04T17:51:11.3925293Z         "source_revision": "e875344c04c14228840665a91823edc42b078fb2"
build	Verify exact curated publication bytes	2026-10-04T17:51:11.3925391Z       }
build	Verify exact curated publication bytes	2026-10-04T17:51:11.3925616Z     },
build	Verify exact curated publication bytes	2026-10-04T17:51:11.3925700Z     {
build	Verify exact curated publication bytes	2026-10-04T17:51:11.3925964Z       "projection_ref": "projection:return-of-zero:sp-ql-fd-craft:expression",
build	Verify exact curated publication bytes	2026-10-04T17:51:11.3926088Z       "projection_revision": 2,
build	Verify exact curated publication bytes	2026-10-04T17:51:11.3926185Z       "source": {
build	Verify exact curated publication bytes	2026-10-04T17:51:11.3926286Z         "system": "o-i",
build	Verify exact curated publication bytes	2026-10-04T17:51:11.3926427Z         "world_ref": "world:return-of-zero",
build	Verify exact curated publication bytes	2026-10-04T17:51:11.3926610Z         "ref": "expression:return-of-zero:sp-ql-fd-craft",
build	Verify exact curated publication bytes	2026-10-04T17:51:11.3926710Z         "revision": "2"
build	Verify exact curated publication bytes	2026-10-04T17:51:11.3926793Z       },
build	Verify exact curated publication bytes	2026-10-04T17:51:11.3927082Z       "html_sha256": "2437fa0f9a7ce64a0d202ab39ce4c14f8449d9176b6b9c18d53ac6ff0ef9ae10",
build	Verify exact curated publication bytes	2026-10-04T17:51:11.3927393Z       "projection_sha256": "c3e73e003ffa60ee724d377bdb171481e0e8025dea296f8a0033176c29fe6edd",
build	Verify exact curated publication bytes	2026-10-04T17:51:11.3927487Z       "native_body": {
build	Verify exact curated publication bytes	2026-10-04T17:51:11.3927761Z         "sha256": "d4b8098adabc7e604201269003c048c9e4e164cf0da1b1cea6c21238bc31139a",
build	Verify exact curated publication bytes	2026-10-04T17:51:11.3927967Z         "scenes": 9,
build	Verify exact curated publication bytes	2026-10-04T17:51:11.3928065Z         "entities": 25,
build	Verify exact curated publication bytes	2026-10-04T17:51:11.3928400Z         "source_revision": "sha256:d4b8098adabc7e604201269003c048c9e4e164cf0da1b1cea6c21238bc31139a"
build	Verify exact curated publication bytes	2026-10-04T17:51:11.3928483Z       }
build	Verify exact curated publication bytes	2026-10-04T17:51:11.3928569Z     },
build	Verify exact curated publication bytes	2026-10-04T17:51:11.3928653Z     {
build	Verify exact curated publication bytes	2026-10-04T17:51:11.3928916Z       "projection_ref": "projection:return-of-zero:sp-ql-fd-docs-p1:expression",
build	Verify exact curated publication bytes	2026-10-04T17:51:11.3929038Z       "projection_revision": 1,
build	Verify exact curated publication bytes	2026-10-04T17:51:11.3929129Z       "source": {
build	Verify exact curated publication bytes	2026-10-04T17:51:11.3929223Z         "system": "o-i",
build	Verify exact curated publication bytes	2026-10-04T17:51:11.3929366Z         "world_ref": "world:return-of-zero",
build	Verify exact curated publication bytes	2026-10-04T17:51:11.3929553Z         "ref": "expression:return-of-zero:sp-ql-fd-docs-p1",
build	Verify exact curated publication bytes	2026-10-04T17:51:11.3929646Z         "revision": "1"
build	Verify exact curated publication bytes	2026-10-04T17:51:11.3929733Z       },
build	Verify exact curated publication bytes	2026-10-04T17:51:11.3930006Z       "html_sha256": "2c73a430372788ae648cc20218b88cd4049b610632e5cc4a96bb4714eecdd466",
build	Verify exact curated publication bytes	2026-10-04T17:51:11.3930309Z       "projection_sha256": "5035c903608250f5d7e70ed04feb6f131da89c480471361fba3c79814af65a26",
build	Verify exact curated publication bytes	2026-10-04T17:51:11.3930408Z       "native_body": {
build	Verify exact curated publication bytes	2026-10-04T17:51:11.3930672Z         "sha256": "5dda33661d45fdedc5847a486b5fe63e8eafad16a65312499f87d27fbbae545f",
build	Verify exact curated publication bytes	2026-10-04T17:51:11.3930765Z         "scenes": 12,
build	Verify exact curated publication bytes	2026-10-04T17:51:11.3930859Z         "entities": 32,
build	Verify exact curated publication bytes	2026-10-04T17:51:11.3931055Z         "source_revision": "e875344c04c14228840665a91823edc42b078fb2"
build	Verify exact curated publication bytes	2026-10-04T17:51:11.3931141Z       }
build	Verify exact curated publication bytes	2026-10-04T17:51:11.3931228Z     },
build	Verify exact curated publication bytes	2026-10-04T17:51:11.3931309Z     {
build	Verify exact curated publication bytes	2026-10-04T17:51:11.3931568Z       "projection_ref": "projection:return-of-zero:sp-ql-fd-docs-p2:expression",
build	Verify exact curated publication bytes	2026-10-04T17:51:11.3931696Z       "projection_revision": 1,
build	Verify exact curated publication bytes	2026-10-04T17:51:11.3931784Z       "source": {
build	Verify exact curated publication bytes	2026-10-04T17:51:11.3931881Z         "system": "o-i",
build	Verify exact curated publication bytes	2026-10-04T17:51:11.3932019Z         "world_ref": "world:return-of-zero",
build	Verify exact curated publication bytes	2026-10-04T17:51:11.3932199Z         "ref": "expression:return-of-zero:sp-ql-fd-docs-p2",
build	Verify exact curated publication bytes	2026-10-04T17:51:11.3932300Z         "revision": "1"
build	Verify exact curated publication bytes	2026-10-04T17:51:11.3932386Z       },
build	Verify exact curated publication bytes	2026-10-04T17:51:11.3932678Z       "html_sha256": "3af94abacbcf047cc7be7dc2b79213aebd4f3423cbc44c012b3c284e734966cf",
build	Verify exact curated publication bytes	2026-10-04T17:51:11.3932985Z       "projection_sha256": "5e284edb506d05e7c042c5a9225ecb8c7fcc0a3aa503d93506da9c48203f28dc",
build	Verify exact curated publication bytes	2026-10-04T17:51:11.3933077Z       "native_body": {
build	Verify exact curated publication bytes	2026-10-04T17:51:11.3933347Z         "sha256": "cfbba80bc8a73aff6a2f629e7a3c1edf3843e64f72657931cb7b5247420da787",
build	Verify exact curated publication bytes	2026-10-04T17:51:11.3933442Z         "scenes": 12,
build	Verify exact curated publication bytes	2026-10-04T17:51:11.3933532Z         "entities": 37,
build	Verify exact curated publication bytes	2026-10-04T17:51:11.3933738Z         "source_revision": "e875344c04c14228840665a91823edc42b078fb2"
build	Verify exact curated publication bytes	2026-10-04T17:51:11.3933827Z       }
build	Verify exact curated publication bytes	2026-10-04T17:51:11.3933908Z     },
build	Verify exact curated publication bytes	2026-10-04T17:51:11.3933996Z     {
build	Verify exact curated publication bytes	2026-10-04T17:51:11.3934267Z       "projection_ref": "projection:return-of-zero:sp-ql-fd-epi-logos-p1:expression",
build	Verify exact curated publication bytes	2026-10-04T17:51:11.3934392Z       "projection_revision": 1,
build	Verify exact curated publication bytes	2026-10-04T17:51:11.3934483Z       "source": {
build	Verify exact curated publication bytes	2026-10-04T17:51:11.3934580Z         "system": "o-i",
build	Verify exact curated publication bytes	2026-10-04T17:51:11.3934805Z         "world_ref": "world:return-of-zero",
build	Verify exact curated publication bytes	2026-10-04T17:51:11.3935226Z         "ref": "expression:return-of-zero:sp-ql-fd-epi-logos-p1",
build	Verify exact curated publication bytes	2026-10-04T17:51:11.3935328Z         "revision": "1"
build	Verify exact curated publication bytes	2026-10-04T17:51:11.3935414Z       },
build	Verify exact curated publication bytes	2026-10-04T17:51:11.3935703Z       "html_sha256": "0397fdf670094cbff21db4bcac0472b5dd5ddae40db55907c7b337c25195ab8d",
build	Verify exact curated publication bytes	2026-10-04T17:51:11.3936007Z       "projection_sha256": "65b5e4b2905debf2d35afe9c036739b18730759ab6f3349e3353b8935b1d256d",
build	Verify exact curated publication bytes	2026-10-04T17:51:11.3936101Z       "native_body": {
build	Verify exact curated publication bytes	2026-10-04T17:51:11.3936369Z         "sha256": "89da1e796db6a92e503cbe57ee366b5c2c69d3292af4ffc59727fe785980b466",
build	Verify exact curated publication bytes	2026-10-04T17:51:11.3936460Z         "scenes": 11,
build	Verify exact curated publication bytes	2026-10-04T17:51:11.3936555Z         "entities": 24,
build	Verify exact curated publication bytes	2026-10-04T17:51:11.3936754Z         "source_revision": "e875344c04c14228840665a91823edc42b078fb2"
build	Verify exact curated publication bytes	2026-10-04T17:51:11.3936836Z       }
build	Verify exact curated publication bytes	2026-10-04T17:51:11.3936920Z     },
build	Verify exact curated publication bytes	2026-10-04T17:51:11.3937135Z     {
build	Verify exact curated publication bytes	2026-10-04T17:51:11.3937415Z       "projection_ref": "projection:return-of-zero:sp-ql-fd-epi-logos-p2:expression",
build	Verify exact curated publication bytes	2026-10-04T17:51:11.3937543Z       "projection_revision": 1,
build	Verify exact curated publication bytes	2026-10-04T17:51:11.3937632Z       "source": {
build	Verify exact curated publication bytes	2026-10-04T17:51:11.3937736Z         "system": "o-i",
build	Verify exact curated publication bytes	2026-10-04T17:51:11.3937874Z         "world_ref": "world:return-of-zero",
build	Verify exact curated publication bytes	2026-10-04T17:51:11.3938067Z         "ref": "expression:return-of-zero:sp-ql-fd-epi-logos-p2",
build	Verify exact curated publication bytes	2026-10-04T17:51:11.3938162Z         "revision": "1"
build	Verify exact curated publication bytes	2026-10-04T17:51:11.3938247Z       },
build	Verify exact curated publication bytes	2026-10-04T17:51:11.3938521Z       "html_sha256": "127abf22cf2d55b016dcd0693555f220014bc8b162f87336749c2aec35284de1",
build	Verify exact curated publication bytes	2026-10-04T17:51:11.3938828Z       "projection_sha256": "725410ceb220896776bdd928f6129cf72d5ed91ee3ce877eb36fd066b3897e58",
build	Verify exact curated publication bytes	2026-10-04T17:51:11.3938925Z       "native_body": {
build	Verify exact curated publication bytes	2026-10-04T17:51:11.3939190Z         "sha256": "96b8aace0c83c67cb344744bfdcaee1dbeb2b30a035c7be87c0f9615805b62cd",
build	Verify exact curated publication bytes	2026-10-04T17:51:11.3939282Z         "scenes": 11,
build	Verify exact curated publication bytes	2026-10-04T17:51:11.3939379Z         "entities": 32,
build	Verify exact curated publication bytes	2026-10-04T17:51:11.3939578Z         "source_revision": "e875344c04c14228840665a91823edc42b078fb2"
build	Verify exact curated publication bytes	2026-10-04T17:51:11.3939662Z       }
build	Verify exact curated publication bytes	2026-10-04T17:51:11.3939746Z     },
build	Verify exact curated publication bytes	2026-10-04T17:51:11.3939832Z     {
build	Verify exact curated publication bytes	2026-10-04T17:51:11.3940102Z       "projection_ref": "projection:return-of-zero:sp-ql-fd-epi-logos-p3:expression",
build	Verify exact curated publication bytes	2026-10-04T17:51:11.3940219Z       "projection_revision": 1,
build	Verify exact curated publication bytes	2026-10-04T17:51:11.3940310Z       "source": {
build	Verify exact curated publication bytes	2026-10-04T17:51:11.3940407Z         "system": "o-i",
build	Verify exact curated publication bytes	2026-10-04T17:51:11.3940542Z         "world_ref": "world:return-of-zero",
build	Verify exact curated publication bytes	2026-10-04T17:51:11.3940737Z         "ref": "expression:return-of-zero:sp-ql-fd-epi-logos-p3",
build	Verify exact curated publication bytes	2026-10-04T17:51:11.3940831Z         "revision": "1"
build	Verify exact curated publication bytes	2026-10-04T17:51:11.3940916Z       },
build	Verify exact curated publication bytes	2026-10-04T17:51:11.3941192Z       "html_sha256": "9c66abe5507e7ab4d84d2f6b90467c74045c22092746163af2bd5d97637dbc1c",
build	Verify exact curated publication bytes	2026-10-04T17:51:11.3941503Z       "projection_sha256": "a72a9db4629aaadfaae0cad9e78dbb2772a50e222938554f0b915a822cd34e19",
build	Verify exact curated publication bytes	2026-10-04T17:51:11.3941604Z       "native_body": {
build	Verify exact curated publication bytes	2026-10-04T17:51:11.3941861Z         "sha256": "31221a83dbc5179e1dd745573758a779d717b5c663d1e409427a07e05250d2b9",
build	Verify exact curated publication bytes	2026-10-04T17:51:11.3941951Z         "scenes": 11,
build	Verify exact curated publication bytes	2026-10-04T17:51:11.3942046Z         "entities": 28,
build	Verify exact curated publication bytes	2026-10-04T17:51:11.3942240Z         "source_revision": "e875344c04c14228840665a91823edc42b078fb2"
build	Verify exact curated publication bytes	2026-10-04T17:51:11.3942324Z       }
build	Verify exact curated publication bytes	2026-10-04T17:51:11.3942408Z     },
build	Verify exact curated publication bytes	2026-10-04T17:51:11.3942494Z     {
build	Verify exact curated publication bytes	2026-10-04T17:51:11.3942760Z       "projection_ref": "projection:return-of-zero:sp-ql-fd-epi-logos-p4:expression",
build	Verify exact curated publication bytes	2026-10-04T17:51:11.3942882Z       "projection_revision": 1,
build	Verify exact curated publication bytes	2026-10-04T17:51:11.3942973Z       "source": {
build	Verify exact curated publication bytes	2026-10-04T17:51:11.3943066Z         "system": "o-i",
build	Verify exact curated publication bytes	2026-10-04T17:51:11.3943205Z         "world_ref": "world:return-of-zero",
build	Verify exact curated publication bytes	2026-10-04T17:51:11.3943394Z         "ref": "expression:return-of-zero:sp-ql-fd-epi-logos-p4",
build	Verify exact curated publication bytes	2026-10-04T17:51:11.3943490Z         "revision": "1"
build	Verify exact curated publication bytes	2026-10-04T17:51:11.3943576Z       },
build	Verify exact curated publication bytes	2026-10-04T17:51:11.3943853Z       "html_sha256": "f93e8e47ad75f3b26b176f47ee6ee7e52b48d77310b1e6e1d544c96c314104aa",
build	Verify exact curated publication bytes	2026-10-04T17:51:11.3944285Z       "projection_sha256": "53dadf842e8530be9fecbd44c140157c61d14add2351ad75da28917208ebba5a",
build	Verify exact curated publication bytes	2026-10-04T17:51:11.3944378Z       "native_body": {
build	Verify exact curated publication bytes	2026-10-04T17:51:11.3944648Z         "sha256": "86bea6babd4c5b3b5e0ed7624c6b2b2cedbf50997fb7efa609c4d0bd27ff0de3",
build	Verify exact curated publication bytes	2026-10-04T17:51:11.3944742Z         "scenes": 10,
build	Verify exact curated publication bytes	2026-10-04T17:51:11.3944835Z         "entities": 41,
build	Verify exact curated publication bytes	2026-10-04T17:51:11.3945318Z         "source_revision": "e875344c04c14228840665a91823edc42b078fb2"
build	Verify exact curated publication bytes	2026-10-04T17:51:11.3945417Z       }
build	Verify exact curated publication bytes	2026-10-04T17:51:11.3945510Z     },
build	Verify exact curated publication bytes	2026-10-04T17:51:11.3945594Z     {
build	Verify exact curated publication bytes	2026-10-04T17:51:11.3945871Z       "projection_ref": "projection:return-of-zero:sp-ql-fd-fixtures:expression",
build	Verify exact curated publication bytes	2026-10-04T17:51:11.3945993Z       "projection_revision": 1,
build	Verify exact curated publication bytes	2026-10-04T17:51:11.3946090Z       "source": {
build	Verify exact curated publication bytes	2026-10-04T17:51:11.3946191Z         "system": "o-i",
build	Verify exact curated publication bytes	2026-10-04T17:51:11.3946332Z         "world_ref": "world:return-of-zero",
build	Verify exact curated publication bytes	2026-10-04T17:51:11.3946674Z         "ref": "expression:return-of-zero:sp-ql-fd-fixtures",
build	Verify exact curated publication bytes	2026-10-04T17:51:11.3946779Z         "revision": "1"
build	Verify exact curated publication bytes	2026-10-04T17:51:11.3946864Z       },
build	Verify exact curated publication bytes	2026-10-04T17:51:11.3947161Z       "html_sha256": "06ae1c22a1a436b3d6b4ad4908a5e5523db9dcc7ee4fd7b9a44ccee9b6cc8cdb",
build	Verify exact curated publication bytes	2026-10-04T17:51:11.3947485Z       "projection_sha256": "7e6cba6b5e6ec7de307fcbf7aa902c3821a8359f4f3c33eee38d99c8361447e7",
build	Verify exact curated publication bytes	2026-10-04T17:51:11.3947580Z       "native_body": {
build	Verify exact curated publication bytes	2026-10-04T17:51:11.3947855Z         "sha256": "ceeac5dfa8894614962a44f06f8440d0808cd07d4b06c17274798444ce00f716",
build	Verify exact curated publication bytes	2026-10-04T17:51:11.3947950Z         "scenes": 10,
build	Verify exact curated publication bytes	2026-10-04T17:51:11.3948043Z         "entities": 45,
build	Verify exact curated publication bytes	2026-10-04T17:51:11.3948247Z         "source_revision": "e875344c04c14228840665a91823edc42b078fb2"
build	Verify exact curated publication bytes	2026-10-04T17:51:11.3948328Z       }
build	Verify exact curated publication bytes	2026-10-04T17:51:11.3948413Z     },
build	Verify exact curated publication bytes	2026-10-04T17:51:11.3948497Z     {
build	Verify exact curated publication bytes	2026-10-04T17:51:11.3948768Z       "projection_ref": "projection:return-of-zero:sp-ql-fd-geometry:expression",
build	Verify exact curated publication bytes	2026-10-04T17:51:11.3948898Z       "projection_revision": 1,
build	Verify exact curated publication bytes	2026-10-04T17:51:11.3948993Z       "source": {
build	Verify exact curated publication bytes	2026-10-04T17:51:11.3949087Z         "system": "o-i",
build	Verify exact curated publication bytes	2026-10-04T17:51:11.3949232Z         "world_ref": "world:return-of-zero",
build	Verify exact curated publication bytes	2026-10-04T17:51:11.3949424Z         "ref": "expression:return-of-zero:sp-ql-fd-geometry",
build	Verify exact curated publication bytes	2026-10-04T17:51:11.3949517Z         "revision": "1"
build	Verify exact curated publication bytes	2026-10-04T17:51:11.3949605Z       },
build	Verify exact curated publication bytes	2026-10-04T17:51:11.3949879Z       "html_sha256": "0a53053e953b8988214a978ae82c9e14a8c45f11b715fce7e11b97c15e731e36",
build	Verify exact curated publication bytes	2026-10-04T17:51:11.3950188Z       "projection_sha256": "4593e8dac84734e46ee736293a1e9570eac1f21a805746e45b8a0027b265ab0c",
build	Verify exact curated publication bytes	2026-10-04T17:51:11.3950285Z       "native_body": {
build	Verify exact curated publication bytes	2026-10-04T17:51:11.3950557Z         "sha256": "afc10c63feeef15d9f27a77ff33f98a164369af3057cdc9feced842f8636c5bb",
build	Verify exact curated publication bytes	2026-10-04T17:51:11.3950653Z         "scenes": 5,
build	Verify exact curated publication bytes	2026-10-04T17:51:11.3950751Z         "entities": 17,
build	Verify exact curated publication bytes	2026-10-04T17:51:11.3950948Z         "source_revision": "e875344c04c14228840665a91823edc42b078fb2"
build	Verify exact curated publication bytes	2026-10-04T17:51:11.3951044Z       }
build	Verify exact curated publication bytes	2026-10-04T17:51:11.3951133Z     },
build	Verify exact curated publication bytes	2026-10-04T17:51:11.3951217Z     {
build	Verify exact curated publication bytes	2026-10-04T17:51:11.3951480Z       "projection_ref": "projection:return-of-zero:sp-ql-fd-ground:expression",
build	Verify exact curated publication bytes	2026-10-04T17:51:11.3951608Z       "projection_revision": 1,
build	Verify exact curated publication bytes	2026-10-04T17:51:11.3951699Z       "source": {
build	Verify exact curated publication bytes	2026-10-04T17:51:11.3951800Z         "system": "o-i",
build	Verify exact curated publication bytes	2026-10-04T17:51:11.3951941Z         "world_ref": "world:return-of-zero",
build	Verify exact curated publication bytes	2026-10-04T17:51:11.3952124Z         "ref": "expression:return-of-zero:sp-ql-fd-ground",
build	Verify exact curated publication bytes	2026-10-04T17:51:11.3952225Z         "revision": "1"
build	Verify exact curated publication bytes	2026-10-04T17:51:11.3952310Z       },
build	Verify exact curated publication bytes	2026-10-04T17:51:11.3952595Z       "html_sha256": "661333ed0ff9bc130a1148b3f852db6def97ef3ba79ae38b3d3d1bc2464916ce",
build	Verify exact curated publication bytes	2026-10-04T17:51:11.3952910Z       "projection_sha256": "dbbd116c9d7cc0d459f6723a205d7c57f827447aaf6297e9726e7bb33b8c544e",
build	Verify exact curated publication bytes	2026-10-04T17:51:11.3953004Z       "native_body": {
build	Verify exact curated publication bytes	2026-10-04T17:51:11.3953275Z         "sha256": "30f49a860da8b8a3e6e03639b5124a471b42b92feae1244c1a24cff064fd2fc1",
build	Verify exact curated publication bytes	2026-10-04T17:51:11.3953493Z         "scenes": 5,
build	Verify exact curated publication bytes	2026-10-04T17:51:11.3953588Z         "entities": 20,
build	Verify exact curated publication bytes	2026-10-04T17:51:11.3953792Z         "source_revision": "e875344c04c14228840665a91823edc42b078fb2"
build	Verify exact curated publication bytes	2026-10-04T17:51:11.3953881Z       }
build	Verify exact curated publication bytes	2026-10-04T17:51:11.3953964Z     },
build	Verify exact curated publication bytes	2026-10-04T17:51:11.3954053Z     {
build	Verify exact curated publication bytes	2026-10-04T17:51:11.3954356Z       "projection_ref": "projection:return-of-zero:sp-ql-fd-kernel-rebuild-p1:expression",
build	Verify exact curated publication bytes	2026-10-04T17:51:11.3954485Z       "projection_revision": 1,
build	Verify exact curated publication bytes	2026-10-04T17:51:11.3954582Z       "source": {
build	Verify exact curated publication bytes	2026-10-04T17:51:11.3954677Z         "system": "o-i",
build	Verify exact curated publication bytes	2026-10-04T17:51:11.3954823Z         "world_ref": "world:return-of-zero",
build	Verify exact curated publication bytes	2026-10-04T17:51:11.3955312Z         "ref": "expression:return-of-zero:sp-ql-fd-kernel-rebuild-p1",
build	Verify exact curated publication bytes	2026-10-04T17:51:11.3955415Z         "revision": "1"
build	Verify exact curated publication bytes	2026-10-04T17:51:11.3955510Z       },
build	Verify exact curated publication bytes	2026-10-04T17:51:11.3955786Z       "html_sha256": "62316e1b065364063e1466eed06c1b4185263557287d93b146d0116258829900",
build	Verify exact curated publication bytes	2026-10-04T17:51:11.3956224Z       "projection_sha256": "5a56bcc03509e38b47e87f35263de3153be58da025c30b8685620a1e5546a0f0",
build	Verify exact curated publication bytes	2026-10-04T17:51:11.3956332Z       "native_body": {
build	Verify exact curated publication bytes	2026-10-04T17:51:11.3956611Z         "sha256": "cabf9c080aed98f3256cf6faf5efe045ba5f45c0f27d2992ae605ee686bd5880",
build	Verify exact curated publication bytes	2026-10-04T17:51:11.3956705Z         "scenes": 10,
build	Verify exact curated publication bytes	2026-10-04T17:51:11.3956804Z         "entities": 44,
build	Verify exact curated publication bytes	2026-10-04T17:51:11.3957006Z         "source_revision": "e875344c04c14228840665a91823edc42b078fb2"
build	Verify exact curated publication bytes	2026-10-04T17:51:11.3957092Z       }
build	Verify exact curated publication bytes	2026-10-04T17:51:11.3957180Z     },
build	Verify exact curated publication bytes	2026-10-04T17:51:11.3957262Z     {
build	Verify exact curated publication bytes	2026-10-04T17:51:11.3957568Z       "projection_ref": "projection:return-of-zero:sp-ql-fd-kernel-rebuild-p2:expression",
build	Verify exact curated publication bytes	2026-10-04T17:51:11.3957697Z       "projection_revision": 1,
build	Verify exact curated publication bytes	2026-10-04T17:51:11.3957788Z       "source": {
build	Verify exact curated publication bytes	2026-10-04T17:51:11.3957889Z         "system": "o-i",
build	Verify exact curated publication bytes	2026-10-04T17:51:11.3958037Z         "world_ref": "world:return-of-zero",
build	Verify exact curated publication bytes	2026-10-04T17:51:11.3958253Z         "ref": "expression:return-of-zero:sp-ql-fd-kernel-rebuild-p2",
build	Verify exact curated publication bytes	2026-10-04T17:51:11.3958359Z         "revision": "1"
build	Verify exact curated publication bytes	2026-10-04T17:51:11.3958454Z       },
build	Verify exact curated publication bytes	2026-10-04T17:51:11.3958731Z       "html_sha256": "ad18da195ec19310b5588ea659271005fe555ff7a1584e831fd31b586936a29d",
build	Verify exact curated publication bytes	2026-10-04T17:51:11.3959044Z       "projection_sha256": "4cc2f14e92fee174a90da785decda16871b945b23f0162bcc070b608376249f4",
build	Verify exact curated publication bytes	2026-10-04T17:51:11.3959146Z       "native_body": {
build	Verify exact curated publication bytes	2026-10-04T17:51:11.3959403Z         "sha256": "7fdc050d9ad4212338b50fbc6383bc71007548c3c49971a8c7f51d4c01023801",
build	Verify exact curated publication bytes	2026-10-04T17:51:11.3959503Z         "scenes": 10,
build	Verify exact curated publication bytes	2026-10-04T17:51:11.3959596Z         "entities": 37,
build	Verify exact curated publication bytes	2026-10-04T17:51:11.3959795Z         "source_revision": "e875344c04c14228840665a91823edc42b078fb2"
build	Verify exact curated publication bytes	2026-10-04T17:51:11.3959883Z       }
build	Verify exact curated publication bytes	2026-10-04T17:51:11.3959965Z     },
build	Verify exact curated publication bytes	2026-10-04T17:51:11.3960051Z     {
build	Verify exact curated publication bytes	2026-10-04T17:51:11.3960349Z       "projection_ref": "projection:return-of-zero:sp-ql-fd-kernel-rebuild-p3:expression",
build	Verify exact curated publication bytes	2026-10-04T17:51:11.3960466Z       "projection_revision": 1,
build	Verify exact curated publication bytes	2026-10-04T17:51:11.3960562Z       "source": {
build	Verify exact curated publication bytes	2026-10-04T17:51:11.3960665Z         "system": "o-i",
build	Verify exact curated publication bytes	2026-10-04T17:51:11.3960803Z         "world_ref": "world:return-of-zero",
build	Verify exact curated publication bytes	2026-10-04T17:51:11.3961016Z         "ref": "expression:return-of-zero:sp-ql-fd-kernel-rebuild-p3",
build	Verify exact curated publication bytes	2026-10-04T17:51:11.3961114Z         "revision": "1"
build	Verify exact curated publication bytes	2026-10-04T17:51:11.3961197Z       },
build	Verify exact curated publication bytes	2026-10-04T17:51:11.3961468Z       "html_sha256": "3970735701c81d38e9692f8b1623374109617eaac09b8762c07d86b0aed83d36",
build	Verify exact curated publication bytes	2026-10-04T17:51:11.3961777Z       "projection_sha256": "6e8f3cf7027f077aaf5b765eeb68100dac3c43fd6a88c3c0727447dc407b7110",
build	Verify exact curated publication bytes	2026-10-04T17:51:11.3961874Z       "native_body": {
build	Verify exact curated publication bytes	2026-10-04T17:51:11.3962133Z         "sha256": "2a8d119ee3246b752d1ccc50746603c25793870cd57576134bea6f145764d8e7",
build	Verify exact curated publication bytes	2026-10-04T17:51:11.3962224Z         "scenes": 8,
build	Verify exact curated publication bytes	2026-10-04T17:51:11.3962322Z         "entities": 33,
build	Verify exact curated publication bytes	2026-10-04T17:51:11.3962517Z         "source_revision": "e875344c04c14228840665a91823edc42b078fb2"
build	Verify exact curated publication bytes	2026-10-04T17:51:11.3962599Z       }
build	Verify exact curated publication bytes	2026-10-04T17:51:11.3962688Z     },
build	Verify exact curated publication bytes	2026-10-04T17:51:11.3962893Z     {
build	Verify exact curated publication bytes	2026-10-04T17:51:11.3963163Z       "projection_ref": "projection:return-of-zero:sp-ql-fd-periphery:expression",
build	Verify exact curated publication bytes	2026-10-04T17:51:11.3963288Z       "projection_revision": 1,
build	Verify exact curated publication bytes	2026-10-04T17:51:11.3963381Z       "source": {
build	Verify exact curated publication bytes	2026-10-04T17:51:11.3963476Z         "system": "o-i",
build	Verify exact curated publication bytes	2026-10-04T17:51:11.3963618Z         "world_ref": "world:return-of-zero",
build	Verify exact curated publication bytes	2026-10-04T17:51:11.3963811Z         "ref": "expression:return-of-zero:sp-ql-fd-periphery",
build	Verify exact curated publication bytes	2026-10-04T17:51:11.3963910Z         "revision": "1"
build	Verify exact curated publication bytes	2026-10-04T17:51:11.3963998Z       },
build	Verify exact curated publication bytes	2026-10-04T17:51:11.3964274Z       "html_sha256": "8674405a222afe2d6fd107fdb2321e9bfc02e516d7d7285fdc58605290a243ec",
build	Verify exact curated publication bytes	2026-10-04T17:51:11.3964587Z       "projection_sha256": "d1f93890b5fedfb4730e6616a7d82030ceee16dafb789dfd1f16ccab7401f984",
build	Verify exact curated publication bytes	2026-10-04T17:51:11.3964684Z       "native_body": {
build	Verify exact curated publication bytes	2026-10-04T17:51:11.3965064Z         "sha256": "de22381f2810128e7814add84b5c406561fcc5344fae09faa00297a190975478",
build	Verify exact curated publication bytes	2026-10-04T17:51:11.3965166Z         "scenes": 6,
build	Verify exact curated publication bytes	2026-10-04T17:51:11.3965385Z         "entities": 31,
build	Verify exact curated publication bytes	2026-10-04T17:51:11.3965579Z         "source_revision": "e875344c04c14228840665a91823edc42b078fb2"
build	Verify exact curated publication bytes	2026-10-04T17:51:11.3965670Z       }
build	Verify exact curated publication bytes	2026-10-04T17:51:11.3965759Z     },
build	Verify exact curated publication bytes	2026-10-04T17:51:11.3965841Z     {
build	Verify exact curated publication bytes	2026-10-04T17:51:11.3966100Z       "projection_ref": "projection:return-of-zero:sp-ql-fd-skills:expression",
build	Verify exact curated publication bytes	2026-10-04T17:51:11.3966220Z       "projection_revision": 1,
build	Verify exact curated publication bytes	2026-10-04T17:51:11.3966315Z       "source": {
build	Verify exact curated publication bytes	2026-10-04T17:51:11.3966415Z         "system": "o-i",
build	Verify exact curated publication bytes	2026-10-04T17:51:11.3966553Z         "world_ref": "world:return-of-zero",
build	Verify exact curated publication bytes	2026-10-04T17:51:11.3966731Z         "ref": "expression:return-of-zero:sp-ql-fd-skills",
build	Verify exact curated publication bytes	2026-10-04T17:51:11.3966831Z         "revision": "1"
build	Verify exact curated publication bytes	2026-10-04T17:51:11.3966913Z       },
build	Verify exact curated publication bytes	2026-10-04T17:51:11.3967192Z       "html_sha256": "697614272215fef8a011301fdd338bb7cb77d19a19f6febdf7cb030934231d82",
build	Verify exact curated publication bytes	2026-10-04T17:51:11.3967509Z       "projection_sha256": "6bd4493509de2e287b8fe040f22ea37cb5c148a4b7c1af72087ddfb471d5950c",
build	Verify exact curated publication bytes	2026-10-04T17:51:11.3967610Z       "native_body": {
build	Verify exact curated publication bytes	2026-10-04T17:51:11.3967877Z         "sha256": "a112276ede96008dad6f9b072e16fc37b146da97c0ad1ebd7d0a1328c61fc935",
build	Verify exact curated publication bytes	2026-10-04T17:51:11.3967971Z         "scenes": 8,
build	Verify exact curated publication bytes	2026-10-04T17:51:11.3968065Z         "entities": 42,
build	Verify exact curated publication bytes	2026-10-04T17:51:11.3968266Z         "source_revision": "e875344c04c14228840665a91823edc42b078fb2"
build	Verify exact curated publication bytes	2026-10-04T17:51:11.3968350Z       }
build	Verify exact curated publication bytes	2026-10-04T17:51:11.3968441Z     },
build	Verify exact curated publication bytes	2026-10-04T17:51:11.3968528Z     {
build	Verify exact curated publication bytes	2026-10-04T17:51:11.3968843Z       "projection_ref": "projection:return-of-zero:sp-workcell-docs-connectivity:expression",
build	Verify exact curated publication bytes	2026-10-04T17:51:11.3968970Z       "projection_revision": 1,
build	Verify exact curated publication bytes	2026-10-04T17:51:11.3969066Z       "source": {
build	Verify exact curated publication bytes	2026-10-04T17:51:11.3969161Z         "system": "o-i",
build	Verify exact curated publication bytes	2026-10-04T17:51:11.3969303Z         "world_ref": "world:return-of-zero",
build	Verify exact curated publication bytes	2026-10-04T17:51:11.3969540Z         "ref": "expression:return-of-zero:sp-workcell-docs-connectivity",
build	Verify exact curated publication bytes	2026-10-04T17:51:11.3969636Z         "revision": "1"
build	Verify exact curated publication bytes	2026-10-04T17:51:11.3969733Z       },
build	Verify exact curated publication bytes	2026-10-04T17:51:11.3970017Z       "html_sha256": "dbc70469e72c6bfd2c62de03bf5bacca880679815f9bf4005238f3f9f612124b",
build	Verify exact curated publication bytes	2026-10-04T17:51:11.3970329Z       "projection_sha256": "4538db8a65c83fd6b32b4822773743cb8927fd7b36e15dd6c151ea6ce93018d7",
build	Verify exact curated publication bytes	2026-10-04T17:51:11.3970432Z       "native_body": {
build	Verify exact curated publication bytes	2026-10-04T17:51:11.3970692Z         "sha256": "e2df7ab779d9d4f0469205430cab0431a9db799514a8142902685fea0f88a6fd",
build	Verify exact curated publication bytes	2026-10-04T17:51:11.3970787Z         "scenes": 5,
build	Verify exact curated publication bytes	2026-10-04T17:51:11.3970886Z         "entities": 28,
build	Verify exact curated publication bytes	2026-10-04T17:51:11.3971079Z         "source_revision": "e875344c04c14228840665a91823edc42b078fb2"
build	Verify exact curated publication bytes	2026-10-04T17:51:11.3971172Z       }
build	Verify exact curated publication bytes	2026-10-04T17:51:11.3971261Z     },
build	Verify exact curated publication bytes	2026-10-04T17:51:11.3971345Z     {
build	Verify exact curated publication bytes	2026-10-04T17:51:11.3971657Z       "projection_ref": "projection:return-of-zero:sp-workcell-docs-operations:expression",
build	Verify exact curated publication bytes	2026-10-04T17:51:11.3971784Z       "projection_revision": 1,
build	Verify exact curated publication bytes	2026-10-04T17:51:11.3971875Z       "source": {
build	Verify exact curated publication bytes	2026-10-04T17:51:11.3971977Z         "system": "o-i",
build	Verify exact curated publication bytes	2026-10-04T17:51:11.3972123Z         "world_ref": "world:return-of-zero",
build	Verify exact curated publication bytes	2026-10-04T17:51:11.3972462Z         "ref": "expression:return-of-zero:sp-workcell-docs-operations",
build	Verify exact curated publication bytes	2026-10-04T17:51:11.3972563Z         "revision": "1"
build	Verify exact curated publication bytes	2026-10-04T17:51:11.3972647Z       },
build	Verify exact curated publication bytes	2026-10-04T17:51:11.3972931Z       "html_sha256": "e128925e6e687dfcab61e58bc283d7406ad5fd52b366fad1a7510f3073fd8804",
build	Verify exact curated publication bytes	2026-10-04T17:51:11.3973236Z       "projection_sha256": "58b22f69b7d8c1ef3c07c4c4d2505f4d0142b5c09f0b8066ea6334da0c9a4c97",
build	Verify exact curated publication bytes	2026-10-04T17:51:11.3973329Z       "native_body": {
build	Verify exact curated publication bytes	2026-10-04T17:51:11.3973592Z         "sha256": "77a92d8f54a6a38fafb0949b73cd2f05f2249b74c3883f05d96d8153813a64a0",
build	Verify exact curated publication bytes	2026-10-04T17:51:11.3973692Z         "scenes": 3,
build	Verify exact curated publication bytes	2026-10-04T17:51:11.3973785Z         "entities": 17,
build	Verify exact curated publication bytes	2026-10-04T17:51:11.3973986Z         "source_revision": "e875344c04c14228840665a91823edc42b078fb2"
build	Verify exact curated publication bytes	2026-10-04T17:51:11.3974074Z       }
build	Verify exact curated publication bytes	2026-10-04T17:51:11.3974156Z     },
build	Verify exact curated publication bytes	2026-10-04T17:51:11.3974244Z     {
build	Verify exact curated publication bytes	2026-10-04T17:51:11.3974544Z       "projection_ref": "projection:return-of-zero:sp-workcell-docs-platform:expression",
build	Verify exact curated publication bytes	2026-10-04T17:51:11.3974749Z       "projection_revision": 1,
build	Verify exact curated publication bytes	2026-10-04T17:51:11.3974849Z       "source": {
build	Verify exact curated publication bytes	2026-10-04T17:51:11.3975188Z         "system": "o-i",
build	Verify exact curated publication bytes	2026-10-04T17:51:11.3975340Z         "world_ref": "world:return-of-zero",
build	Verify exact curated publication bytes	2026-10-04T17:51:11.3975562Z         "ref": "expression:return-of-zero:sp-workcell-docs-platform",
build	Verify exact curated publication bytes	2026-10-04T17:51:11.3975661Z         "revision": "1"
build	Verify exact curated publication bytes	2026-10-04T17:51:11.3975755Z       },
build	Verify exact curated publication bytes	2026-10-04T17:51:11.3976041Z       "html_sha256": "48eed204d62298982c40bddd9e98d3c3e4da38cf3a665e504509b8e072a7e8a9",
build	Verify exact curated publication bytes	2026-10-04T17:51:11.3976347Z       "projection_sha256": "b83b76aa08871da51ff77418f55f9399b10d396f84b8fbdd63c3ad70a3ff5977",
build	Verify exact curated publication bytes	2026-10-04T17:51:11.3976447Z       "native_body": {
build	Verify exact curated publication bytes	2026-10-04T17:51:11.3976716Z         "sha256": "d000bd61273a0e3ec4366db0b8d0acd80af67c11897e2de1518003278d630924",
build	Verify exact curated publication bytes	2026-10-04T17:51:11.3976811Z         "scenes": 6,
build	Verify exact curated publication bytes	2026-10-04T17:51:11.3976910Z         "entities": 31,
build	Verify exact curated publication bytes	2026-10-04T17:51:11.3977117Z         "source_revision": "e875344c04c14228840665a91823edc42b078fb2"
build	Verify exact curated publication bytes	2026-10-04T17:51:11.3977208Z       }
build	Verify exact curated publication bytes	2026-10-04T17:51:11.3977297Z     },
build	Verify exact curated publication bytes	2026-10-04T17:51:11.3977388Z     {
build	Verify exact curated publication bytes	2026-10-04T17:51:11.3977678Z       "projection_ref": "projection:return-of-zero:sp-workcell-docs-sources:expression",
build	Verify exact curated publication bytes	2026-10-04T17:51:11.3977803Z       "projection_revision": 1,
build	Verify exact curated publication bytes	2026-10-04T17:51:11.3977897Z       "source": {
build	Verify exact curated publication bytes	2026-10-04T17:51:11.3977999Z         "system": "o-i",
build	Verify exact curated publication bytes	2026-10-04T17:51:11.3978145Z         "world_ref": "world:return-of-zero",
build	Verify exact curated publication bytes	2026-10-04T17:51:11.3978353Z         "ref": "expression:return-of-zero:sp-workcell-docs-sources",
build	Verify exact curated publication bytes	2026-10-04T17:51:11.3978452Z         "revision": "1"
build	Verify exact curated publication bytes	2026-10-04T17:51:11.3978541Z       },
build	Verify exact curated publication bytes	2026-10-04T17:51:11.3978816Z       "html_sha256": "69c714717efcc68a105745d836ec59d6cfb358da668e8bc61774060d31e56ff0",
build	Verify exact curated publication bytes	2026-10-04T17:51:11.3979126Z       "projection_sha256": "aa9388a39b1a040767b8e883ad3ad1e8ae8049cc8b114dcf4cba87cb98e86d3a",
build	Verify exact curated publication bytes	2026-10-04T17:51:11.3979228Z       "native_body": {
build	Verify exact curated publication bytes	2026-10-04T17:51:11.3979497Z         "sha256": "58d57fbe037e8091ff1dc49e6f818e0cc15b38f002279fd5adfdc66a0ffc0f56",
build	Verify exact curated publication bytes	2026-10-04T17:51:11.3979592Z         "scenes": 3,
build	Verify exact curated publication bytes	2026-10-04T17:51:11.3979689Z         "entities": 18,
build	Verify exact curated publication bytes	2026-10-04T17:51:11.3979882Z         "source_revision": "e875344c04c14228840665a91823edc42b078fb2"
build	Verify exact curated publication bytes	2026-10-04T17:51:11.3979972Z       }
build	Verify exact curated publication bytes	2026-10-04T17:51:11.3980057Z     },
build	Verify exact curated publication bytes	2026-10-04T17:51:11.3980148Z     {
build	Verify exact curated publication bytes	2026-10-04T17:51:11.3980454Z       "projection_ref": "projection:return-of-zero:sp-workcell-projectcentral:expression",
build	Verify exact curated publication bytes	2026-10-04T17:51:11.3980575Z       "projection_revision": 1,
build	Verify exact curated publication bytes	2026-10-04T17:51:11.3980675Z       "source": {
build	Verify exact curated publication bytes	2026-10-04T17:51:11.3980774Z         "system": "o-i",
build	Verify exact curated publication bytes	2026-10-04T17:51:11.3980913Z         "world_ref": "world:return-of-zero",
build	Verify exact curated publication bytes	2026-10-04T17:51:11.3981134Z         "ref": "expression:return-of-zero:sp-workcell-projectcentral",
build	Verify exact curated publication bytes	2026-10-04T17:51:11.3981234Z         "revision": "1"
build	Verify exact curated publication bytes	2026-10-04T17:51:11.3981318Z       },
build	Verify exact curated publication bytes	2026-10-04T17:51:11.3981601Z       "html_sha256": "f6030929913cc441a0cce1fe1231b3bca3ed42ee200692a7b1cc8fe4f534ee5b",
build	Verify exact curated publication bytes	2026-10-04T17:51:11.3982042Z       "projection_sha256": "939d13b63e51cb859b1ab5d4271d7229b2356cf924a2229756d772d8be226c8e",
build	Verify exact curated publication bytes	2026-10-04T17:51:11.3982146Z       "native_body": {
build	Verify exact curated publication bytes	2026-10-04T17:51:11.3982409Z         "sha256": "5bd3c91958b1753092ca72c7f83f526968027712480c9681e9d0dd478d8e4407",
build	Verify exact curated publication bytes	2026-10-04T17:51:11.3982500Z         "scenes": 4,
build	Verify exact curated publication bytes	2026-10-04T17:51:11.3982598Z         "entities": 18,
build	Verify exact curated publication bytes	2026-10-04T17:51:11.3982800Z         "source_revision": "e875344c04c14228840665a91823edc42b078fb2"
build	Verify exact curated publication bytes	2026-10-04T17:51:11.3982884Z       }
build	Verify exact curated publication bytes	2026-10-04T17:51:11.3982973Z     },
build	Verify exact curated publication bytes	2026-10-04T17:51:11.3983100Z     {
build	Verify exact curated publication bytes	2026-10-04T17:51:11.3983400Z       "projection_ref": "projection:return-of-zero:sp-workcell-sdk-and-skills:expression",
build	Verify exact curated publication bytes	2026-10-04T17:51:11.3983526Z       "projection_revision": 1,
build	Verify exact curated publication bytes	2026-10-04T17:51:11.3983626Z       "source": {
build	Verify exact curated publication bytes	2026-10-04T17:51:11.3983722Z         "system": "o-i",
build	Verify exact curated publication bytes	2026-10-04T17:51:11.3983863Z         "world_ref": "world:return-of-zero",
build	Verify exact curated publication bytes	2026-10-04T17:51:11.3984196Z         "ref": "expression:return-of-zero:sp-workcell-sdk-and-skills",
build	Verify exact curated publication bytes	2026-10-04T17:51:11.3984300Z         "revision": "1"
build	Verify exact curated publication bytes	2026-10-04T17:51:11.3984390Z       },
build	Verify exact curated publication bytes	2026-10-04T17:51:11.3984671Z       "html_sha256": "1d1f09dae15339874ffbe3ba0ca7443db9b4b0118769cf7d9355e1d9b4085a82",
build	Verify exact curated publication bytes	2026-10-04T17:51:11.3985115Z       "projection_sha256": "0c659b8fb65989d46f0965b9093dc5ce3d4400a2917699ccada645817057abab",
build	Verify exact curated publication bytes	2026-10-04T17:51:11.3985222Z       "native_body": {
build	Verify exact curated publication bytes	2026-10-04T17:51:11.3985484Z         "sha256": "63684c57a780b2d81b117bc02a05d9651ba32b6156f3c182ac956cff5945b9bf",
build	Verify exact curated publication bytes	2026-10-04T17:51:11.3985581Z         "scenes": 3,
build	Verify exact curated publication bytes	2026-10-04T17:51:11.3985684Z         "entities": 13,
build	Verify exact curated publication bytes	2026-10-04T17:51:11.3985880Z         "source_revision": "e875344c04c14228840665a91823edc42b078fb2"
build	Verify exact curated publication bytes	2026-10-04T17:51:11.3985969Z       }
build	Verify exact curated publication bytes	2026-10-04T17:51:11.3986057Z     },
build	Verify exact curated publication bytes	2026-10-04T17:51:11.3986141Z     {
build	Verify exact curated publication bytes	2026-10-04T17:51:11.3986389Z       "projection_ref": "projection:return-of-zero:sp-workcell:expression",
build	Verify exact curated publication bytes	2026-10-04T17:51:11.3986513Z       "projection_revision": 1,
build	Verify exact curated publication bytes	2026-10-04T17:51:11.3986611Z       "source": {
build	Verify exact curated publication bytes	2026-10-04T17:51:11.3986708Z         "system": "o-i",
build	Verify exact curated publication bytes	2026-10-04T17:51:11.3986845Z         "world_ref": "world:return-of-zero",
build	Verify exact curated publication bytes	2026-10-04T17:51:11.3987015Z         "ref": "expression:return-of-zero:sp-workcell",
build	Verify exact curated publication bytes	2026-10-04T17:51:11.3987117Z         "revision": "1"
build	Verify exact curated publication bytes	2026-10-04T17:51:11.3987199Z       },
build	Verify exact curated publication bytes	2026-10-04T17:51:11.3987490Z       "html_sha256": "cbbb17a4f4e376a58d350ff97a738ed17cc6b64a757a1b8fbc9a97b1fd40fe5a",
build	Verify exact curated publication bytes	2026-10-04T17:51:11.3987797Z       "projection_sha256": "f8e5d1a117376198c29826519a741531e2f3663d600d01c0db66c4bd91963a46",
build	Verify exact curated publication bytes	2026-10-04T17:51:11.3987893Z       "native_body": {
build	Verify exact curated publication bytes	2026-10-04T17:51:11.3988156Z         "sha256": "3d5360f23a3f143e6a2887431d7f9b98bc06aee5e7e42e2ddb0e1f447138e10f",
build	Verify exact curated publication bytes	2026-10-04T17:51:11.3988250Z         "scenes": 6,
build	Verify exact curated publication bytes	2026-10-04T17:51:11.3988342Z         "entities": 41,
build	Verify exact curated publication bytes	2026-10-04T17:51:11.3988542Z         "source_revision": "e875344c04c14228840665a91823edc42b078fb2"
build	Verify exact curated publication bytes	2026-10-04T17:51:11.3988635Z       }
build	Verify exact curated publication bytes	2026-10-04T17:51:11.3988724Z     }
build	Verify exact curated publication bytes	2026-10-04T17:51:11.3988817Z   ],
build	Verify exact curated publication bytes	2026-10-04T17:51:11.3989006Z   "browser_interaction": "not tested by this byte check",
build	Verify exact curated publication bytes	2026-10-04T17:51:11.3989291Z   "native_models_mac_microphone": "not invoked; not prerequisites for public reading",
build	Verify exact curated publication bytes	2026-10-04T17:51:11.3989976Z   "completeness": "Byte/set agreement establishes exact selected publication and native-body fidelity; symbolic/editorial quality and owner recognition remain separate review claims."
build	Verify exact curated publication bytes	2026-10-04T17:51:11.3990067Z }
build	Verify the public receiving route before publication	﻿2026-10-04T17:51:11.4019222Z ##[group]Run python -m pip install playwright==1.51.0 pillow
build	Verify the public receiving route before publication	2026-10-04T17:51:11.4019452Z [36;1mpython -m pip install playwright==1.51.0 pillow[0m
build	Verify the public receiving route before publication	2026-10-04T17:51:11.4019615Z [36;1mpython -m playwright install --with-deps chromium[0m
build	Verify the public receiving route before publication	2026-10-04T17:51:11.4019730Z [36;1mmkdir -p evidence/library[0m
build	Verify the public receiving route before publication	2026-10-04T17:51:11.4019881Z [36;1mgit rev-parse HEAD > evidence/library/commit.txt[0m
build	Verify the public receiving route before publication	2026-10-04T17:51:11.4020172Z [36;1mnode tests/publication-fixtures.mjs > evidence/library/publication-test-fixture.json[0m
build	Verify the public receiving route before publication	2026-10-04T17:51:11.4020426Z [36;1mnpm run preview -- --host 127.0.0.1 --port 4173 > evidence/library/server.log 2>&1 &[0m
build	Verify the public receiving route before publication	2026-10-04T17:51:11.4020693Z [36;1mfor i in $(seq 1 40); do curl -fsS http://127.0.0.1:4173/ >/dev/null && break; sleep 1; done[0m
build	Verify the public receiving route before publication	2026-10-04T17:51:11.4020784Z [36;1mresult=0[0m
build	Verify the public receiving route before publication	2026-10-04T17:51:11.4020933Z [36;1mpython tests/library-acceptance.py || result=1[0m
build	Verify the public receiving route before publication	2026-10-04T17:51:11.4021086Z [36;1mpython tests/library-regressions.py || result=1[0m
build	Verify the public receiving route before publication	2026-10-04T17:51:11.4021296Z [36;1mpython tests/publication-acceptance.py || result=1[0m
build	Verify the public receiving route before publication	2026-10-04T17:51:11.4021438Z [36;1mpython tests/essay-host-smoke.py || result=1[0m
build	Verify the public receiving route before publication	2026-10-04T17:51:11.4021593Z [36;1mpython tests/essay-reader-controls.py || result=1[0m
build	Verify the public receiving route before publication	2026-10-04T17:51:11.4021691Z [36;1mexit "$result"[0m
build	Verify the public receiving route before publication	2026-10-04T17:51:11.4083417Z shell: /usr/bin/bash -e {0}
build	Verify the public receiving route before publication	2026-10-04T17:51:11.4083509Z env:
build	Verify the public receiving route before publication	2026-10-04T17:51:11.4138538Z   OI_LIBRARY_PUBLICATIONS: ["/home/runner/work/O-I/O-I/site/publications/return-of-zero-curated/world-publication.json","/home/runner/work/O-I/O-I/site/publications/return-of-zero-curated/expression-roz-a-arguments.json","/home/runner/work/O-I/O-I/site/publications/return-of-zero-curated/expression-roz-a-prime-conjugates.json","/home/runner/work/O-I/O-I/site/publications/return-of-zero-curated/expression-roz-ac-root.json","/home/runner/work/O-I/O-I/site/publications/return-of-zero-curated/expression-roz-c-concepts-1.json","/home/runner/work/O-I/O-I/site/publications/return-of-zero-curated/expression-roz-c-concepts-2.json","/home/runner/work/O-I/O-I/site/publications/return-of-zero-curated/expression-roz-dossiers.json","/home/runner/work/O-I/O-I/site/publications/return-of-zero-curated/expression-roz-etymologies.json","/home/runner/work/O-I/O-I/site/publications/return-of-zero-curated/expression-roz-histories.json","/home/runner/work/O-I/O-I/site/publications/return-of-zero-curated/expression-roz-lenses-aphorism.json","/home/runner/work/O-I/O-I/site/publications/return-of-zero-curated/expression-roz-s-products.json","/home/runner/work/O-I/O-I/site/publications/return-of-zero-curated/expression-roz-matheme-computation.json","/home/runner/work/O-I/O-I/site/publications/return-of-zero-curated/expression-roz-matheme-formal-neighbours.json","/home/runner/work/O-I/O-I/site/publications/return-of-zero-curated/expression-roz-matheme-four-files.json","/home/runner/work/O-I/O-I/site/publications/return-of-zero-curated/expression-roz-matheme-logics.json","/home/runner/work/O-I/O-I/site/publications/return-of-zero-curated/expression-roz-matheme-ql-spanda.json","/home/runner/work/O-I/O-I/site/publications/return-of-zero-curated/expression-roz-matheme-topology-harmonics.json","/home/runner/work/O-I/O-I/site/publications/return-of-zero-curated/expression-roz-symbolon-spine.json","/home/runner/work/O-I/O-I/site/publications/return-of-zero-curated/expression-roz-symbolon-whole.json","/home/runner/work/O-I/O-I/site/publications/return-of-zero-curated/expression-roz-mytheme-antikythera-attunement.json","/home/runner/work/O-I/O-I/site/publications/return-of-zero-curated/expression-roz-mytheme-apollo-dionysus-daphne.json","/home/runner/work/O-I/O-I/site/publications/return-of-zero-curated/expression-roz-mytheme-apollo-eros-daphne-peneus.json","/home/runner/work/O-I/O-I/site/publications/return-of-zero-curated/expression-roz-mytheme-ares-aphrodite-hephaestus-poseidon.json","/home/runner/work/O-I/O-I/site/publications/return-of-zero-curated/expression-roz-mytheme-avatar-image-mask-idol.json","/home/runner/work/O-I/O-I/site/publications/return-of-zero-curated/expression-roz-mytheme-eros-psyche.json","/home/runner/work/O-I/O-I/site/publications/return-of-zero-curated/expression-roz-mytheme-goethe-permanence-change.json","/home/runner/work/O-I/O-I/site/publications/return-of-zero-curated/expression-roz-mytheme-indra-net.json","/home/runner/work/O-I/O-I/site/publications/return-of-zero-curated/expression-roz-mytheme-job.json","/home/runner/work/O-I/O-I/site/publications/return-of-zero-curated/expression-roz-mytheme-maya-eye-veil-frame-horizon.json","/home/runner/work/O-I/O-I/site/publications/return-of-zero-curated/expression-roz-mytheme-meal-epistemic-metabolism.json","/home/runner/work/O-I/O-I/site/publications/return-of-zero-curated/expression-roz-mytheme-mirror-that-moves-first.json","/home/runner/work/O-I/O-I/site/publications/return-of-zero-curated/expression-roz-mytheme-mother-assumption-chiasm.json","/home/runner/work/O-I/O-I/site/publications/return-of-zero-curated/expression-roz-mytheme-myth-attica-athena-poseidon-cecrops.json","/home/runner/work/O-I/O-I/site/publications/return-of-zero-curated/expression-roz-mytheme-myth-hypostasis-archons-norea-sophia.json","/home/runner/work/O-I/O-I/site/publications/return-of-zero-curated/expression-roz-mytheme-narrative-fanon-language-gaze-mask-recognition.json","/home/runner/work/O-I/O-I/site/publications/return-of-zero-curated/expression-roz-mytheme-narrative-jung-aion-fishes-christ-antichrist-alchemy.json","/home/runner/work/O-I/O-I/site/publications/return-of-zero-curated/expression-roz-mytheme-neumann-images.json","/home/runner/work/O-I/O-I/site/publications/return-of-zero-curated/expression-roz-mytheme-pauli-egg-dream.json","/home/runner/work/O-I/O-I/site/publications/return-of-zero-curated/expression-roz-mytheme-stained-glass-refraction.json","/home/runner/work/O-I/O-I/site/publications/return-of-zero-curated/expression-roz-mytheme-taylor-authored-images.json","/home/runner/work/O-I/O-I/site/publications/return-of-zero-curated/expression-roz-mytheme-the-prisoner.json","/home/runner/work/O-I/O-I/site/publications/return-of-zero-curated/expression-roz-mytheme-travelling-jigsaw-atlas.json","/home/runner/work/O-I/O-I/site/publications/return-of-zero-curated/expression-roz-mytheme-uroboros-trickster.json","/home/runner/work/O-I/O-I/site/publications/return-of-zero-curated/expression-roz-mytheme-valentinian-sophia-horos-achamoth.json","/home/runner/work/O-I/O-I/site/publications/return-of-zero-curated/expression-roz-essay-reading.json","/home/runner/work/O-I/O-I/site/publications/return-of-zero-curated/expression-roz-room-00-integral-threshold.json","/home/runner/work/O-I/O-I/site/publications/return-of-zero-curated/expression-roz-room-01-differentiating-mind.json","/home/runner/work/O-I/O-I/site/publications/return-of-zero-curated/expression-roz-room-02-return-of-zero.json","/home/runner/work/O-I/O-I/site/publications/return-of-zero-curated/expression-roz-room-03-two-logics.json","/home/runner/work/O-I/O-I/site/publications/return-of-zero-curated/expression-roz-room-04-mathematical-substrate.json","/home/runner/work/O-I/O-I/site/publications/return-of-zero-curated/expression-roz-room-05-psychoid-flowering.json","/home/runner/work/O-I/O-I/site/publications/return-of-zero-curated/expression-roz-room-06-objective-internality.json","/home/runner/work/O-I/O-I/site/publications/return-of-zero-curated/expression-roz-room-07-instrument-returns.json","/home/runner/work/O-I/O-I/site/publications/return-of-zero-curated/expression-sp-actuation-docs.json","/home/runner/work/O-I/O-I/site/publications/return-of-zero-curated/expression-sp-actuation-now-day-2026-09-11-1.json","/home/runner/work/O-I/O-I/site/publications/return-of-zero-curated/expression-sp-actuation-now-day-2026-09-11-2.json","/home/runner/work/O-I/O-I/site/publications/return-of-zero-curated/expression-sp-actuation-now-day-2026-09-12-1.json","/home/runner/work/O-I/O-I/site/publications/return-of-zero-curated/expression-sp-actuation-now-day-2026-09-12-2.json","/home/runner/work/O-I/O-I/site/publications/return-of-zero-curated/expression-sp-actuation-product.json","/home/runner/work/O-I/O-I/site/publications/return-of-zero-curated/expression-sp-actuation-projectcentral-governance.json","/home/runner/work/O-I/O-I/site/publications/return-of-zero-curated/expression-sp-actuation-ql-runtime-comparison.json","/home/runner/work/O-I/O-I/site/publications/return-of-zero-curated/expression-sp-actuation-ql-runtime-deep-prime.json","/home/runner/work/O-I/O-I/site/publications/return-of-zero-curated/expression-sp-actuation-ql-runtime-experiment-trees-1.json","/home/runner/work/O-I/O-I/site/publications/return-of-zero-curated/expression-sp-actuation-ql-runtime-experiment-trees-2.json","/home/runner/work/O-I/O-I/site/publications/return-of-zero-curated/expression-sp-actuation-ql-runtime-foundations.json","/home/runner/work/O-I/O-I/site/publications/return-of-zero-curated/expression-sp-actuation-ql-runtime-protocols.json","/home/runner/work/O-I/O-I/site/publications/return-of-zero-curated/expression-sp-actuation-ql-runtime-reviews-1.json","/home/runner/work/O-I/O-I/site/publications/return-of-zero-curated/expression-sp-actuation-ql-runtime-reviews-2.json","/home/runner/work/O-I/O-I/site/publications/return-of-zero-curated/expression-sp-actuation-rust-refoundation-1.json","/home/runner/work/O-I/O-I/site/publications/return-of-zero-curated/expression-sp-actuation-rust-refoundation-2.json","/home/runner/work/O-I/O-I/site/publications/return-of-zero-curated/expression-sp-actuation-skills.json","/home/runner/work/O-I/O-I/site/publications/return-of-zero-curated/expression-sp-actuation.json","/home/runner/work/O-I/O-I/site/publications/return-of-zero-curated/expression-sp-aikit-fd-adr-implementation.json","/home/runner/work/O-I/O-I/site/publications/return-of-zero-curated/expression-sp-aikit-fd-docs-p1.json","/home/runner/work/O-I/O-I/site/publications/return-of-zero-curated/expression-sp-aikit-fd-docs-p2.json","/home/runner/work/O-I/O-I/site/publications/return-of-zero-curated/expression-sp-aikit-fd-ground.json","/home/runner/work/O-I/O-I/site/publications/return-of-zero-curated/expression-sp-aikit-fd-periphery.json","/home/runner/work/O-I/O-I/site/publications/return-of-zero-curated/expression-sp-aikit-fd-plans.json","/home/runner/work/O-I/O-I/site/publications/return-of-zero-curated/expression-sp-aikit-fd-skills-p1.json","/home/runner/work/O-I/O-I/site/publications/return-of-zero-curated/expression-sp-aikit-fd-skills-p2.json","/home/runner/work/O-I/O-I/site/publications/return-of-zero-curated/expression-sp-aikit-fd-v2-p1.json","/home/runner/work/O-I/O-I/site/publications/return-of-zero-curated/expression-sp-aikit-fd-v2-p2.json","/home/runner/work/O-I/O-I/site/publications/return-of-zero-curated/expression-sp-aikit.json","/home/runner/work/O-I/O-I/site/publications/return-of-zero-curated/expression-sp-central-ctrl-defaults.json","/home/runner/work/O-I/O-I/site/publications/return-of-zero-curated/expression-sp-central-docs-connectors.json","/home/runner/work/O-I/O-I/site/publications/return-of-zero-curated/expression-sp-central-docs-governance.json","/home/runner/work/O-I/O-I/site/publications/return-of-zero-curated/expression-sp-central-docs-operations.json","/home/runner/work/O-I/O-I/site/publications/return-of-zero-curated/expression-sp-central-docs-vision.json","/home/runner/work/O-I/O-I/site/publications/return-of-zero-curated/expression-sp-central-projectcentral.json","/home/runner/work/O-I/O-I/site/publications/return-of-zero-curated/expression-sp-central-root-and-connectors.json","/home/runner/work/O-I/O-I/site/publications/return-of-zero-curated/expression-sp-central-skills.json","/home/runner/work/O-I/O-I/site/publications/return-of-zero-curated/expression-sp-central-surfaces.json","/home/runner/work/O-I/O-I/site/publications/return-of-zero-curated/expression-sp-central.json","/home/runner/work/O-I/O-I/site/publications/return-of-zero-curated/expression-sp-factory-fd-docs-canon-modules.json","/home/runner/work/O-I/O-I/site/publications/return-of-zero-curated/expression-sp-factory-fd-docs-canon.json","/home/runner/work/O-I/O-I/site/publications/return-of-zero-curated/expression-sp-factory-fd-docs-program-research.json","/home/runner/work/O-I/O-I/site/publications/return-of-zero-curated/expression-sp-factory-fd-inkwell-claude-front.json","/home/runner/work/O-I/O-I/site/publications/return-of-zero-curated/expression-sp-factory-fd-inkwell-orchestrator.json","/home/runner/work/O-I/O-I/site/publications/return-of-zero-curated/expression-sp-factory-fd-inkwell-overview-appdocs.json","/home/runner/work/O-I/O-I/site/publications/return-of-zero-curated/expression-sp-factory-fd-inkwell-prompts.json","/home/runner/work/O-I/O-I/site/publications/return-of-zero-curated/expression-sp-factory-fd-inkwell-specs.json","/home/runner/work/O-I/O-I/site/publications/return-of-zero-curated/expression-sp-factory-fd-inkwell-sssf-1.json","/home/runner/work/O-I/O-I/site/publications/return-of-zero-curated/expression-sp-factory-fd-inkwell-sssf-2.json","/home/runner/work/O-I/O-I/site/publications/return-of-zero-curated/expression-sp-factory-fd-inkwell-templates-adws.json","/home/runner/work/O-I/O-I/site/publications/return-of-zero-curated/expression-sp-factory-fd-product-root.json","/home/runner/work/O-I/O-I/site/publications/return-of-zero-curated/expression-sp-factory-fd-ql-core.json","/home/runner/work/O-I/O-I/site/publications/return-of-zero-curated/expression-sp-factory-fd-ql-experiments.json","/home/runner/work/O-I/O-I/site/publications/return-of-zero-curated/expression-sp-factory-fd-seed-docs.json","/home/runner/work/O-I/O-I/site/publications/return-of-zero-curated/expression-sp-factory-fd-sites.json","/home/runner/work/O-I/O-I/site/publications/return-of-zero-curated/expression-sp-factory-fd-skills.json","/home/runner/work/O-I/O-I/site/publications/return-of-zero-curated/expression-sp-factory-fd-sssf-1.json","/home/runner/work/O-I/O-I/site/publications/return-of-zero-curated/expression-sp-factory-fd-sssf-2.json","/home/runner/work/O-I/O-I/site/publications/return-of-zero-curated/expression-sp-factory.json","/home/runner/work/O-I/O-I/site/publications/return-of-zero-curated/expression-sp-ql.json","/home/runner/work/O-I/O-I/site/publications/return-of-zero-curated/expression-sp-ql-fd-craft.json","/home/runner/work/O-I/O-I/site/publications/return-of-zero-curated/expression-sp-ql-fd-docs-p1.json","/home/runner/work/O-I/O-I/site/publications/return-of-zero-curated/expression-sp-ql-fd-docs-p2.json","/home/runner/work/O-I/O-I/site/publications/return-of-zero-curated/expression-sp-ql-fd-epi-logos-p1.json","/home/runner/work/O-I/O-I/site/publications/return-of-zero-curated/expression-sp-ql-fd-epi-logos-p2.json","/home/runner/work/O-I/O-I/site/publications/return-of-zero-curated/expression-sp-ql-fd-epi-logos-p3.json","/home/runner/work/O-I/O-I/site/publications/return-of-zero-curated/expression-sp-ql-fd-epi-logos-p4.json","/home/runner/work/O-I/O-I/site/publications/return-of-zero-curated/expression-sp-ql-fd-fixtures.json","/home/runner/work/O-I/O-I/site/publications/return-of-zero-curated/expression-sp-ql-fd-geometry.json","/home/runner/work/O-I/O-I/site/publications/return-of-zero-curated/expression-sp-ql-fd-ground.json","/home/runner/work/O-I/O-I/site/publications/return-of-zero-curated/expression-sp-ql-fd-kernel-rebuild-p1.json","/home/runner/work/O-I/O-I/site/publications/return-of-zero-curated/expression-sp-ql-fd-kernel-rebuild-p2.json","/home/runner/work/O-I/O-I/site/publications/return-of-zero-curated/expression-sp-ql-fd-kernel-rebuild-p3.json","/home/runner/work/O-I/O-I/site/publications/return-of-zero-curated/expression-sp-ql-fd-periphery.json","/home/runner/work/O-I/O-I/site/publications/return-of-zero-curated/expression-sp-ql-fd-skills.json","/home/runner/work/O-I/O-I/site/publications/return-of-zero-curated/expression-sp-workcell-docs-connectivity.json","/home/runner/work/O-I/O-I/site/publications/return-of-zero-curated/expression-sp-workcell-docs-operations.json","/home/runner/work/O-I/O-I/site/publications/return-of-zero-curated/expression-sp-workcell-docs-platform.json","/home/runner/work/O-I/O-I/site/publications/return-of-zero-curated/expression-sp-workcell-docs-sources.json","/home/runner/work/O-I/O-I/site/publications/return-of-zero-curated/expression-sp-workcell-projectcentral.json","/home/runner/work/O-I/O-I/site/publications/return-of-zero-curated/expression-sp-workcell-sdk-and-skills.json","/home/runner/work/O-I/O-I/site/publications/return-of-zero-curated/expression-sp-workcell.json"]
build	Verify the public receiving route before publication	2026-10-04T17:51:11.4139515Z ##[endgroup]
build	Verify the public receiving route before publication	2026-10-04T17:51:12.9418123Z Defaulting to user installation because normal site-packages is not writeable
build	Verify the public receiving route before publication	2026-10-04T17:51:13.8784687Z Collecting playwright==1.51.0
build	Verify the public receiving route before publication	2026-10-04T17:51:13.9086163Z   Downloading playwright-1.51.0-py3-none-manylinux1_x86_64.whl.metadata (3.5 kB)
build	Verify the public receiving route before publication	2026-10-04T17:51:14.1122481Z Collecting pillow
build	Verify the public receiving route before publication	2026-10-04T17:51:14.1160058Z   Downloading pillow-12.3.0-cp312-cp312-manylinux_2_27_x86_64.manylinux_2_28_x86_64.whl.metadata (9.1 kB)
build	Verify the public receiving route before publication	2026-10-04T17:51:14.1406718Z Collecting pyee<13,>=12 (from playwright==1.51.0)
build	Verify the public receiving route before publication	2026-10-04T17:51:14.1441038Z   Downloading pyee-12.1.1-py3-none-any.whl.metadata (2.9 kB)
build	Verify the public receiving route before publication	2026-10-04T17:51:14.3203115Z Collecting greenlet<4.0.0,>=3.1.1 (from playwright==1.51.0)
build	Verify the public receiving route before publication	2026-10-04T17:51:14.3243585Z   Downloading greenlet-3.5.6-cp312-cp312-manylinux_2_24_x86_64.manylinux_2_28_x86_64.whl.metadata (3.8 kB)
build	Verify the public receiving route before publication	2026-10-04T17:51:14.3579175Z Requirement already satisfied: typing-extensions in /usr/lib/python3/dist-packages (from pyee<13,>=12->playwright==1.51.0) (4.10.0)
build	Verify the public receiving route before publication	2026-10-04T17:51:14.3644090Z Downloading playwright-1.51.0-py3-none-manylinux1_x86_64.whl (45.2 MB)
build	Verify the public receiving route before publication	2026-10-04T17:51:14.6901375Z    ━━━━━━━━━━━━━━━━━━━━━━━━━━━━━━━━━━━━━━━━ 45.2/45.2 MB 98.5 MB/s eta 0:00:00
build	Verify the public receiving route before publication	2026-10-04T17:51:14.6941668Z Downloading pillow-12.3.0-cp312-cp312-manylinux_2_27_x86_64.manylinux_2_28_x86_64.whl (6.9 MB)
build	Verify the public receiving route before publication	2026-10-04T17:51:14.7391898Z    ━━━━━━━━━━━━━━━━━━━━━━━━━━━━━━━━━━━━━━━━ 6.9/6.9 MB 160.7 MB/s eta 0:00:00
build	Verify the public receiving route before publication	2026-10-04T17:51:14.7427270Z Downloading greenlet-3.5.6-cp312-cp312-manylinux_2_24_x86_64.manylinux_2_28_x86_64.whl (621 kB)
build	Verify the public receiving route before publication	2026-10-04T17:51:14.7492349Z    ━━━━━━━━━━━━━━━━━━━━━━━━━━━━━━━━━━━━━━━ 621.4/621.4 kB 131.7 MB/s eta 0:00:00
build	Verify the public receiving route before publication	2026-10-04T17:51:14.7528218Z Downloading pyee-12.1.1-py3-none-any.whl (15 kB)
build	Verify the public receiving route before publication	2026-10-04T17:51:15.1193833Z Installing collected packages: pyee, pillow, greenlet, playwright
build	Verify the public receiving route before publication	2026-10-04T17:51:16.2308014Z Successfully installed greenlet-3.5.6 pillow-12.3.0 playwright-1.51.0 pyee-12.1.1
build	Verify the public receiving route before publication	2026-10-04T17:51:16.6060861Z Installing dependencies...
build	Verify the public receiving route before publication	2026-10-04T17:51:16.6136706Z Switching to root user to install dependencies...
build	Verify the public receiving route before publication	2026-10-04T17:51:16.6992707Z Get:1 file:/etc/apt/apt-mirrors.txt Mirrorlist [144 B]
build	Verify the public receiving route before publication	2026-10-04T17:51:16.7315177Z Hit:2 http://azure.archive.ubuntu.com/ubuntu noble InRelease
build	Verify the public receiving route before publication	2026-10-04T17:51:16.7328377Z Get:6 https://packages.microsoft.com/ubuntu/24.04/prod noble InRelease [3600 B]
build	Verify the public receiving route before publication	2026-10-04T17:51:16.7331604Z Get:3 http://azure.archive.ubuntu.com/ubuntu noble-updates InRelease [126 kB]
build	Verify the public receiving route before publication	2026-10-04T17:51:16.7386146Z Get:4 http://azure.archive.ubuntu.com/ubuntu noble-backports InRelease [126 kB]
build	Verify the public receiving route before publication	2026-10-04T17:51:16.7426239Z Get:5 http://azure.archive.ubuntu.com/ubuntu noble-security InRelease [126 kB]
build	Verify the public receiving route before publication	2026-10-04T17:51:16.8589017Z Get:7 https://packages.microsoft.com/ubuntu/24.04/prod noble/main amd64 Packages [511 kB]
build	Verify the public receiving route before publication	2026-10-04T17:51:16.8747513Z Get:8 https://packages.microsoft.com/ubuntu/24.04/prod noble/main armhf Packages [12.6 kB]
build	Verify the public receiving route before publication	2026-10-04T17:51:16.8787548Z Get:9 https://packages.microsoft.com/ubuntu/24.04/prod noble/main arm64 Packages [458 kB]
build	Verify the public receiving route before publication	2026-10-04T17:51:16.9083462Z Get:10 http://azure.archive.ubuntu.com/ubuntu noble-updates/main amd64 Packages [1364 kB]
build	Verify the public receiving route before publication	2026-10-04T17:51:16.9179108Z Get:11 http://azure.archive.ubuntu.com/ubuntu noble-updates/main Translation-en [304 kB]
build	Verify the public receiving route before publication	2026-10-04T17:51:16.9216133Z Get:12 http://azure.archive.ubuntu.com/ubuntu noble-updates/main amd64 Components [181 kB]
build	Verify the public receiving route before publication	2026-10-04T17:51:16.9223907Z Get:13 http://azure.archive.ubuntu.com/ubuntu noble-updates/universe amd64 Packages [1699 kB]
build	Verify the public receiving route before publication	2026-10-04T17:51:16.9330536Z Get:14 http://azure.archive.ubuntu.com/ubuntu noble-updates/universe Translation-en [341 kB]
build	Verify the public receiving route before publication	2026-10-04T17:51:16.9358752Z Get:15 http://azure.archive.ubuntu.com/ubuntu noble-updates/universe amd64 Components [388 kB]
build	Verify the public receiving route before publication	2026-10-04T17:51:16.9389065Z Get:16 http://azure.archive.ubuntu.com/ubuntu noble-updates/restricted amd64 Packages [1720 kB]
build	Verify the public receiving route before publication	2026-10-04T17:51:16.9493040Z Get:17 http://azure.archive.ubuntu.com/ubuntu noble-updates/restricted Translation-en [394 kB]
build	Verify the public receiving route before publication	2026-10-04T17:51:16.9524041Z Get:18 http://azure.archive.ubuntu.com/ubuntu noble-updates/multiverse amd64 Components [940 B]
build	Verify the public receiving route before publication	2026-10-04T17:51:16.9665596Z Get:19 http://azure.archive.ubuntu.com/ubuntu noble-backports/main amd64 Components [5776 B]
build	Verify the public receiving route before publication	2026-10-04T17:51:17.0111542Z Get:20 http://azure.archive.ubuntu.com/ubuntu noble-backports/universe amd64 Components [12.6 kB]
build	Verify the public receiving route before publication	2026-10-04T17:51:17.0203294Z Get:21 http://azure.archive.ubuntu.com/ubuntu noble-security/main amd64 Packages [1069 kB]
build	Verify the public receiving route before publication	2026-10-04T17:51:17.0259948Z Get:22 http://azure.archive.ubuntu.com/ubuntu noble-security/main Translation-en [221 kB]
build	Verify the public receiving route before publication	2026-10-04T17:51:17.0280173Z Get:23 http://azure.archive.ubuntu.com/ubuntu noble-security/main amd64 Components [46.4 kB]
build	Verify the public receiving route before publication	2026-10-04T17:51:17.0295961Z Get:24 http://azure.archive.ubuntu.com/ubuntu noble-security/universe amd64 Packages [1216 kB]
build	Verify the public receiving route before publication	2026-10-04T17:51:17.0355722Z Get:25 http://azure.archive.ubuntu.com/ubuntu noble-security/universe Translation-en [244 kB]
build	Verify the public receiving route before publication	2026-10-04T17:51:17.0386441Z Get:26 http://azure.archive.ubuntu.com/ubuntu noble-security/universe amd64 Components [76.4 kB]
build	Verify the public receiving route before publication	2026-10-04T17:51:17.0421701Z Get:27 http://azure.archive.ubuntu.com/ubuntu noble-security/restricted amd64 Packages [1566 kB]
build	Verify the public receiving route before publication	2026-10-04T17:51:17.0494834Z Get:28 http://azure.archive.ubuntu.com/ubuntu noble-security/restricted Translation-en [361 kB]
build	Verify the public receiving route before publication	2026-10-04T17:51:21.3384693Z Fetched 12.6 MB in 1s (9371 kB/s)
build	Verify the public receiving route before publication	2026-10-04T17:51:22.1666068Z Reading package lists...
build	Verify the public receiving route before publication	2026-10-04T17:51:22.1902021Z Reading package lists...
build	Verify the public receiving route before publication	2026-10-04T17:51:22.3718237Z Building dependency tree...
build	Verify the public receiving route before publication	2026-10-04T17:51:22.3725054Z Reading state information...
build	Verify the public receiving route before publication	2026-10-04T17:51:22.5148194Z libasound2t64 is already the newest version (1.2.11-1ubuntu0.3).
build	Verify the public receiving route before publication	2026-10-04T17:51:22.5149062Z libasound2t64 set to manually installed.
build	Verify the public receiving route before publication	2026-10-04T17:51:22.5149680Z libatk-bridge2.0-0t64 is already the newest version (2.52.0-1build1).
build	Verify the public receiving route before publication	2026-10-04T17:51:22.5150291Z libatk-bridge2.0-0t64 set to manually installed.
build	Verify the public receiving route before publication	2026-10-04T17:51:22.5150852Z libatk1.0-0t64 is already the newest version (2.52.0-1build1).
build	Verify the public receiving route before publication	2026-10-04T17:51:22.5151351Z libatk1.0-0t64 set to manually installed.
build	Verify the public receiving route before publication	2026-10-04T17:51:22.5152037Z libatspi2.0-0t64 is already the newest version (2.52.0-1build1).
build	Verify the public receiving route before publication	2026-10-04T17:51:22.5152875Z libatspi2.0-0t64 set to manually installed.
build	Verify the public receiving route before publication	2026-10-04T17:51:22.5153393Z libcairo2 is already the newest version (1.18.0-3build1).
build	Verify the public receiving route before publication	2026-10-04T17:51:22.5153866Z libcairo2 set to manually installed.
build	Verify the public receiving route before publication	2026-10-04T17:51:22.5154395Z libcups2t64 is already the newest version (2.4.7-1.2ubuntu7.14).
build	Verify the public receiving route before publication	2026-10-04T17:51:22.5156083Z libcups2t64 set to manually installed.
build	Verify the public receiving route before publication	2026-10-04T17:51:22.5156657Z libdbus-1-3 is already the newest version (1.14.10-4ubuntu4.1).
build	Verify the public receiving route before publication	2026-10-04T17:51:22.5157126Z libdbus-1-3 set to manually installed.
build	Verify the public receiving route before publication	2026-10-04T17:51:22.5157612Z libdrm2 is already the newest version (2.4.125-1ubuntu0.1~24.04.2).
build	Verify the public receiving route before publication	2026-10-04T17:51:22.5158059Z libdrm2 set to manually installed.
build	Verify the public receiving route before publication	2026-10-04T17:51:22.5158717Z libglib2.0-0t64 is already the newest version (2.80.0-6ubuntu3.9).
build	Verify the public receiving route before publication	2026-10-04T17:51:22.5159386Z libglib2.0-0t64 set to manually installed.
build	Verify the public receiving route before publication	2026-10-04T17:51:22.5169633Z libnspr4 is already the newest version (2:4.35-1.1build1).
build	Verify the public receiving route before publication	2026-10-04T17:51:22.5170449Z libnspr4 set to manually installed.
build	Verify the public receiving route before publication	2026-10-04T17:51:22.5171045Z libnss3 is already the newest version (2:3.98-1ubuntu0.2).
build	Verify the public receiving route before publication	2026-10-04T17:51:22.5171443Z libnss3 set to manually installed.
build	Verify the public receiving route before publication	2026-10-04T17:51:22.5171886Z libpango-1.0-0 is already the newest version (1.52.1+ds-1build1).
build	Verify the public receiving route before publication	2026-10-04T17:51:22.5172330Z libpango-1.0-0 set to manually installed.
build	Verify the public receiving route before publication	2026-10-04T17:51:22.5172775Z libx11-6 is already the newest version (2:1.8.7-1build1).
build	Verify the public receiving route before publication	2026-10-04T17:51:22.5173156Z libx11-6 set to manually installed.
build	Verify the public receiving route before publication	2026-10-04T17:51:22.5173523Z libxcb1 is already the newest version (1.15-1ubuntu2).
build	Verify the public receiving route before publication	2026-10-04T17:51:22.5174178Z libxcb1 set to manually installed.
build	Verify the public receiving route before publication	2026-10-04T17:51:22.5174594Z libxcomposite1 is already the newest version (1:0.4.5-1build3).
build	Verify the public receiving route before publication	2026-10-04T17:51:22.5175436Z libxcomposite1 set to manually installed.
build	Verify the public receiving route before publication	2026-10-04T17:51:22.5176141Z libxdamage1 is already the newest version (1:1.1.6-1build1).
build	Verify the public receiving route before publication	2026-10-04T17:51:22.5176779Z libxdamage1 set to manually installed.
build	Verify the public receiving route before publication	2026-10-04T17:51:22.5177409Z libxext6 is already the newest version (2:1.3.4-1build2).
build	Verify the public receiving route before publication	2026-10-04T17:51:22.5177876Z libxext6 set to manually installed.
build	Verify the public receiving route before publication	2026-10-04T17:51:22.5178264Z libxfixes3 is already the newest version (1:6.0.0-2build1).
build	Verify the public receiving route before publication	2026-10-04T17:51:22.5178654Z libxfixes3 set to manually installed.
build	Verify the public receiving route before publication	2026-10-04T17:51:22.5179061Z libxkbcommon0 is already the newest version (1.6.0-1build1).
build	Verify the public receiving route before publication	2026-10-04T17:51:22.5179461Z libxkbcommon0 set to manually installed.
build	Verify the public receiving route before publication	2026-10-04T17:51:22.5179864Z libxrandr2 is already the newest version (2:1.5.2-2build1).
build	Verify the public receiving route before publication	2026-10-04T17:51:22.5180373Z libxrandr2 set to manually installed.
build	Verify the public receiving route before publication	2026-10-04T17:51:22.5180778Z xvfb is already the newest version (2:21.1.12-1ubuntu1.8).
build	Verify the public receiving route before publication	2026-10-04T17:51:22.5181322Z fonts-noto-color-emoji is already the newest version (2.047-0ubuntu0.24.04.1).
build	Verify the public receiving route before publication	2026-10-04T17:51:22.5181889Z libfontconfig1 is already the newest version (2.15.0-1.1ubuntu2).
build	Verify the public receiving route before publication	2026-10-04T17:51:22.5182306Z libfontconfig1 set to manually installed.
build	Verify the public receiving route before publication	2026-10-04T17:51:22.5182749Z libfreetype6 is already the newest version (2.13.2+dfsg-1ubuntu0.1).
build	Verify the public receiving route before publication	2026-10-04T17:51:22.5183389Z libfreetype6 set to manually installed.
build	Verify the public receiving route before publication	2026-10-04T17:51:22.5183802Z fonts-liberation is already the newest version (1:2.1.5-3).
build	Verify the public receiving route before publication	2026-10-04T17:51:22.5184218Z fonts-liberation set to manually installed.
build	Verify the public receiving route before publication	2026-10-04T17:51:22.5184613Z The following additional packages will be installed:
build	Verify the public receiving route before publication	2026-10-04T17:51:22.5185529Z   libgl1-mesa-dri libglx-mesa0 mesa-libgallium xfonts-encodings xfonts-utils
build	Verify the public receiving route before publication	2026-10-04T17:51:22.5185981Z Recommended packages:
build	Verify the public receiving route before publication	2026-10-04T17:51:22.5186252Z   fonts-ipafont-mincho fonts-tlwg-loma
build	Verify the public receiving route before publication	2026-10-04T17:51:22.5387873Z The following NEW packages will be installed:
build	Verify the public receiving route before publication	2026-10-04T17:51:22.5388507Z   fonts-freefont-ttf fonts-ipafont-gothic fonts-tlwg-loma-otf fonts-unifont
build	Verify the public receiving route before publication	2026-10-04T17:51:22.5393161Z   fonts-wqy-zenhei xfonts-cyrillic xfonts-encodings xfonts-scalable
build	Verify the public receiving route before publication	2026-10-04T17:51:22.5393626Z   xfonts-utils
build	Verify the public receiving route before publication	2026-10-04T17:51:22.5397385Z The following packages will be upgraded:
build	Verify the public receiving route before publication	2026-10-04T17:51:22.5401786Z   libgbm1 libgl1-mesa-dri libglx-mesa0 mesa-libgallium
build	Verify the public receiving route before publication	2026-10-04T17:51:22.5563479Z 4 upgraded, 9 newly installed, 0 to remove and 21 not upgraded.
build	Verify the public receiving route before publication	2026-10-04T17:51:22.5563972Z Need to get 32.1 MB of archives.
build	Verify the public receiving route before publication	2026-10-04T17:51:22.5564423Z After this operation, 79.5 MB of additional disk space will be used.
build	Verify the public receiving route before publication	2026-10-04T17:51:22.5565212Z Get:1 file:/etc/apt/apt-mirrors.txt Mirrorlist [144 B]
build	Verify the public receiving route before publication	2026-10-04T17:51:22.5980877Z Get:2 http://azure.archive.ubuntu.com/ubuntu noble/universe amd64 fonts-ipafont-gothic all 00303-21ubuntu1 [3513 kB]
build	Verify the public receiving route before publication	2026-10-04T17:51:22.6513221Z Get:3 http://azure.archive.ubuntu.com/ubuntu noble/main amd64 fonts-freefont-ttf all 20211204+svn4273-2 [5641 kB]
build	Verify the public receiving route before publication	2026-10-04T17:51:22.7219706Z Get:4 http://azure.archive.ubuntu.com/ubuntu noble/universe amd64 fonts-tlwg-loma-otf all 1:0.7.3-1 [107 kB]
build	Verify the public receiving route before publication	2026-10-04T17:51:22.7484268Z Get:5 http://azure.archive.ubuntu.com/ubuntu noble/universe amd64 fonts-unifont all 1:15.1.01-1build1 [2993 kB]
build	Verify the public receiving route before publication	2026-10-04T17:51:22.7969236Z Get:6 http://azure.archive.ubuntu.com/ubuntu noble/universe amd64 fonts-wqy-zenhei all 0.9.45-8 [7472 kB]
build	Verify the public receiving route before publication	2026-10-04T17:51:22.8805637Z Get:7 http://azure.archive.ubuntu.com/ubuntu noble-updates/main amd64 libgl1-mesa-dri amd64 25.2.8-0ubuntu0.24.04.4 [38.0 kB]
build	Verify the public receiving route before publication	2026-10-04T17:51:22.9064759Z Get:8 http://azure.archive.ubuntu.com/ubuntu noble-updates/main amd64 libglx-mesa0 amd64 25.2.8-0ubuntu0.24.04.4 [110 kB]
build	Verify the public receiving route before publication	2026-10-04T17:51:22.9330468Z Get:9 http://azure.archive.ubuntu.com/ubuntu noble-updates/main amd64 libgbm1 amd64 25.2.8-0ubuntu0.24.04.4 [34.2 kB]
build	Verify the public receiving route before publication	2026-10-04T17:51:22.9589935Z Get:10 http://azure.archive.ubuntu.com/ubuntu noble-updates/main amd64 mesa-libgallium amd64 25.2.8-0ubuntu0.24.04.4 [10.8 MB]
build	Verify the public receiving route before publication	2026-10-04T17:51:23.0863820Z Get:11 http://azure.archive.ubuntu.com/ubuntu noble/main amd64 xfonts-encodings all 1:1.0.5-0ubuntu2 [578 kB]
build	Verify the public receiving route before publication	2026-10-04T17:51:23.1161100Z Get:12 http://azure.archive.ubuntu.com/ubuntu noble/main amd64 xfonts-utils amd64 1:7.7+6build3 [94.4 kB]
build	Verify the public receiving route before publication	2026-10-04T17:51:23.1426028Z Get:13 http://azure.archive.ubuntu.com/ubuntu noble/universe amd64 xfonts-cyrillic all 1:1.0.5+nmu1 [384 kB]
build	Verify the public receiving route before publication	2026-10-04T17:51:23.1710473Z Get:14 http://azure.archive.ubuntu.com/ubuntu noble/main amd64 xfonts-scalable all 1:1.0.3-1.3 [304 kB]
build	Verify the public receiving route before publication	2026-10-04T17:51:23.4240772Z Fetched 32.1 MB in 1s (51.1 MB/s)
build	Verify the public receiving route before publication	2026-10-04T17:51:23.4476849Z Selecting previously unselected package fonts-ipafont-gothic.
build	Verify the public receiving route before publication	2026-10-04T17:51:23.4829602Z (Reading database ... 
build	Verify the public receiving route before publication	2026-10-04T17:51:23.4830090Z (Reading database ... 5%
build	Verify the public receiving route before publication	2026-10-04T17:51:23.4830373Z (Reading database ... 10%
build	Verify the public receiving route before publication	2026-10-04T17:51:23.4830642Z (Reading database ... 15%
build	Verify the public receiving route before publication	2026-10-04T17:51:23.4830898Z (Reading database ... 20%
build	Verify the public receiving route before publication	2026-10-04T17:51:23.4831167Z (Reading database ... 25%
build	Verify the public receiving route before publication	2026-10-04T17:51:23.4831401Z (Reading database ... 30%
build	Verify the public receiving route before publication	2026-10-04T17:51:23.4831644Z (Reading database ... 35%
build	Verify the public receiving route before publication	2026-10-04T17:51:23.4831876Z (Reading database ... 40%
build	Verify the public receiving route before publication	2026-10-04T17:51:23.4832819Z (Reading database ... 45%
build	Verify the public receiving route before publication	2026-10-04T17:51:23.4833167Z (Reading database ... 50%
build	Verify the public receiving route before publication	2026-10-04T17:51:23.4887670Z (Reading database ... 55%
build	Verify the public receiving route before publication	2026-10-04T17:51:23.6293509Z (Reading database ... 60%
build	Verify the public receiving route before publication	2026-10-04T17:51:23.8352037Z (Reading database ... 65%
build	Verify the public receiving route before publication	2026-10-04T17:51:24.0386689Z (Reading database ... 70%
build	Verify the public receiving route before publication	2026-10-04T17:51:24.1926556Z (Reading database ... 75%
build	Verify the public receiving route before publication	2026-10-04T17:51:24.3486607Z (Reading database ... 80%
build	Verify the public receiving route before publication	2026-10-04T17:51:24.5299016Z (Reading database ... 85%
build	Verify the public receiving route before publication	2026-10-04T17:51:24.7055987Z (Reading database ... 90%
build	Verify the public receiving route before publication	2026-10-04T17:51:24.8828930Z (Reading database ... 95%
build	Verify the public receiving route before publication	2026-10-04T17:51:24.8829473Z (Reading database ... 100%
build	Verify the public receiving route before publication	2026-10-04T17:51:24.8830159Z (Reading database ... 202296 files and directories currently installed.)
build	Verify the public receiving route before publication	2026-10-04T17:51:24.8872840Z Preparing to unpack .../00-fonts-ipafont-gothic_00303-21ubuntu1_all.deb ...
build	Verify the public receiving route before publication	2026-10-04T17:51:24.8975761Z Unpacking fonts-ipafont-gothic (00303-21ubuntu1) ...
build	Verify the public receiving route before publication	2026-10-04T17:51:25.1296190Z Selecting previously unselected package fonts-freefont-ttf.
build	Verify the public receiving route before publication	2026-10-04T17:51:25.1420441Z Preparing to unpack .../01-fonts-freefont-ttf_20211204+svn4273-2_all.deb ...
build	Verify the public receiving route before publication	2026-10-04T17:51:25.1427710Z Unpacking fonts-freefont-ttf (20211204+svn4273-2) ...
build	Verify the public receiving route before publication	2026-10-04T17:51:25.2207981Z Selecting previously unselected package fonts-tlwg-loma-otf.
build	Verify the public receiving route before publication	2026-10-04T17:51:25.2332547Z Preparing to unpack .../02-fonts-tlwg-loma-otf_1%3a0.7.3-1_all.deb ...
build	Verify the public receiving route before publication	2026-10-04T17:51:25.2339808Z Unpacking fonts-tlwg-loma-otf (1:0.7.3-1) ...
build	Verify the public receiving route before publication	2026-10-04T17:51:25.2542683Z Selecting previously unselected package fonts-unifont.
build	Verify the public receiving route before publication	2026-10-04T17:51:25.2669410Z Preparing to unpack .../03-fonts-unifont_1%3a15.1.01-1build1_all.deb ...
build	Verify the public receiving route before publication	2026-10-04T17:51:25.2676531Z Unpacking fonts-unifont (1:15.1.01-1build1) ...
build	Verify the public receiving route before publication	2026-10-04T17:51:25.3737172Z Selecting previously unselected package fonts-wqy-zenhei.
build	Verify the public receiving route before publication	2026-10-04T17:51:25.3863404Z Preparing to unpack .../04-fonts-wqy-zenhei_0.9.45-8_all.deb ...
build	Verify the public receiving route before publication	2026-10-04T17:51:25.3965307Z Unpacking fonts-wqy-zenhei (0.9.45-8) ...
build	Verify the public receiving route before publication	2026-10-04T17:51:25.8819629Z Preparing to unpack .../05-libgl1-mesa-dri_25.2.8-0ubuntu0.24.04.4_amd64.deb ...
build	Verify the public receiving route before publication	2026-10-04T17:51:25.8963836Z Unpacking libgl1-mesa-dri:amd64 (25.2.8-0ubuntu0.24.04.4) over (25.2.8-0ubuntu0.24.04.2) ...
build	Verify the public receiving route before publication	2026-10-04T17:51:25.9449059Z Preparing to unpack .../06-libglx-mesa0_25.2.8-0ubuntu0.24.04.4_amd64.deb ...
build	Verify the public receiving route before publication	2026-10-04T17:51:25.9480022Z Unpacking libglx-mesa0:amd64 (25.2.8-0ubuntu0.24.04.4) over (25.2.8-0ubuntu0.24.04.2) ...
build	Verify the public receiving route before publication	2026-10-04T17:51:25.9850318Z Preparing to unpack .../07-libgbm1_25.2.8-0ubuntu0.24.04.4_amd64.deb ...
build	Verify the public receiving route before publication	2026-10-04T17:51:25.9871926Z Unpacking libgbm1:amd64 (25.2.8-0ubuntu0.24.04.4) over (25.2.8-0ubuntu0.24.04.2) ...
build	Verify the public receiving route before publication	2026-10-04T17:51:26.0241356Z Preparing to unpack .../08-mesa-libgallium_25.2.8-0ubuntu0.24.04.4_amd64.deb ...
build	Verify the public receiving route before publication	2026-10-04T17:51:26.0263012Z Unpacking mesa-libgallium:amd64 (25.2.8-0ubuntu0.24.04.4) over (25.2.8-0ubuntu0.24.04.2) ...
build	Verify the public receiving route before publication	2026-10-04T17:51:26.1925628Z Selecting previously unselected package xfonts-encodings.
build	Verify the public receiving route before publication	2026-10-04T17:51:26.2053920Z Preparing to unpack .../09-xfonts-encodings_1%3a1.0.5-0ubuntu2_all.deb ...
build	Verify the public receiving route before publication	2026-10-04T17:51:26.2061291Z Unpacking xfonts-encodings (1:1.0.5-0ubuntu2) ...
build	Verify the public receiving route before publication	2026-10-04T17:51:26.2330814Z Selecting previously unselected package xfonts-utils.
build	Verify the public receiving route before publication	2026-10-04T17:51:26.2456052Z Preparing to unpack .../10-xfonts-utils_1%3a7.7+6build3_amd64.deb ...
build	Verify the public receiving route before publication	2026-10-04T17:51:26.2462628Z Unpacking xfonts-utils (1:7.7+6build3) ...
build	Verify the public receiving route before publication	2026-10-04T17:51:26.2823749Z Selecting previously unselected package xfonts-cyrillic.
build	Verify the public receiving route before publication	2026-10-04T17:51:26.2949001Z Preparing to unpack .../11-xfonts-cyrillic_1%3a1.0.5+nmu1_all.deb ...
build	Verify the public receiving route before publication	2026-10-04T17:51:26.2956729Z Unpacking xfonts-cyrillic (1:1.0.5+nmu1) ...
build	Verify the public receiving route before publication	2026-10-04T17:51:26.3280589Z Selecting previously unselected package xfonts-scalable.
build	Verify the public receiving route before publication	2026-10-04T17:51:26.3407123Z Preparing to unpack .../12-xfonts-scalable_1%3a1.0.3-1.3_all.deb ...
build	Verify the public receiving route before publication	2026-10-04T17:51:26.3414605Z Unpacking xfonts-scalable (1:1.0.3-1.3) ...
build	Verify the public receiving route before publication	2026-10-04T17:51:26.3858623Z Setting up mesa-libgallium:amd64 (25.2.8-0ubuntu0.24.04.4) ...
build	Verify the public receiving route before publication	2026-10-04T17:51:26.3877958Z Setting up libgbm1:amd64 (25.2.8-0ubuntu0.24.04.4) ...
build	Verify the public receiving route before publication	2026-10-04T17:51:26.3894456Z Setting up libgl1-mesa-dri:amd64 (25.2.8-0ubuntu0.24.04.4) ...
build	Verify the public receiving route before publication	2026-10-04T17:51:26.3966378Z Setting up fonts-wqy-zenhei (0.9.45-8) ...
build	Verify the public receiving route before publication	2026-10-04T17:51:26.4077813Z Setting up fonts-freefont-ttf (20211204+svn4273-2) ...
build	Verify the public receiving route before publication	2026-10-04T17:51:26.4095212Z Setting up fonts-tlwg-loma-otf (1:0.7.3-1) ...
build	Verify the public receiving route before publication	2026-10-04T17:51:26.4113818Z Setting up xfonts-encodings (1:1.0.5-0ubuntu2) ...
build	Verify the public receiving route before publication	2026-10-04T17:51:26.4130409Z Setting up fonts-ipafont-gothic (00303-21ubuntu1) ...
build	Verify the public receiving route before publication	2026-10-04T17:51:26.4193217Z update-alternatives: using /usr/share/fonts/opentype/ipafont-gothic/ipag.ttf to provide /usr/share/fonts/truetype/fonts-japanese-gothic.ttf (fonts-japanese-gothic.ttf) in auto mode
build	Verify the public receiving route before publication	2026-10-04T17:51:26.4207583Z Setting up fonts-unifont (1:15.1.01-1build1) ...
build	Verify the public receiving route before publication	2026-10-04T17:51:26.4225719Z Setting up libglx-mesa0:amd64 (25.2.8-0ubuntu0.24.04.4) ...
build	Verify the public receiving route before publication	2026-10-04T17:51:26.4243963Z Setting up xfonts-utils (1:7.7+6build3) ...
build	Verify the public receiving route before publication	2026-10-04T17:51:26.4282310Z Setting up xfonts-cyrillic (1:1.0.5+nmu1) ...
build	Verify the public receiving route before publication	2026-10-04T17:51:26.4577371Z Setting up xfonts-scalable (1:1.0.3-1.3) ...
build	Verify the public receiving route before publication	2026-10-04T17:51:26.4850263Z Processing triggers for libc-bin (2.39-0ubuntu8.9) ...
build	Verify the public receiving route before publication	2026-10-04T17:51:26.5199456Z Processing triggers for man-db (2.12.0-4build2) ...
build	Verify the public receiving route before publication	2026-10-04T17:51:26.5222188Z Not building database; man-db/auto-update is not 'true'.
build	Verify the public receiving route before publication	2026-10-04T17:51:26.5235220Z Processing triggers for fontconfig (2.15.0-1.1ubuntu2) ...
build	Verify the public receiving route before publication	2026-10-04T17:51:27.2608506Z 
build	Verify the public receiving route before publication	2026-10-04T17:51:27.2610592Z Running kernel seems to be up-to-date.
build	Verify the public receiving route before publication	2026-10-04T17:51:27.2611014Z 
build	Verify the public receiving route before publication	2026-10-04T17:51:27.2611268Z No services need to be restarted.
build	Verify the public receiving route before publication	2026-10-04T17:51:27.2611474Z 
build	Verify the public receiving route before publication	2026-10-04T17:51:27.2611638Z No containers need to be restarted.
build	Verify the public receiving route before publication	2026-10-04T17:51:27.2611830Z 
build	Verify the public receiving route before publication	2026-10-04T17:51:27.2612014Z No user sessions are running outdated binaries.
build	Verify the public receiving route before publication	2026-10-04T17:51:27.2612283Z 
build	Verify the public receiving route before publication	2026-10-04T17:51:27.2612594Z No VM guests are running outdated hypervisor (qemu) binaries on this host.
build	Verify the public receiving route before publication	2026-10-04T17:51:28.1331026Z Downloading Chromium 134.0.6998.35 (playwright build v1161) from https://cdn.playwright.dev/dbazure/download/playwright/builds/chromium/1161/chromium-linux.zip
build	Verify the public receiving route before publication	2026-10-04T17:51:28.2806803Z |                                                                                |   0% of 164.9 MiB
build	Verify the public receiving route before publication	2026-10-04T17:51:28.3933375Z |■■■■■■■■                                                                        |  10% of 164.9 MiB
build	Verify the public receiving route before publication	2026-10-04T17:51:28.4704824Z |■■■■■■■■■■■■■■■■                                                                |  20% of 164.9 MiB
build	Verify the public receiving route before publication	2026-10-04T17:51:28.5576636Z |■■■■■■■■■■■■■■■■■■■■■■■■                                                        |  30% of 164.9 MiB
build	Verify the public receiving route before publication	2026-10-04T17:51:28.6211356Z |■■■■■■■■■■■■■■■■■■■■■■■■■■■■■■■■                                                |  40% of 164.9 MiB
build	Verify the public receiving route before publication	2026-10-04T17:51:28.6779893Z |■■■■■■■■■■■■■■■■■■■■■■■■■■■■■■■■■■■■■■■■                                        |  50% of 164.9 MiB
build	Verify the public receiving route before publication	2026-10-04T17:51:28.7311605Z |■■■■■■■■■■■■■■■■■■■■■■■■■■■■■■■■■■■■■■■■■■■■■■■■                                |  60% of 164.9 MiB
build	Verify the public receiving route before publication	2026-10-04T17:51:28.7866836Z |■■■■■■■■■■■■■■■■■■■■■■■■■■■■■■■■■■■■■■■■■■■■■■■■■■■■■■■■                        |  70% of 164.9 MiB
build	Verify the public receiving route before publication	2026-10-04T17:51:28.8417602Z |■■■■■■■■■■■■■■■■■■■■■■■■■■■■■■■■■■■■■■■■■■■■■■■■■■■■■■■■■■■■■■■■                |  80% of 164.9 MiB
build	Verify the public receiving route before publication	2026-10-04T17:51:28.8948319Z |■■■■■■■■■■■■■■■■■■■■■■■■■■■■■■■■■■■■■■■■■■■■■■■■■■■■■■■■■■■■■■■■■■■■■■■■        |  90% of 164.9 MiB
build	Verify the public receiving route before publication	2026-10-04T17:51:28.9577860Z |■■■■■■■■■■■■■■■■■■■■■■■■■■■■■■■■■■■■■■■■■■■■■■■■■■■■■■■■■■■■■■■■■■■■■■■■■■■■■■■■| 100% of 164.9 MiB
build	Verify the public receiving route before publication	2026-10-04T17:51:32.2526716Z Chromium 134.0.6998.35 (playwright build v1161) downloaded to /home/runner/.cache/ms-playwright/chromium-1161
build	Verify the public receiving route before publication	2026-10-04T17:51:32.2528800Z Downloading FFMPEG playwright build v1011 from https://cdn.playwright.dev/dbazure/download/playwright/builds/ffmpeg/1011/ffmpeg-linux.zip
build	Verify the public receiving route before publication	2026-10-04T17:51:32.4038515Z |                                                                                |   0% of 2.3 MiB
build	Verify the public receiving route before publication	2026-10-04T17:51:32.4093164Z |■■■■■■■■                                                                        |  10% of 2.3 MiB
build	Verify the public receiving route before publication	2026-10-04T17:51:32.4142517Z |■■■■■■■■■■■■■■■■                                                                |  20% of 2.3 MiB
build	Verify the public receiving route before publication	2026-10-04T17:51:32.4176159Z |■■■■■■■■■■■■■■■■■■■■■■■■                                                        |  30% of 2.3 MiB
build	Verify the public receiving route before publication	2026-10-04T17:51:32.4193617Z |■■■■■■■■■■■■■■■■■■■■■■■■■■■■■■■■                                                |  40% of 2.3 MiB
build	Verify the public receiving route before publication	2026-10-04T17:51:32.4251799Z |■■■■■■■■■■■■■■■■■■■■■■■■■■■■■■■■■■■■■■■■                                        |  50% of 2.3 MiB
build	Verify the public receiving route before publication	2026-10-04T17:51:32.4273059Z |■■■■■■■■■■■■■■■■■■■■■■■■■■■■■■■■■■■■■■■■■■■■■■■■                                |  60% of 2.3 MiB
build	Verify the public receiving route before publication	2026-10-04T17:51:32.4293090Z |■■■■■■■■■■■■■■■■■■■■■■■■■■■■■■■■■■■■■■■■■■■■■■■■■■■■■■■■                        |  70% of 2.3 MiB
build	Verify the public receiving route before publication	2026-10-04T17:51:32.4310039Z |■■■■■■■■■■■■■■■■■■■■■■■■■■■■■■■■■■■■■■■■■■■■■■■■■■■■■■■■■■■■■■■■                |  80% of 2.3 MiB
build	Verify the public receiving route before publication	2026-10-04T17:51:32.4327259Z |■■■■■■■■■■■■■■■■■■■■■■■■■■■■■■■■■■■■■■■■■■■■■■■■■■■■■■■■■■■■■■■■■■■■■■■■        |  90% of 2.3 MiB
build	Verify the public receiving route before publication	2026-10-04T17:51:32.4342740Z |■■■■■■■■■■■■■■■■■■■■■■■■■■■■■■■■■■■■■■■■■■■■■■■■■■■■■■■■■■■■■■■■■■■■■■■■■■■■■■■■| 100% of 2.3 MiB
build	Verify the public receiving route before publication	2026-10-04T17:51:32.4954063Z FFMPEG playwright build v1011 downloaded to /home/runner/.cache/ms-playwright/ffmpeg-1011
build	Verify the public receiving route before publication	2026-10-04T17:51:32.4957540Z Downloading Chromium Headless Shell 134.0.6998.35 (playwright build v1161) from https://cdn.playwright.dev/dbazure/download/playwright/builds/chromium/1161/chromium-headless-shell-linux.zip
build	Verify the public receiving route before publication	2026-10-04T17:51:32.6525674Z |                                                                                |   0% of 100.9 MiB
build	Verify the public receiving route before publication	2026-10-04T17:51:32.9566590Z |■■■■■■■■                                                                        |  10% of 100.9 MiB
build	Verify the public receiving route before publication	2026-10-04T17:51:33.1379847Z |■■■■■■■■■■■■■■■■                                                                |  20% of 100.9 MiB
build	Verify the public receiving route before publication	2026-10-04T17:51:33.2501699Z |■■■■■■■■■■■■■■■■■■■■■■■■                                                        |  30% of 100.9 MiB
build	Verify the public receiving route before publication	2026-10-04T17:51:33.5117689Z |■■■■■■■■■■■■■■■■■■■■■■■■■■■■■■■■                                                |  40% of 100.9 MiB
build	Verify the public receiving route before publication	2026-10-04T17:51:33.6637657Z |■■■■■■■■■■■■■■■■■■■■■■■■■■■■■■■■■■■■■■■■                                        |  50% of 100.9 MiB
build	Verify the public receiving route before publication	2026-10-04T17:51:33.7525973Z |■■■■■■■■■■■■■■■■■■■■■■■■■■■■■■■■■■■■■■■■■■■■■■■■                                |  60% of 100.9 MiB
build	Verify the public receiving route before publication	2026-10-04T17:51:33.8620672Z |■■■■■■■■■■■■■■■■■■■■■■■■■■■■■■■■■■■■■■■■■■■■■■■■■■■■■■■■                        |  70% of 100.9 MiB
build	Verify the public receiving route before publication	2026-10-04T17:51:34.0353399Z |■■■■■■■■■■■■■■■■■■■■■■■■■■■■■■■■■■■■■■■■■■■■■■■■■■■■■■■■■■■■■■■■                |  80% of 100.9 MiB
build	Verify the public receiving route before publication	2026-10-04T17:51:34.2139120Z |■■■■■■■■■■■■■■■■■■■■■■■■■■■■■■■■■■■■■■■■■■■■■■■■■■■■■■■■■■■■■■■■■■■■■■■■        |  90% of 100.9 MiB
build	Verify the public receiving route before publication	2026-10-04T17:51:34.3207087Z |■■■■■■■■■■■■■■■■■■■■■■■■■■■■■■■■■■■■■■■■■■■■■■■■■■■■■■■■■■■■■■■■■■■■■■■■■■■■■■■■| 100% of 100.9 MiB
build	Verify the public receiving route before publication	2026-10-04T17:51:36.1828426Z Chromium Headless Shell 134.0.6998.35 (playwright build v1161) downloaded to /home/runner/.cache/ms-playwright/chromium_headless_shell-1161
build	Verify the public receiving route before publication	2026-10-04T17:51:36.4970812Z curl: (7) Failed to connect to 127.0.0.1 port 4173 after 0 ms: Couldn't connect to server
build	Verify the public receiving route before publication	2026-10-04T17:51:40.8577668Z PASS retained-home-to-library
build	Verify the public receiving route before publication	2026-10-04T17:51:42.1006888Z PASS gallery-native-covers-search-and-no-eager-gpu
build	Verify the public receiving route before publication	2026-10-04T17:51:44.3138918Z PASS bounded-column-scenes-open-exact-ref
build	Verify the public receiving route before publication	2026-10-04T17:51:45.6720628Z PASS scene-source-full-return-and-reload
build	Verify the public receiving route before publication	2026-10-04T17:51:48.2850232Z PASS direct-subject-selection-overlay-and-focus-containment
build	Verify the public receiving route before publication	2026-10-04T17:51:51.1294669Z PASS real-frame-loop-pauses-in-library-and-restores-one-stage
build	Verify the public receiving route before publication	2026-10-04T17:51:51.4486596Z PASS keyboard-camera-and-source-crossing
build	Verify the public receiving route before publication	2026-10-04T17:51:53.1774067Z PASS detached-source-redock-preserves-subject
build	Verify the public receiving route before publication	2026-10-04T17:51:54.4562914Z PASS edition-drift-and-unavailable-exact-scene-refuse-silent-substitution
build	Verify the public receiving route before publication	2026-10-04T17:51:55.2830467Z PASS source-account-depth-and-no-authoring-or-write-requests
build	Verify the public receiving route before publication	2026-10-04T17:51:57.0405709Z PASS responsive-and-reduced-motion-320
build	Verify the public receiving route before publication	2026-10-04T17:51:58.6896132Z PASS responsive-and-reduced-motion-390
build	Verify the public receiving route before publication	2026-10-04T17:52:00.4557382Z PASS responsive-and-reduced-motion-768
build	Verify the public receiving route before publication	2026-10-04T17:52:02.5568037Z PASS responsive-and-reduced-motion-1440
build	Verify the public receiving route before publication	2026-10-04T17:52:03.2386658Z PASS storage-unavailable-still-readable
build	Verify the public receiving route before publication	2026-10-04T17:52:04.2416340Z PASS failed-publication-read-and-real-retry
build	Verify the public receiving route before publication	2026-10-04T17:52:04.6673734Z {"passed": 16, "failed": 0, "renderer": "native ProductionAdapter; software WebGL2", "standing": "Controlled browser evidence, not owner visual acceptance or deployment"}
build	Verify the public receiving route before publication	2026-10-04T17:52:06.9709859Z /home/runner/work/O-I/O-I/site/tests/library-regressions.py:23: DeprecationWarning: Image.Image.getdata is deprecated and will be removed in Pillow 14 (2027-10-15). Use get_flattened_data instead.
build	Verify the public receiving route before publication	2026-10-04T17:52:06.9711989Z   pixels=list(image.crop((x-35,y-35,x+35,y+35)).getdata())
build	Verify the public receiving route before publication	2026-10-04T17:52:10.5689801Z PASS 4 returned-reality regressions
build	Verify the public receiving route before publication	2026-10-04T17:52:12.1841270Z PASS production build reflects its actual publications and excludes development/test datasets
build	Verify the public receiving route before publication	2026-10-04T17:52:12.4850518Z PASS Library → actual-ref collection membership → subject; source revision pinned in URL
build	Verify the public receiving route before publication	2026-10-04T17:52:12.8906698Z PASS accepted NativeStage renders native Expression; separate revisions and reduced motion retained
build	Verify the public receiving route before publication	2026-10-04T17:52:13.6716794Z PASS Expression → same subject and paragraph; refresh and back/forward preserve exact reading
build	Verify the public receiving route before publication	2026-10-04T17:52:14.0795926Z PASS permitted native graph/source depth and standalone edition return to unchanged reading
build	Verify the public receiving route before publication	2026-10-04T17:52:14.1064847Z PASS missing exact edition is unavailable, never replaced with latest or fixture fallback
build	Verify the public receiving route before publication	2026-10-04T17:52:14.4939678Z PASS narrow screen has no horizontal overflow; keyboard focus reaches controls
build	Verify the public receiving route before publication	2026-10-04T17:52:14.8462267Z PASS native Library and retained Explore direct addresses open the same subject after refresh
build	Verify the public receiving route before publication	2026-10-04T17:52:15.5240689Z PASS uncached offline native reading reports unavailability without local/key fallback
build	Verify the public receiving route before publication	2026-10-04T17:52:15.5716738Z {"passed": 9, "fixture_scope": "tests only", "hosted_acceptance": false}
build	Verify the public receiving route before publication	2026-10-04T17:52:18.0538537Z PASS http://127.0.0.1:36449/essay
build	Verify the public receiving route before publication	2026-10-04T17:52:19.4251630Z PASS http://127.0.0.1:36449/essay/symbolon/matheme/README
build	Verify the public receiving route before publication	2026-10-04T17:52:20.5557604Z PASS http://127.0.0.1:36449/essay/section-rooms/00-integral-threshold/ROOM-00-integral-threshold
build	Verify the public receiving route before publication	2026-10-04T17:52:21.9185416Z PASS http://127.0.0.1:36449/essay/section-rooms/arguments/A01-Subject-God-and-Faithful-Definition
build	Verify the public receiving route before publication	2026-10-04T17:52:23.3587987Z PASS http://127.0.0.1:36449/essay/symbolon/matheme/diagrams/torus-square-quotient-and-winding
build	Verify the public receiving route before publication	2026-10-04T17:52:25.4488664Z PASS http://127.0.0.1:36449/essay/THE-RETURN-OF-ZERO
build	Verify the public receiving route before publication	2026-10-04T17:52:26.5949331Z PASS http://127.0.0.1:36449/essay/section-rooms/00-integral-threshold/movements/01-s01-p0-question-before-mechanism
build	Verify the public receiving route before publication	2026-10-04T17:52:27.6290504Z PASS http://127.0.0.1:36449/essay/section-rooms
build	Verify the public receiving route before publication	2026-10-04T17:52:29.2726491Z PASS http://127.0.0.1:36449/essay/not-a-real-page
build	Verify the public receiving route before publication	2026-10-04T17:52:30.4946870Z PASS http://127.0.0.1:36449/symbolon/matheme/README
build	Verify the public receiving route before publication	2026-10-04T17:52:32.1209446Z PASS http://127.0.0.1:36449/manuscript
build	Verify the public receiving route before publication	2026-10-04T17:52:33.8302710Z PASS http://127.0.0.1:34667/O-I/essay
build	Verify the public receiving route before publication	2026-10-04T17:52:34.3990527Z PASS http://127.0.0.1:34667/O-I/essay/not-a-real-page
build	Verify the public receiving route before publication	2026-10-04T17:52:34.6258620Z PASS pages non-essay 404 stays out of the essay
build	Verify the public receiving route before publication	2026-10-04T17:52:34.8366489Z ----------------------------------------
build	Verify the public receiving route before publication	2026-10-04T17:52:34.8367112Z Exception occurred during processing of request from ('127.0.0.1', 55014)
build	Verify the public receiving route before publication	2026-10-04T17:52:34.8370172Z Traceback (most recent call last):
build	Verify the public receiving route before publication	2026-10-04T17:52:34.8374098Z   File "/usr/lib/python3.12/socketserver.py", line 692, in process_request_thread
build	Verify the public receiving route before publication	2026-10-04T17:52:34.8375218Z     self.finish_request(request, client_address)
build	Verify the public receiving route before publication	2026-10-04T17:52:34.8376098Z   File "/usr/lib/python3.12/socketserver.py", line 362, in finish_request
build	Verify the public receiving route before publication	2026-10-04T17:52:34.8376956Z     self.RequestHandlerClass(request, client_address, self)
build	Verify the public receiving route before publication	2026-10-04T17:52:34.8377767Z   File "/usr/lib/python3.12/socketserver.py", line 761, in __init__
build	Verify the public receiving route before publication	2026-10-04T17:52:34.8378420Z     self.handle()
build	Verify the public receiving route before publication	2026-10-04T17:52:34.8380405Z   File "/usr/lib/python3.12/http/server.py", line 436, in handle
build	Verify the public receiving route before publication	2026-10-04T17:52:34.8381121Z     self.handle_one_request()
build	Verify the public receiving route before publication	2026-10-04T17:52:34.8381884Z   File "/usr/lib/python3.12/http/server.py", line 424, in handle_one_request
build	Verify the public receiving route before publication	2026-10-04T17:52:34.8382617Z     method()
build	Verify the public receiving route before publication	2026-10-04T17:52:34.8383324Z   File "/home/runner/work/O-I/O-I/site/tests/essay-host-smoke.py", line 126, in do_GET
build	Verify the public receiving route before publication	2026-10-04T17:52:34.8384067Z     self.wfile.write(body)
build	Verify the public receiving route before publication	2026-10-04T17:52:34.8402636Z   File "/usr/lib/python3.12/socketserver.py", line 840, in write
build	Verify the public receiving route before publication	2026-10-04T17:52:34.8403308Z     self._sock.sendall(b)
build	Verify the public receiving route before publication	2026-10-04T17:52:34.8403787Z ConnectionResetError: [Errno 104] Connection reset by peer
build	Verify the public receiving route before publication	2026-10-04T17:52:34.8404580Z ----------------------------------------
build	Verify the public receiving route before publication	2026-10-04T17:52:35.4945738Z PASS vercel / retains the original hero and developed home
build	Verify the public receiving route before publication	2026-10-04T17:53:36.7340954Z PASS vercel-1440
build	Verify the public receiving route before publication	2026-10-04T17:54:35.0381483Z PASS vercel-1100
build	Verify the public receiving route before publication	2026-10-04T17:56:46.4442001Z PASS vercel-900
build	Verify the public receiving route before publication	2026-10-04T17:57:26.7120555Z PASS vercel-390
build	Verify the public receiving route before publication	2026-10-04T17:57:28.3978646Z ----------------------------------------
build	Verify the public receiving route before publication	2026-10-04T17:57:28.3997045Z Exception occurred during processing of request from ('127.0.0.1', 56668)
build	Verify the public receiving route before publication	2026-10-04T17:57:28.4054748Z Traceback (most recent call last):
build	Verify the public receiving route before publication	2026-10-04T17:57:28.4077129Z   File "/usr/lib/python3.12/socketserver.py", line 692, in process_request_thread
build	Verify the public receiving route before publication	2026-10-04T17:57:28.4085704Z     self.finish_request(request, client_address)
build	Verify the public receiving route before publication	2026-10-04T17:57:28.4097671Z   File "/usr/lib/python3.12/socketserver.py", line 362, in finish_request
build	Verify the public receiving route before publication	2026-10-04T17:57:28.4098699Z     self.RequestHandlerClass(request, client_address, self)
build	Verify the public receiving route before publication	2026-10-04T17:57:28.4099689Z   File "/usr/lib/python3.12/socketserver.py", line 761, in __init__
build	Verify the public receiving route before publication	2026-10-04T17:57:28.4100603Z     self.handle()
build	Verify the public receiving route before publication	2026-10-04T17:57:28.4101308Z   File "/usr/lib/python3.12/http/server.py", line 436, in handle
build	Verify the public receiving route before publication	2026-10-04T17:57:28.4103568Z     self.handle_one_request()
build	Verify the public receiving route before publication	2026-10-04T17:57:28.4104437Z   File "/usr/lib/python3.12/http/server.py", line 424, in handle_one_request
build	Verify the public receiving route before publication	2026-10-04T17:57:28.4105593Z     method()
build	Verify the public receiving route before publication	2026-10-04T17:57:28.4106433Z   File "/home/runner/work/O-I/O-I/site/tests/essay-host-smoke.py", line 126, in do_GET
build	Verify the public receiving route before publication	2026-10-04T17:57:28.4107705Z     self.wfile.write(body)
build	Verify the public receiving route before publication	2026-10-04T17:57:28.4108508Z   File "/usr/lib/python3.12/socketserver.py", line 840, in write
build	Verify the public receiving route before publication	2026-10-04T17:57:28.4109349Z     self._sock.sendall(b)
build	Verify the public receiving route before publication	2026-10-04T17:57:28.4110206Z ConnectionResetError: [Errno 104] Connection reset by peer
build	Verify the public receiving route before publication	2026-10-04T17:57:28.4111073Z ----------------------------------------
build	Verify the public receiving route before publication	2026-10-04T17:57:35.1801129Z PASS vercel-900-deep-routes-and-search
build	Verify the public receiving route before publication	2026-10-04T17:57:38.2097167Z ----------------------------------------
build	Verify the public receiving route before publication	2026-10-04T17:57:38.2106037Z Exception occurred during processing of request from ('127.0.0.1', 34798)
build	Verify the public receiving route before publication	2026-10-04T17:57:38.2135821Z Traceback (most recent call last):
build	Verify the public receiving route before publication	2026-10-04T17:57:38.2165779Z   File "/usr/lib/python3.12/socketserver.py", line 692, in process_request_thread
build	Verify the public receiving route before publication	2026-10-04T17:57:38.2179822Z     self.finish_request(request, client_address)
build	Verify the public receiving route before publication	2026-10-04T17:57:38.2206745Z   File "/usr/lib/python3.12/socketserver.py", line 362, in finish_request
build	Verify the public receiving route before publication	2026-10-04T17:57:38.2208089Z     self.RequestHandlerClass(request, client_address, self)
build	Verify the public receiving route before publication	2026-10-04T17:57:38.2208973Z   File "/usr/lib/python3.12/socketserver.py", line 761, in __init__
build	Verify the public receiving route before publication	2026-10-04T17:57:38.2209705Z     self.handle()
build	Verify the public receiving route before publication	2026-10-04T17:57:38.2210309Z   File "/usr/lib/python3.12/http/server.py", line 436, in handle
build	Verify the public receiving route before publication	2026-10-04T17:57:38.2210945Z     self.handle_one_request()
build	Verify the public receiving route before publication	2026-10-04T17:57:38.2211641Z   File "/usr/lib/python3.12/http/server.py", line 424, in handle_one_request
build	Verify the public receiving route before publication	2026-10-04T17:57:38.2212295Z     method()
build	Verify the public receiving route before publication	2026-10-04T17:57:38.2212975Z   File "/home/runner/work/O-I/O-I/site/tests/essay-host-smoke.py", line 126, in do_GET
build	Verify the public receiving route before publication	2026-10-04T17:57:38.2213753Z     self.wfile.write(body)
build	Verify the public receiving route before publication	2026-10-04T17:57:38.2214364Z   File "/usr/lib/python3.12/socketserver.py", line 840, in write
build	Verify the public receiving route before publication	2026-10-04T17:57:38.2215204Z     self._sock.sendall(b)
build	Verify the public receiving route before publication	2026-10-04T17:57:38.2215883Z ConnectionResetError: [Errno 104] Connection reset by peer
build	Verify the public receiving route before publication	2026-10-04T17:57:38.2216396Z ----------------------------------------
build	Verify the public receiving route before publication	2026-10-04T17:57:50.2182109Z PASS vercel-1440-deep-routes-and-search
build	Verify the public receiving route before publication	2026-10-04T17:58:55.2325550Z PASS pages-1440
build	Verify the public receiving route before publication	2026-10-04T17:59:50.9479282Z PASS pages-1100
build	Verify the public receiving route before publication	2026-10-04T18:02:04.3872425Z PASS pages-900
build	Verify the public receiving route before publication	2026-10-04T18:02:42.9093307Z PASS pages-390
build	Verify the public receiving route before publication	2026-10-04T18:02:44.6826153Z ----------------------------------------
build	Verify the public receiving route before publication	2026-10-04T18:02:44.6875890Z Exception occurred during processing of request from ('127.0.0.1', 50358)
build	Verify the public receiving route before publication	2026-10-04T18:02:44.6951883Z Traceback (most recent call last):
build	Verify the public receiving route before publication	2026-10-04T18:02:44.6986069Z   File "/usr/lib/python3.12/socketserver.py", line 692, in process_request_thread
build	Verify the public receiving route before publication	2026-10-04T18:02:44.6987443Z     self.finish_request(request, client_address)
build	Verify the public receiving route before publication	2026-10-04T18:02:44.6988432Z   File "/usr/lib/python3.12/socketserver.py", line 362, in finish_request
build	Verify the public receiving route before publication	2026-10-04T18:02:44.6989511Z     self.RequestHandlerClass(request, client_address, self)
build	Verify the public receiving route before publication	2026-10-04T18:02:44.6990491Z   File "/usr/lib/python3.12/socketserver.py", line 761, in __init__
build	Verify the public receiving route before publication	2026-10-04T18:02:44.6996461Z     self.handle()
build	Verify the public receiving route before publication	2026-10-04T18:02:44.6997396Z   File "/usr/lib/python3.12/http/server.py", line 436, in handle
build	Verify the public receiving route before publication	2026-10-04T18:02:44.6998428Z     self.handle_one_request()
build	Verify the public receiving route before publication	2026-10-04T18:02:44.7017894Z   File "/usr/lib/python3.12/http/server.py", line 424, in handle_one_request
build	Verify the public receiving route before publication	2026-10-04T18:02:44.7019387Z     method()
build	Verify the public receiving route before publication	2026-10-04T18:02:44.7020443Z   File "/home/runner/work/O-I/O-I/site/tests/essay-host-smoke.py", line 126, in do_GET
build	Verify the public receiving route before publication	2026-10-04T18:02:44.7021693Z     self.wfile.write(body)
build	Verify the public receiving route before publication	2026-10-04T18:02:44.7022649Z   File "/usr/lib/python3.12/socketserver.py", line 840, in write
build	Verify the public receiving route before publication	2026-10-04T18:02:44.7023546Z     self._sock.sendall(b)
build	Verify the public receiving route before publication	2026-10-04T18:02:44.7024528Z ConnectionResetError: [Errno 104] Connection reset by peer
build	Verify the public receiving route before publication	2026-10-04T18:02:44.7030189Z ----------------------------------------
build	Verify the public receiving route before publication	2026-10-04T18:02:50.8036464Z PASS pages-900-deep-routes-and-search
build	Verify the public receiving route before publication	2026-10-04T18:02:53.7127156Z ----------------------------------------
build	Verify the public receiving route before publication	2026-10-04T18:02:53.7131480Z Exception occurred during processing of request from ('127.0.0.1', 44108)
build	Verify the public receiving route before publication	2026-10-04T18:02:53.7132988Z Traceback (most recent call last):
build	Verify the public receiving route before publication	2026-10-04T18:02:53.7134012Z   File "/usr/lib/python3.12/socketserver.py", line 692, in process_request_thread
build	Verify the public receiving route before publication	2026-10-04T18:02:53.7135390Z     self.finish_request(request, client_address)
build	Verify the public receiving route before publication	2026-10-04T18:02:53.7136433Z   File "/usr/lib/python3.12/socketserver.py", line 362, in finish_request
build	Verify the public receiving route before publication	2026-10-04T18:02:53.7137476Z     self.RequestHandlerClass(request, client_address, self)
build	Verify the public receiving route before publication	2026-10-04T18:02:53.7138471Z   File "/usr/lib/python3.12/socketserver.py", line 761, in __init__
build	Verify the public receiving route before publication	2026-10-04T18:02:53.7139273Z     self.handle()
build	Verify the public receiving route before publication	2026-10-04T18:02:53.7140040Z   File "/usr/lib/python3.12/http/server.py", line 436, in handle
build	Verify the public receiving route before publication	2026-10-04T18:02:53.7140827Z     self.handle_one_request()
build	Verify the public receiving route before publication	2026-10-04T18:02:53.7141711Z   File "/usr/lib/python3.12/http/server.py", line 424, in handle_one_request
build	Verify the public receiving route before publication	2026-10-04T18:02:53.7142560Z     method()
build	Verify the public receiving route before publication	2026-10-04T18:02:53.7143434Z   File "/home/runner/work/O-I/O-I/site/tests/essay-host-smoke.py", line 126, in do_GET
build	Verify the public receiving route before publication	2026-10-04T18:02:53.7144357Z     self.wfile.write(body)
build	Verify the public receiving route before publication	2026-10-04T18:02:53.7145401Z   File "/usr/lib/python3.12/socketserver.py", line 840, in write
build	Verify the public receiving route before publication	2026-10-04T18:02:53.7173584Z     self._sock.sendall(b)
build	Verify the public receiving route before publication	2026-10-04T18:02:53.7181058Z ConnectionResetError: [Errno 104] Connection reset by peer
build	Verify the public receiving route before publication	2026-10-04T18:02:53.7182394Z ----------------------------------------
build	Verify the public receiving route before publication	2026-10-04T18:03:04.2005919Z PASS pages-1440-deep-routes-and-search
build	Retain publication verification separately from deployable files	﻿2026-10-04T18:03:05.6653327Z ##[group]Run actions/upload-artifact@v4
build	Retain publication verification separately from deployable files	2026-10-04T18:03:05.6653656Z with:
build	Retain publication verification separately from deployable files	2026-10-04T18:03:05.6654027Z   name: public-reading-verification-4ed9edb102ad0b2a4208df9a3373bef462e10e09
build	Retain publication verification separately from deployable files	2026-10-04T18:03:05.6654492Z   path: site/evidence/library/
build	Retain publication verification separately from deployable files	2026-10-04T18:03:05.6654764Z   if-no-files-found: ignore
build	Retain publication verification separately from deployable files	2026-10-04T18:03:05.6655309Z   retention-days: 14
build	Retain publication verification separately from deployable files	2026-10-04T18:03:05.6655546Z   compression-level: 6
build	Retain publication verification separately from deployable files	2026-10-04T18:03:05.6655778Z   overwrite: false
build	Retain publication verification separately from deployable files	2026-10-04T18:03:05.6656004Z   include-hidden-files: false
build	Retain publication verification separately from deployable files	2026-10-04T18:03:05.6656254Z env:
build	Retain publication verification separately from deployable files	2026-10-04T18:03:05.6711957Z   OI_LIBRARY_PUBLICATIONS: ["/home/runner/work/O-I/O-I/site/publications/return-of-zero-curated/world-publication.json","/home/runner/work/O-I/O-I/site/publications/return-of-zero-curated/expression-roz-a-arguments.json","/home/runner/work/O-I/O-I/site/publications/return-of-zero-curated/expression-roz-a-prime-conjugates.json","/home/runner/work/O-I/O-I/site/publications/return-of-zero-curated/expression-roz-ac-root.json","/home/runner/work/O-I/O-I/site/publications/return-of-zero-curated/expression-roz-c-concepts-1.json","/home/runner/work/O-I/O-I/site/publications/return-of-zero-curated/expression-roz-c-concepts-2.json","/home/runner/work/O-I/O-I/site/publications/return-of-zero-curated/expression-roz-dossiers.json","/home/runner/work/O-I/O-I/site/publications/return-of-zero-curated/expression-roz-etymologies.json","/home/runner/work/O-I/O-I/site/publications/return-of-zero-curated/expression-roz-histories.json","/home/runner/work/O-I/O-I/site/publications/return-of-zero-curated/expression-roz-lenses-aphorism.json","/home/runner/work/O-I/O-I/site/publications/return-of-zero-curated/expression-roz-s-products.json","/home/runner/work/O-I/O-I/site/publications/return-of-zero-curated/expression-roz-matheme-computation.json","/home/runner/work/O-I/O-I/site/publications/return-of-zero-curated/expression-roz-matheme-formal-neighbours.json","/home/runner/work/O-I/O-I/site/publications/return-of-zero-curated/expression-roz-matheme-four-files.json","/home/runner/work/O-I/O-I/site/publications/return-of-zero-curated/expression-roz-matheme-logics.json","/home/runner/work/O-I/O-I/site/publications/return-of-zero-curated/expression-roz-matheme-ql-spanda.json","/home/runner/work/O-I/O-I/site/publications/return-of-zero-curated/expression-roz-matheme-topology-harmonics.json","/home/runner/work/O-I/O-I/site/publications/return-of-zero-curated/expression-roz-symbolon-spine.json","/home/runner/work/O-I/O-I/site/publications/return-of-zero-curated/expression-roz-symbolon-whole.json","/home/runner/work/O-I/O-I/site/publications/return-of-zero-curated/expression-roz-mytheme-antikythera-attunement.json","/home/runner/work/O-I/O-I/site/publications/return-of-zero-curated/expression-roz-mytheme-apollo-dionysus-daphne.json","/home/runner/work/O-I/O-I/site/publications/return-of-zero-curated/expression-roz-mytheme-apollo-eros-daphne-peneus.json","/home/runner/work/O-I/O-I/site/publications/return-of-zero-curated/expression-roz-mytheme-ares-aphrodite-hephaestus-poseidon.json","/home/runner/work/O-I/O-I/site/publications/return-of-zero-curated/expression-roz-mytheme-avatar-image-mask-idol.json","/home/runner/work/O-I/O-I/site/publications/return-of-zero-curated/expression-roz-mytheme-eros-psyche.json","/home/runner/work/O-I/O-I/site/publications/return-of-zero-curated/expression-roz-mytheme-goethe-permanence-change.json","/home/runner/work/O-I/O-I/site/publications/return-of-zero-curated/expression-roz-mytheme-indra-net.json","/home/runner/work/O-I/O-I/site/publications/return-of-zero-curated/expression-roz-mytheme-job.json","/home/runner/work/O-I/O-I/site/publications/return-of-zero-curated/expression-roz-mytheme-maya-eye-veil-frame-horizon.json","/home/runner/work/O-I/O-I/site/publications/return-of-zero-curated/expression-roz-mytheme-meal-epistemic-metabolism.json","/home/runner/work/O-I/O-I/site/publications/return-of-zero-curated/expression-roz-mytheme-mirror-that-moves-first.json","/home/runner/work/O-I/O-I/site/publications/return-of-zero-curated/expression-roz-mytheme-mother-assumption-chiasm.json","/home/runner/work/O-I/O-I/site/publications/return-of-zero-curated/expression-roz-mytheme-myth-attica-athena-poseidon-cecrops.json","/home/runner/work/O-I/O-I/site/publications/return-of-zero-curated/expression-roz-mytheme-myth-hypostasis-archons-norea-sophia.json","/home/runner/work/O-I/O-I/site/publications/return-of-zero-curated/expression-roz-mytheme-narrative-fanon-language-gaze-mask-recognition.json","/home/runner/work/O-I/O-I/site/publications/return-of-zero-curated/expression-roz-mytheme-narrative-jung-aion-fishes-christ-antichrist-alchemy.json","/home/runner/work/O-I/O-I/site/publications/return-of-zero-curated/expression-roz-mytheme-neumann-images.json","/home/runner/work/O-I/O-I/site/publications/return-of-zero-curated/expression-roz-mytheme-pauli-egg-dream.json","/home/runner/work/O-I/O-I/site/publications/return-of-zero-curated/expression-roz-mytheme-stained-glass-refraction.json","/home/runner/work/O-I/O-I/site/publications/return-of-zero-curated/expression-roz-mytheme-taylor-authored-images.json","/home/runner/work/O-I/O-I/site/publications/return-of-zero-curated/expression-roz-mytheme-the-prisoner.json","/home/runner/work/O-I/O-I/site/publications/return-of-zero-curated/expression-roz-mytheme-travelling-jigsaw-atlas.json","/home/runner/work/O-I/O-I/site/publications/return-of-zero-curated/expression-roz-mytheme-uroboros-trickster.json","/home/runner/work/O-I/O-I/site/publications/return-of-zero-curated/expression-roz-mytheme-valentinian-sophia-horos-achamoth.json","/home/runner/work/O-I/O-I/site/publications/return-of-zero-curated/expression-roz-essay-reading.json","/home/runner/work/O-I/O-I/site/publications/return-of-zero-curated/expression-roz-room-00-integral-threshold.json","/home/runner/work/O-I/O-I/site/publications/return-of-zero-curated/expression-roz-room-01-differentiating-mind.json","/home/runner/work/O-I/O-I/site/publications/return-of-zero-curated/expression-roz-room-02-return-of-zero.json","/home/runner/work/O-I/O-I/site/publications/return-of-zero-curated/expression-roz-room-03-two-logics.json","/home/runner/work/O-I/O-I/site/publications/return-of-zero-curated/expression-roz-room-04-mathematical-substrate.json","/home/runner/work/O-I/O-I/site/publications/return-of-zero-curated/expression-roz-room-05-psychoid-flowering.json","/home/runner/work/O-I/O-I/site/publications/return-of-zero-curated/expression-roz-room-06-objective-internality.json","/home/runner/work/O-I/O-I/site/publications/return-of-zero-curated/expression-roz-room-07-instrument-returns.json","/home/runner/work/O-I/O-I/site/publications/return-of-zero-curated/expression-sp-actuation-docs.json","/home/runner/work/O-I/O-I/site/publications/return-of-zero-curated/expression-sp-actuation-now-day-2026-09-11-1.json","/home/runner/work/O-I/O-I/site/publications/return-of-zero-curated/expression-sp-actuation-now-day-2026-09-11-2.json","/home/runner/work/O-I/O-I/site/publications/return-of-zero-curated/expression-sp-actuation-now-day-2026-09-12-1.json","/home/runner/work/O-I/O-I/site/publications/return-of-zero-curated/expression-sp-actuation-now-day-2026-09-12-2.json","/home/runner/work/O-I/O-I/site/publications/return-of-zero-curated/expression-sp-actuation-product.json","/home/runner/work/O-I/O-I/site/publications/return-of-zero-curated/expression-sp-actuation-projectcentral-governance.json","/home/runner/work/O-I/O-I/site/publications/return-of-zero-curated/expression-sp-actuation-ql-runtime-comparison.json","/home/runner/work/O-I/O-I/site/publications/return-of-zero-curated/expression-sp-actuation-ql-runtime-deep-prime.json","/home/runner/work/O-I/O-I/site/publications/return-of-zero-curated/expression-sp-actuation-ql-runtime-experiment-trees-1.json","/home/runner/work/O-I/O-I/site/publications/return-of-zero-curated/expression-sp-actuation-ql-runtime-experiment-trees-2.json","/home/runner/work/O-I/O-I/site/publications/return-of-zero-curated/expression-sp-actuation-ql-runtime-foundations.json","/home/runner/work/O-I/O-I/site/publications/return-of-zero-curated/expression-sp-actuation-ql-runtime-protocols.json","/home/runner/work/O-I/O-I/site/publications/return-of-zero-curated/expression-sp-actuation-ql-runtime-reviews-1.json","/home/runner/work/O-I/O-I/site/publications/return-of-zero-curated/expression-sp-actuation-ql-runtime-reviews-2.json","/home/runner/work/O-I/O-I/site/publications/return-of-zero-curated/expression-sp-actuation-rust-refoundation-1.json","/home/runner/work/O-I/O-I/site/publications/return-of-zero-curated/expression-sp-actuation-rust-refoundation-2.json","/home/runner/work/O-I/O-I/site/publications/return-of-zero-curated/expression-sp-actuation-skills.json","/home/runner/work/O-I/O-I/site/publications/return-of-zero-curated/expression-sp-actuation.json","/home/runner/work/O-I/O-I/site/publications/return-of-zero-curated/expression-sp-aikit-fd-adr-implementation.json","/home/runner/work/O-I/O-I/site/publications/return-of-zero-curated/expression-sp-aikit-fd-docs-p1.json","/home/runner/work/O-I/O-I/site/publications/return-of-zero-curated/expression-sp-aikit-fd-docs-p2.json","/home/runner/work/O-I/O-I/site/publications/return-of-zero-curated/expression-sp-aikit-fd-ground.json","/home/runner/work/O-I/O-I/site/publications/return-of-zero-curated/expression-sp-aikit-fd-periphery.json","/home/runner/work/O-I/O-I/site/publications/return-of-zero-curated/expression-sp-aikit-fd-plans.json","/home/runner/work/O-I/O-I/site/publications/return-of-zero-curated/expression-sp-aikit-fd-skills-p1.json","/home/runner/work/O-I/O-I/site/publications/return-of-zero-curated/expression-sp-aikit-fd-skills-p2.json","/home/runner/work/O-I/O-I/site/publications/return-of-zero-curated/expression-sp-aikit-fd-v2-p1.json","/home/runner/work/O-I/O-I/site/publications/return-of-zero-curated/expression-sp-aikit-fd-v2-p2.json","/home/runner/work/O-I/O-I/site/publications/return-of-zero-curated/expression-sp-aikit.json","/home/runner/work/O-I/O-I/site/publications/return-of-zero-curated/expression-sp-central-ctrl-defaults.json","/home/runner/work/O-I/O-I/site/publications/return-of-zero-curated/expression-sp-central-docs-connectors.json","/home/runner/work/O-I/O-I/site/publications/return-of-zero-curated/expression-sp-central-docs-governance.json","/home/runner/work/O-I/O-I/site/publications/return-of-zero-curated/expression-sp-central-docs-operations.json","/home/runner/work/O-I/O-I/site/publications/return-of-zero-curated/expression-sp-central-docs-vision.json","/home/runner/work/O-I/O-I/site/publications/return-of-zero-curated/expression-sp-central-projectcentral.json","/home/runner/work/O-I/O-I/site/publications/return-of-zero-curated/expression-sp-central-root-and-connectors.json","/home/runner/work/O-I/O-I/site/publications/return-of-zero-curated/expression-sp-central-skills.json","/home/runner/work/O-I/O-I/site/publications/return-of-zero-curated/expression-sp-central-surfaces.json","/home/runner/work/O-I/O-I/site/publications/return-of-zero-curated/expression-sp-central.json","/home/runner/work/O-I/O-I/site/publications/return-of-zero-curated/expression-sp-factory-fd-docs-canon-modules.json","/home/runner/work/O-I/O-I/site/publications/return-of-zero-curated/expression-sp-factory-fd-docs-canon.json","/home/runner/work/O-I/O-I/site/publications/return-of-zero-curated/expression-sp-factory-fd-docs-program-research.json","/home/runner/work/O-I/O-I/site/publications/return-of-zero-curated/expression-sp-factory-fd-inkwell-claude-front.json","/home/runner/work/O-I/O-I/site/publications/return-of-zero-curated/expression-sp-factory-fd-inkwell-orchestrator.json","/home/runner/work/O-I/O-I/site/publications/return-of-zero-curated/expression-sp-factory-fd-inkwell-overview-appdocs.json","/home/runner/work/O-I/O-I/site/publications/return-of-zero-curated/expression-sp-factory-fd-inkwell-prompts.json","/home/runner/work/O-I/O-I/site/publications/return-of-zero-curated/expression-sp-factory-fd-inkwell-specs.json","/home/runner/work/O-I/O-I/site/publications/return-of-zero-curated/expression-sp-factory-fd-inkwell-sssf-1.json","/home/runner/work/O-I/O-I/site/publications/return-of-zero-curated/expression-sp-factory-fd-inkwell-sssf-2.json","/home/runner/work/O-I/O-I/site/publications/return-of-zero-curated/expression-sp-factory-fd-inkwell-templates-adws.json","/home/runner/work/O-I/O-I/site/publications/return-of-zero-curated/expression-sp-factory-fd-product-root.json","/home/runner/work/O-I/O-I/site/publications/return-of-zero-curated/expression-sp-factory-fd-ql-core.json","/home/runner/work/O-I/O-I/site/publications/return-of-zero-curated/expression-sp-factory-fd-ql-experiments.json","/home/runner/work/O-I/O-I/site/publications/return-of-zero-curated/expression-sp-factory-fd-seed-docs.json","/home/runner/work/O-I/O-I/site/publications/return-of-zero-curated/expression-sp-factory-fd-sites.json","/home/runner/work/O-I/O-I/site/publications/return-of-zero-curated/expression-sp-factory-fd-skills.json","/home/runner/work/O-I/O-I/site/publications/return-of-zero-curated/expression-sp-factory-fd-sssf-1.json","/home/runner/work/O-I/O-I/site/publications/return-of-zero-curated/expression-sp-factory-fd-sssf-2.json","/home/runner/work/O-I/O-I/site/publications/return-of-zero-curated/expression-sp-factory.json","/home/runner/work/O-I/O-I/site/publications/return-of-zero-curated/expression-sp-ql.json","/home/runner/work/O-I/O-I/site/publications/return-of-zero-curated/expression-sp-ql-fd-craft.json","/home/runner/work/O-I/O-I/site/publications/return-of-zero-curated/expression-sp-ql-fd-docs-p1.json","/home/runner/work/O-I/O-I/site/publications/return-of-zero-curated/expression-sp-ql-fd-docs-p2.json","/home/runner/work/O-I/O-I/site/publications/return-of-zero-curated/expression-sp-ql-fd-epi-logos-p1.json","/home/runner/work/O-I/O-I/site/publications/return-of-zero-curated/expression-sp-ql-fd-epi-logos-p2.json","/home/runner/work/O-I/O-I/site/publications/return-of-zero-curated/expression-sp-ql-fd-epi-logos-p3.json","/home/runner/work/O-I/O-I/site/publications/return-of-zero-curated/expression-sp-ql-fd-epi-logos-p4.json","/home/runner/work/O-I/O-I/site/publications/return-of-zero-curated/expression-sp-ql-fd-fixtures.json","/home/runner/work/O-I/O-I/site/publications/return-of-zero-curated/expression-sp-ql-fd-geometry.json","/home/runner/work/O-I/O-I/site/publications/return-of-zero-curated/expression-sp-ql-fd-ground.json","/home/runner/work/O-I/O-I/site/publications/return-of-zero-curated/expression-sp-ql-fd-kernel-rebuild-p1.json","/home/runner/work/O-I/O-I/site/publications/return-of-zero-curated/expression-sp-ql-fd-kernel-rebuild-p2.json","/home/runner/work/O-I/O-I/site/publications/return-of-zero-curated/expression-sp-ql-fd-kernel-rebuild-p3.json","/home/runner/work/O-I/O-I/site/publications/return-of-zero-curated/expression-sp-ql-fd-periphery.json","/home/runner/work/O-I/O-I/site/publications/return-of-zero-curated/expression-sp-ql-fd-skills.json","/home/runner/work/O-I/O-I/site/publications/return-of-zero-curated/expression-sp-workcell-docs-connectivity.json","/home/runner/work/O-I/O-I/site/publications/return-of-zero-curated/expression-sp-workcell-docs-operations.json","/home/runner/work/O-I/O-I/site/publications/return-of-zero-curated/expression-sp-workcell-docs-platform.json","/home/runner/work/O-I/O-I/site/publications/return-of-zero-curated/expression-sp-workcell-docs-sources.json","/home/runner/work/O-I/O-I/site/publications/return-of-zero-curated/expression-sp-workcell-projectcentral.json","/home/runner/work/O-I/O-I/site/publications/return-of-zero-curated/expression-sp-workcell-sdk-and-skills.json","/home/runner/work/O-I/O-I/site/publications/return-of-zero-curated/expression-sp-workcell.json"]
build	Retain publication verification separately from deployable files	2026-10-04T18:03:05.6770323Z ##[endgroup]
build	Retain publication verification separately from deployable files	2026-10-04T18:03:05.8492788Z (node:5933) [DEP0040] DeprecationWarning: The `punycode` module is deprecated. Please use a userland alternative instead.
build	Retain publication verification separately from deployable files	2026-10-04T18:03:05.8493733Z (Use `node --trace-deprecation ...` to show where the warning was created)
build	Retain publication verification separately from deployable files	2026-10-04T18:03:05.8604058Z With the provided path, there will be 29 files uploaded
build	Retain publication verification separately from deployable files	2026-10-04T18:03:05.8625670Z Artifact name is valid!
build	Retain publication verification separately from deployable files	2026-10-04T18:03:05.8626456Z Root directory input is valid!
build	Retain publication verification separately from deployable files	2026-10-04T18:03:06.1036207Z Beginning upload of artifact content to blob storage
build	Retain publication verification separately from deployable files	2026-10-04T18:03:06.4137117Z (node:5933) [DEP0169] DeprecationWarning: `url.parse()` behavior is not standardized and prone to errors that have security implications. Use the WHATWG URL API instead. CVEs are not issued for `url.parse()` vulnerabilities.
build	Retain publication verification separately from deployable files	2026-10-04T18:03:06.7915792Z Uploaded bytes 7860110
build	Retain publication verification separately from deployable files	2026-10-04T18:03:06.8247020Z Finished uploading artifact content to blob storage!
build	Retain publication verification separately from deployable files	2026-10-04T18:03:06.8248516Z SHA256 digest of uploaded artifact zip is d073f279f3ccc57602cadb238c4ad40d7c085df4ebc5933d16b57f1af29e0aad
build	Retain publication verification separately from deployable files	2026-10-04T18:03:06.8249642Z Finalizing artifact upload
build	Retain publication verification separately from deployable files	2026-10-04T18:03:07.0303673Z Artifact public-reading-verification-4ed9edb102ad0b2a4208df9a3373bef462e10e09.zip successfully finalized. Artifact ID 11310547969
build	Retain publication verification separately from deployable files	2026-10-04T18:03:07.0305779Z Artifact public-reading-verification-4ed9edb102ad0b2a4208df9a3373bef462e10e09 has been successfully uploaded! Final size is 7860110 bytes. Artifact ID is 11310547969
build	Retain publication verification separately from deployable files	2026-10-04T18:03:07.0309978Z Artifact download URL: https://github.com/EpiLogos/O-I/actions/runs/37221500003/artifacts/11310547969
build	Post Run actions/setup-node@v4	﻿2026-10-04T18:03:07.0509593Z Post job cleanup.
build	Post Run actions/setup-node@v4	2026-10-04T18:03:07.1750009Z (node:5946) [DEP0040] DeprecationWarning: The `punycode` module is deprecated. Please use a userland alternative instead.
build	Post Run actions/setup-node@v4	2026-10-04T18:03:07.1751103Z (Use `node --trace-deprecation ...` to show where the warning was created)
build	Post Check out the exact current essay reading snapshot	﻿2026-10-04T18:03:07.1939405Z Post job cleanup.
build	Post Check out the exact current essay reading snapshot	2026-10-04T18:03:07.2862279Z [command]/usr/bin/git version
build	Post Check out the exact current essay reading snapshot	2026-10-04T18:03:07.2908141Z git version 2.55.0
build	Post Check out the exact current essay reading snapshot	2026-10-04T18:03:07.2946026Z Copying '/home/runner/.gitconfig' to '/home/runner/work/_temp/b253bf49-be6a-489e-83e0-ddc181beff25/.gitconfig'
build	Post Check out the exact current essay reading snapshot	2026-10-04T18:03:07.2961636Z Temporarily overriding HOME='/home/runner/work/_temp/b253bf49-be6a-489e-83e0-ddc181beff25' before making global git config changes
build	Post Check out the exact current essay reading snapshot	2026-10-04T18:03:07.2963003Z Adding repository directory to the temporary git global config as a safe directory
build	Post Check out the exact current essay reading snapshot	2026-10-04T18:03:07.2968535Z [command]/usr/bin/git config --global --add safe.directory /home/runner/work/O-I/O-I/.publication-sources/essay-reading
build	Post Check out the exact current essay reading snapshot	2026-10-04T18:03:07.3007911Z [command]/usr/bin/git config --local --name-only --get-regexp core\.sshCommand
build	Post Check out the exact current essay reading snapshot	2026-10-04T18:03:07.3045692Z [command]/usr/bin/git submodule foreach --recursive sh -c "git config --local --name-only --get-regexp 'core\.sshCommand' && git config --local --unset-all 'core.sshCommand' || :"
build	Post Check out the exact current essay reading snapshot	2026-10-04T18:03:07.3327043Z [command]/usr/bin/git config --local --name-only --get-regexp http\.https\:\/\/github\.com\/\.extraheader
build	Post Check out the exact current essay reading snapshot	2026-10-04T18:03:07.3366911Z [command]/usr/bin/git submodule foreach --recursive sh -c "git config --local --name-only --get-regexp 'http\.https\:\/\/github\.com\/\.extraheader' && git config --local --unset-all 'http.https://github.com/.extraheader' || :"
build	Post Check out the exact current essay reading snapshot	2026-10-04T18:03:07.3653117Z [command]/usr/bin/git config --local --name-only --get-regexp ^includeIf\.gitdir:
build	Post Check out the exact current essay reading snapshot	2026-10-04T18:03:07.3692513Z [command]/usr/bin/git submodule foreach --recursive git config --local --show-origin --name-only --get-regexp remote.origin.url
build	Post Check out the pinned Return-of-Zero source revision	﻿2026-10-04T18:03:07.4128847Z Post job cleanup.
build	Post Check out the pinned Return-of-Zero source revision	2026-10-04T18:03:07.4999501Z [command]/usr/bin/git version
build	Post Check out the pinned Return-of-Zero source revision	2026-10-04T18:03:07.5047014Z git version 2.55.0
build	Post Check out the pinned Return-of-Zero source revision	2026-10-04T18:03:07.5085884Z Copying '/home/runner/.gitconfig' to '/home/runner/work/_temp/455461d5-3aa2-4253-9294-1e852edd5da9/.gitconfig'
build	Post Check out the pinned Return-of-Zero source revision	2026-10-04T18:03:07.5097094Z Temporarily overriding HOME='/home/runner/work/_temp/455461d5-3aa2-4253-9294-1e852edd5da9' before making global git config changes
build	Post Check out the pinned Return-of-Zero source revision	2026-10-04T18:03:07.5099341Z Adding repository directory to the temporary git global config as a safe directory
build	Post Check out the pinned Return-of-Zero source revision	2026-10-04T18:03:07.5104451Z [command]/usr/bin/git config --global --add safe.directory /home/runner/work/O-I/O-I/.publication-sources/Antykathera-Essay-Work
build	Post Check out the pinned Return-of-Zero source revision	2026-10-04T18:03:07.5148542Z [command]/usr/bin/git config --local --name-only --get-regexp core\.sshCommand
build	Post Check out the pinned Return-of-Zero source revision	2026-10-04T18:03:07.5186399Z [command]/usr/bin/git submodule foreach --recursive sh -c "git config --local --name-only --get-regexp 'core\.sshCommand' && git config --local --unset-all 'core.sshCommand' || :"
build	Post Check out the pinned Return-of-Zero source revision	2026-10-04T18:03:07.5468271Z [command]/usr/bin/git config --local --name-only --get-regexp http\.https\:\/\/github\.com\/\.extraheader
build	Post Check out the pinned Return-of-Zero source revision	2026-10-04T18:03:07.5508060Z [command]/usr/bin/git submodule foreach --recursive sh -c "git config --local --name-only --get-regexp 'http\.https\:\/\/github\.com\/\.extraheader' && git config --local --unset-all 'http.https://github.com/.extraheader' || :"
build	Post Check out the pinned Return-of-Zero source revision	2026-10-04T18:03:07.5806168Z [command]/usr/bin/git config --local --name-only --get-regexp ^includeIf\.gitdir:
build	Post Check out the pinned Return-of-Zero source revision	2026-10-04T18:03:07.5857504Z [command]/usr/bin/git submodule foreach --recursive git config --local --show-origin --name-only --get-regexp remote.origin.url
build	Post Check out the pinned native Expression corpus	﻿2026-10-04T18:03:07.6319994Z Post job cleanup.
build	Post Check out the pinned native Expression corpus	2026-10-04T18:03:07.7188732Z [command]/usr/bin/git version
build	Post Check out the pinned native Expression corpus	2026-10-04T18:03:07.7234567Z git version 2.55.0
build	Post Check out the pinned native Expression corpus	2026-10-04T18:03:07.7273985Z Copying '/home/runner/.gitconfig' to '/home/runner/work/_temp/4b15ea20-8685-4057-8e14-5399c0f838a2/.gitconfig'
build	Post Check out the pinned native Expression corpus	2026-10-04T18:03:07.7284494Z Temporarily overriding HOME='/home/runner/work/_temp/4b15ea20-8685-4057-8e14-5399c0f838a2' before making global git config changes
build	Post Check out the pinned native Expression corpus	2026-10-04T18:03:07.7286447Z Adding repository directory to the temporary git global config as a safe directory
build	Post Check out the pinned native Expression corpus	2026-10-04T18:03:07.7290370Z [command]/usr/bin/git config --global --add safe.directory /home/runner/work/O-I/O-I/.publication-sources/Point-Cloud-Demo
build	Post Check out the pinned native Expression corpus	2026-10-04T18:03:07.7330942Z [command]/usr/bin/git config --local --name-only --get-regexp core\.sshCommand
build	Post Check out the pinned native Expression corpus	2026-10-04T18:03:07.7368137Z [command]/usr/bin/git submodule foreach --recursive sh -c "git config --local --name-only --get-regexp 'core\.sshCommand' && git config --local --unset-all 'core.sshCommand' || :"
build	Post Check out the pinned native Expression corpus	2026-10-04T18:03:07.7655723Z [command]/usr/bin/git config --local --name-only --get-regexp http\.https\:\/\/github\.com\/\.extraheader
build	Post Check out the pinned native Expression corpus	2026-10-04T18:03:07.7696148Z [command]/usr/bin/git submodule foreach --recursive sh -c "git config --local --name-only --get-regexp 'http\.https\:\/\/github\.com\/\.extraheader' && git config --local --unset-all 'http.https://github.com/.extraheader' || :"
build	Post Check out the pinned native Expression corpus	2026-10-04T18:03:07.7983517Z [command]/usr/bin/git config --local --name-only --get-regexp ^includeIf\.gitdir:
build	Post Check out the pinned native Expression corpus	2026-10-04T18:03:07.8021302Z [command]/usr/bin/git submodule foreach --recursive git config --local --show-origin --name-only --get-regexp remote.origin.url
build	Post Run actions/checkout@v4	﻿2026-10-04T18:03:07.8471290Z Post job cleanup.
build	Post Run actions/checkout@v4	2026-10-04T18:03:07.9345839Z [command]/usr/bin/git version
build	Post Run actions/checkout@v4	2026-10-04T18:03:07.9405021Z git version 2.55.0
build	Post Run actions/checkout@v4	2026-10-04T18:03:07.9435778Z Copying '/home/runner/.gitconfig' to '/home/runner/work/_temp/9b64e1b1-9b72-4e2a-9dab-1dabe98a4c94/.gitconfig'
build	Post Run actions/checkout@v4	2026-10-04T18:03:07.9447502Z Temporarily overriding HOME='/home/runner/work/_temp/9b64e1b1-9b72-4e2a-9dab-1dabe98a4c94' before making global git config changes
build	Post Run actions/checkout@v4	2026-10-04T18:03:07.9449446Z Adding repository directory to the temporary git global config as a safe directory
build	Post Run actions/checkout@v4	2026-10-04T18:03:07.9456812Z [command]/usr/bin/git config --global --add safe.directory /home/runner/work/O-I/O-I
build	Post Run actions/checkout@v4	2026-10-04T18:03:07.9508994Z [command]/usr/bin/git config --local --name-only --get-regexp core\.sshCommand
build	Post Run actions/checkout@v4	2026-10-04T18:03:07.9563956Z [command]/usr/bin/git submodule foreach --recursive sh -c "git config --local --name-only --get-regexp 'core\.sshCommand' && git config --local --unset-all 'core.sshCommand' || :"
build	Post Run actions/checkout@v4	2026-10-04T18:03:07.9887912Z [command]/usr/bin/git config --local --name-only --get-regexp http\.https\:\/\/github\.com\/\.extraheader
build	Post Run actions/checkout@v4	2026-10-04T18:03:07.9919954Z http.https://github.com/.extraheader
build	Post Run actions/checkout@v4	2026-10-04T18:03:07.9950937Z [command]/usr/bin/git config --local --unset-all http.https://github.com/.extraheader
build	Post Run actions/checkout@v4	2026-10-04T18:03:07.9983340Z [command]/usr/bin/git submodule foreach --recursive sh -c "git config --local --name-only --get-regexp 'http\.https\:\/\/github\.com\/\.extraheader' && git config --local --unset-all 'http.https://github.com/.extraheader' || :"
build	Post Run actions/checkout@v4	2026-10-04T18:03:08.0292973Z [command]/usr/bin/git config --local --name-only --get-regexp ^includeIf\.gitdir:
build	Post Run actions/checkout@v4	2026-10-04T18:03:08.0333790Z [command]/usr/bin/git submodule foreach --recursive git config --local --show-origin --name-only --get-regexp remote.origin.url
build	Complete job	﻿2026-10-04T18:03:08.0846290Z Cleaning up orphan processes
build	Complete job	2026-10-04T18:03:08.1341063Z Terminate orphan process: pid (4876) (npm run preview --host 127.0.0.1 --port 4173)
build	Complete job	2026-10-04T18:03:08.1581880Z Terminate orphan process: pid (4890) (sh)
build	Complete job	2026-10-04T18:03:08.1794127Z Terminate orphan process: pid (4891) (node)
build	Complete job	2026-10-04T18:03:08.2041323Z Terminate orphan process: pid (4899) (esbuild)
build	Complete job	2026-10-04T18:03:08.2086677Z ##[warning]Node.js 20 is deprecated. The following actions target Node.js 20 but are being forced to run on Node.js 24: actions/checkout@v4, actions/setup-node@v4, actions/upload-artifact@v4. For more information see: https://github.blog/changelog/2025-09-19-deprecation-of-node-20-on-github-actions-runners/
