shell	Set up job	﻿2026-10-04T15:29:53.0543790Z Current runner version: '2.337.0'
shell	Set up job	2026-10-04T15:29:53.0580825Z ##[group]Runner Image Provisioner
shell	Set up job	2026-10-04T15:29:53.0582165Z Hosted Compute Agent
shell	Set up job	2026-10-04T15:29:53.0583214Z Version: 20260901.588
shell	Set up job	2026-10-04T15:29:53.0584661Z Commit: f88ec8081b781fac6c440065ac7ff9e710ce3d0b
shell	Set up job	2026-10-04T15:29:53.0585941Z Build Date: 2026-09-01T19:56:44Z
shell	Set up job	2026-10-04T15:29:53.0587219Z Worker ID: {c7b9f27a-0ac6-4a0b-b0b4-1e1192a4cd0e}
shell	Set up job	2026-10-04T15:29:53.0588421Z Azure Region: eastus
shell	Set up job	2026-10-04T15:29:53.0589359Z ##[endgroup]
shell	Set up job	2026-10-04T15:29:53.0591687Z ##[group]Operating System
shell	Set up job	2026-10-04T15:29:53.0592761Z Ubuntu
shell	Set up job	2026-10-04T15:29:53.0593850Z 24.04.5
shell	Set up job	2026-10-04T15:29:53.0595100Z LTS
shell	Set up job	2026-10-04T15:29:53.0595976Z ##[endgroup]
shell	Set up job	2026-10-04T15:29:53.0597046Z ##[group]Runner Image
shell	Set up job	2026-10-04T15:29:53.0598053Z Image: ubuntu-24.04
shell	Set up job	2026-10-04T15:29:53.0599085Z Version: 20260927.320.1
shell	Set up job	2026-10-04T15:29:53.0600952Z Included Software: https://github.com/actions/runner-images/blob/ubuntu24/20260927.320/images/ubuntu/Ubuntu2404-Readme.md
shell	Set up job	2026-10-04T15:29:53.0604586Z Image Release: https://github.com/actions/runner-images/releases/tag/ubuntu24%2F20260927.320
shell	Set up job	2026-10-04T15:29:53.0606301Z ##[endgroup]
shell	Set up job	2026-10-04T15:29:53.0608412Z ##[group]GITHUB_TOKEN Permissions
shell	Set up job	2026-10-04T15:29:53.0611176Z Contents: read
shell	Set up job	2026-10-04T15:29:53.0612325Z Metadata: read
shell	Set up job	2026-10-04T15:29:53.0613238Z ##[endgroup]
shell	Set up job	2026-10-04T15:29:53.0616666Z Secret source: Actions
shell	Set up job	2026-10-04T15:29:53.0618180Z Cache mode: write
shell	Set up job	2026-10-04T15:29:53.0619454Z Prepare workflow directory
shell	Set up job	2026-10-04T15:29:53.1128560Z Prepare all required actions
shell	Set up job	2026-10-04T15:29:53.1207256Z Getting action download info
shell	Set up job	2026-10-04T15:29:53.3309594Z Download action repository 'actions/checkout@v4' (SHA:11d5960a326750d5838078e36cf38b85af677262)
shell	Set up job	2026-10-04T15:29:53.4491474Z Download action repository 'actions/setup-node@v4' (SHA:49933ea5288caeca8642d1e84afbd3f7d6820020)
shell	Set up job	2026-10-04T15:29:53.5589393Z Download action repository 'actions/upload-artifact@v4' (SHA:ea165f8d65b6e75b540449e92b4886f43607fa02)
shell	Set up job	2026-10-04T15:29:53.7876843Z Complete job name: shell
shell	Run actions/checkout@v4	﻿2026-10-04T15:29:53.8750494Z ##[group]Run actions/checkout@v4
shell	Run actions/checkout@v4	2026-10-04T15:29:53.8751421Z with:
shell	Run actions/checkout@v4	2026-10-04T15:29:53.8751883Z   persist-credentials: false
shell	Run actions/checkout@v4	2026-10-04T15:29:53.8752419Z   repository: EpiLogos/O-I
shell	Run actions/checkout@v4	2026-10-04T15:29:53.8756343Z   token: ***
shell	Run actions/checkout@v4	2026-10-04T15:29:53.8756806Z   ssh-strict: true
shell	Run actions/checkout@v4	2026-10-04T15:29:53.8757249Z   ssh-user: git
shell	Run actions/checkout@v4	2026-10-04T15:29:53.8757676Z   clean: true
shell	Run actions/checkout@v4	2026-10-04T15:29:53.8758128Z   sparse-checkout-cone-mode: true
shell	Run actions/checkout@v4	2026-10-04T15:29:53.8758661Z   fetch-depth: 1
shell	Run actions/checkout@v4	2026-10-04T15:29:53.8759105Z   fetch-tags: false
shell	Run actions/checkout@v4	2026-10-04T15:29:53.8759561Z   show-progress: true
shell	Run actions/checkout@v4	2026-10-04T15:29:53.8760024Z   lfs: false
shell	Run actions/checkout@v4	2026-10-04T15:29:53.8760442Z   submodules: false
shell	Run actions/checkout@v4	2026-10-04T15:29:53.8760899Z   set-safe-directory: true
shell	Run actions/checkout@v4	2026-10-04T15:29:53.8761414Z   allow-unsafe-pr-checkout: false
shell	Run actions/checkout@v4	2026-10-04T15:29:53.8762197Z ##[endgroup]
shell	Run actions/checkout@v4	2026-10-04T15:29:53.9832749Z Syncing repository: EpiLogos/O-I
shell	Run actions/checkout@v4	2026-10-04T15:29:53.9835862Z ##[group]Getting Git version info
shell	Run actions/checkout@v4	2026-10-04T15:29:53.9837267Z Working directory is '/home/runner/work/O-I/O-I'
shell	Run actions/checkout@v4	2026-10-04T15:29:53.9839015Z [command]/usr/bin/git version
shell	Run actions/checkout@v4	2026-10-04T15:29:53.9924214Z git version 2.55.0
shell	Run actions/checkout@v4	2026-10-04T15:29:53.9952177Z ##[endgroup]
shell	Run actions/checkout@v4	2026-10-04T15:29:53.9976441Z Temporarily overriding HOME='/home/runner/work/_temp/f394d5f6-86b8-4789-ba63-9a73a47e342e' before making global git config changes
shell	Run actions/checkout@v4	2026-10-04T15:29:53.9978123Z Adding repository directory to the temporary git global config as a safe directory
shell	Run actions/checkout@v4	2026-10-04T15:29:53.9982194Z [command]/usr/bin/git config --global --add safe.directory /home/runner/work/O-I/O-I
shell	Run actions/checkout@v4	2026-10-04T15:29:54.0064647Z Deleting the contents of '/home/runner/work/O-I/O-I'
shell	Run actions/checkout@v4	2026-10-04T15:29:54.0074705Z ##[group]Initializing the repository
shell	Run actions/checkout@v4	2026-10-04T15:29:54.0083180Z [command]/usr/bin/git init /home/runner/work/O-I/O-I
shell	Run actions/checkout@v4	2026-10-04T15:29:54.0257894Z hint: Using 'master' as the name for the initial branch. This default branch name
shell	Run actions/checkout@v4	2026-10-04T15:29:54.0259832Z hint: will change to "main" in Git 3.0. To configure the initial branch name
shell	Run actions/checkout@v4	2026-10-04T15:29:54.0261730Z hint: to use in all of your new repositories, which will suppress this warning,
shell	Run actions/checkout@v4	2026-10-04T15:29:54.0262942Z hint: call:
shell	Run actions/checkout@v4	2026-10-04T15:29:54.0263700Z hint:
shell	Run actions/checkout@v4	2026-10-04T15:29:54.0264770Z hint: 	git config --global init.defaultBranch <name>
shell	Run actions/checkout@v4	2026-10-04T15:29:54.0265775Z hint:
shell	Run actions/checkout@v4	2026-10-04T15:29:54.0266657Z hint: Names commonly chosen instead of 'master' are 'main', 'trunk' and
shell	Run actions/checkout@v4	2026-10-04T15:29:54.0268590Z hint: 'development'. The just-created branch can be renamed via this command:
shell	Run actions/checkout@v4	2026-10-04T15:29:54.0270161Z hint:
shell	Run actions/checkout@v4	2026-10-04T15:29:54.0271357Z hint: 	git branch -m <name>
shell	Run actions/checkout@v4	2026-10-04T15:29:54.0272726Z hint:
shell	Run actions/checkout@v4	2026-10-04T15:29:54.0274241Z hint: Disable this message with "git config set advice.defaultBranchName false"
shell	Run actions/checkout@v4	2026-10-04T15:29:54.0276737Z Initialized empty Git repository in /home/runner/work/O-I/O-I/.git/
shell	Run actions/checkout@v4	2026-10-04T15:29:54.0284584Z [command]/usr/bin/git remote add origin https://github.com/EpiLogos/O-I
shell	Run actions/checkout@v4	2026-10-04T15:29:54.0349895Z ##[endgroup]
shell	Run actions/checkout@v4	2026-10-04T15:29:54.0351831Z ##[group]Disabling automatic garbage collection
shell	Run actions/checkout@v4	2026-10-04T15:29:54.0353641Z [command]/usr/bin/git config --local gc.auto 0
shell	Run actions/checkout@v4	2026-10-04T15:29:54.0418489Z ##[endgroup]
shell	Run actions/checkout@v4	2026-10-04T15:29:54.0419841Z ##[group]Setting up auth
shell	Run actions/checkout@v4	2026-10-04T15:29:54.0421491Z [command]/usr/bin/git config --local --name-only --get-regexp core\.sshCommand
shell	Run actions/checkout@v4	2026-10-04T15:29:54.0472576Z [command]/usr/bin/git submodule foreach --recursive sh -c "git config --local --name-only --get-regexp 'core\.sshCommand' && git config --local --unset-all 'core.sshCommand' || :"
shell	Run actions/checkout@v4	2026-10-04T15:29:54.1028232Z [command]/usr/bin/git config --local --name-only --get-regexp http\.https\:\/\/github\.com\/\.extraheader
shell	Run actions/checkout@v4	2026-10-04T15:29:54.1031301Z [command]/usr/bin/git submodule foreach --recursive sh -c "git config --local --name-only --get-regexp 'http\.https\:\/\/github\.com\/\.extraheader' && git config --local --unset-all 'http.https://github.com/.extraheader' || :"
shell	Run actions/checkout@v4	2026-10-04T15:29:54.1287052Z [command]/usr/bin/git config --local --name-only --get-regexp ^includeIf\.gitdir:
shell	Run actions/checkout@v4	2026-10-04T15:29:54.1335260Z [command]/usr/bin/git submodule foreach --recursive git config --local --show-origin --name-only --get-regexp remote.origin.url
shell	Run actions/checkout@v4	2026-10-04T15:29:54.1593188Z [command]/usr/bin/git config --local http.https://github.com/.extraheader AUTHORIZATION: basic ***
shell	Run actions/checkout@v4	2026-10-04T15:29:54.1646254Z ##[endgroup]
shell	Run actions/checkout@v4	2026-10-04T15:29:54.1647500Z ##[group]Fetching the repository
shell	Run actions/checkout@v4	2026-10-04T15:29:54.1656434Z [command]/usr/bin/git -c protocol.version=2 fetch --no-tags --prune --no-recurse-submodules --depth=1 origin +b71904f03b933158948c76bb053d53f3a0d28aa8:refs/remotes/pull/582/merge
shell	Run actions/checkout@v4	2026-10-04T15:29:59.5844694Z From https://github.com/EpiLogos/O-I
shell	Run actions/checkout@v4	2026-10-04T15:29:59.5846081Z  * [new ref]         b71904f03b933158948c76bb053d53f3a0d28aa8 -> pull/582/merge
shell	Run actions/checkout@v4	2026-10-04T15:29:59.5878739Z ##[endgroup]
shell	Run actions/checkout@v4	2026-10-04T15:29:59.5880670Z ##[group]Determining the checkout info
shell	Run actions/checkout@v4	2026-10-04T15:29:59.5882896Z ##[endgroup]
shell	Run actions/checkout@v4	2026-10-04T15:29:59.5884578Z [command]/usr/bin/git sparse-checkout disable
shell	Run actions/checkout@v4	2026-10-04T15:29:59.5926135Z [command]/usr/bin/git config --local --unset-all extensions.worktreeConfig
shell	Run actions/checkout@v4	2026-10-04T15:29:59.5966069Z ##[group]Checking out the ref
shell	Run actions/checkout@v4	2026-10-04T15:29:59.5971105Z [command]/usr/bin/git checkout --progress --force refs/remotes/pull/582/merge
shell	Run actions/checkout@v4	2026-10-04T15:30:00.6542657Z Updating files:  68% (4286/6218)
shell	Run actions/checkout@v4	2026-10-04T15:30:00.7987162Z Updating files:  69% (4291/6218)
shell	Run actions/checkout@v4	2026-10-04T15:30:00.8056135Z Updating files:  70% (4353/6218)
shell	Run actions/checkout@v4	2026-10-04T15:30:00.8100999Z Updating files:  71% (4415/6218)
shell	Run actions/checkout@v4	2026-10-04T15:30:00.8152113Z Updating files:  72% (4477/6218)
shell	Run actions/checkout@v4	2026-10-04T15:30:00.8189019Z Updating files:  73% (4540/6218)
shell	Run actions/checkout@v4	2026-10-04T15:30:00.8234368Z Updating files:  74% (4602/6218)
shell	Run actions/checkout@v4	2026-10-04T15:30:00.8280201Z Updating files:  75% (4664/6218)
shell	Run actions/checkout@v4	2026-10-04T15:30:00.8324449Z Updating files:  76% (4726/6218)
shell	Run actions/checkout@v4	2026-10-04T15:30:00.8375075Z Updating files:  77% (4788/6218)
shell	Run actions/checkout@v4	2026-10-04T15:30:00.9383753Z Updating files:  78% (4851/6218)
shell	Run actions/checkout@v4	2026-10-04T15:30:00.9434086Z Updating files:  79% (4913/6218)
shell	Run actions/checkout@v4	2026-10-04T15:30:00.9518887Z Updating files:  80% (4975/6218)
shell	Run actions/checkout@v4	2026-10-04T15:30:00.9598503Z Updating files:  81% (5037/6218)
shell	Run actions/checkout@v4	2026-10-04T15:30:00.9665397Z Updating files:  82% (5099/6218)
shell	Run actions/checkout@v4	2026-10-04T15:30:00.9728885Z Updating files:  83% (5161/6218)
shell	Run actions/checkout@v4	2026-10-04T15:30:00.9797342Z Updating files:  84% (5224/6218)
shell	Run actions/checkout@v4	2026-10-04T15:30:00.9900791Z Updating files:  85% (5286/6218)
shell	Run actions/checkout@v4	2026-10-04T15:30:00.9977078Z Updating files:  86% (5348/6218)
shell	Run actions/checkout@v4	2026-10-04T15:30:01.0076033Z Updating files:  87% (5410/6218)
shell	Run actions/checkout@v4	2026-10-04T15:30:01.0165918Z Updating files:  88% (5472/6218)
shell	Run actions/checkout@v4	2026-10-04T15:30:01.0241268Z Updating files:  89% (5535/6218)
shell	Run actions/checkout@v4	2026-10-04T15:30:01.0284689Z Updating files:  90% (5597/6218)
shell	Run actions/checkout@v4	2026-10-04T15:30:01.0329542Z Updating files:  91% (5659/6218)
shell	Run actions/checkout@v4	2026-10-04T15:30:01.0409312Z Updating files:  92% (5721/6218)
shell	Run actions/checkout@v4	2026-10-04T15:30:01.0516579Z Updating files:  93% (5783/6218)
shell	Run actions/checkout@v4	2026-10-04T15:30:01.0683823Z Updating files:  94% (5845/6218)
shell	Run actions/checkout@v4	2026-10-04T15:30:01.0725428Z Updating files:  95% (5908/6218)
shell	Run actions/checkout@v4	2026-10-04T15:30:01.0761981Z Updating files:  96% (5970/6218)
shell	Run actions/checkout@v4	2026-10-04T15:30:01.1410001Z Updating files:  97% (6032/6218)
shell	Run actions/checkout@v4	2026-10-04T15:30:01.1468421Z Updating files:  98% (6094/6218)
shell	Run actions/checkout@v4	2026-10-04T15:30:01.1544849Z Updating files:  99% (6156/6218)
shell	Run actions/checkout@v4	2026-10-04T15:30:01.1545580Z Updating files: 100% (6218/6218)
shell	Run actions/checkout@v4	2026-10-04T15:30:01.1546085Z Updating files: 100% (6218/6218), done.
shell	Run actions/checkout@v4	2026-10-04T15:30:01.1615658Z Note: switching to 'refs/remotes/pull/582/merge'.
shell	Run actions/checkout@v4	2026-10-04T15:30:01.1616640Z 
shell	Run actions/checkout@v4	2026-10-04T15:30:01.1617327Z You are in 'detached HEAD' state. You can look around, make experimental
shell	Run actions/checkout@v4	2026-10-04T15:30:01.1618335Z changes and commit them, and you can discard any commits you make in this
shell	Run actions/checkout@v4	2026-10-04T15:30:01.1619229Z state without impacting any branches by switching back to a branch.
shell	Run actions/checkout@v4	2026-10-04T15:30:01.1619751Z 
shell	Run actions/checkout@v4	2026-10-04T15:30:01.1620093Z If you want to create a new branch to retain commits you create, you may
shell	Run actions/checkout@v4	2026-10-04T15:30:01.1620959Z do so (now or later) by using -c with the switch command. Example:
shell	Run actions/checkout@v4	2026-10-04T15:30:01.1621433Z 
shell	Run actions/checkout@v4	2026-10-04T15:30:01.1621701Z   git switch -c <new-branch-name>
shell	Run actions/checkout@v4	2026-10-04T15:30:01.1622380Z 
shell	Run actions/checkout@v4	2026-10-04T15:30:01.1622571Z Or undo this operation with:
shell	Run actions/checkout@v4	2026-10-04T15:30:01.1622864Z 
shell	Run actions/checkout@v4	2026-10-04T15:30:01.1623014Z   git switch -
shell	Run actions/checkout@v4	2026-10-04T15:30:01.1623239Z 
shell	Run actions/checkout@v4	2026-10-04T15:30:01.1623618Z Turn off this advice by setting config variable advice.detachedHead to false
shell	Run actions/checkout@v4	2026-10-04T15:30:01.1624197Z 
shell	Run actions/checkout@v4	2026-10-04T15:30:01.1625219Z HEAD is now at b71904f Merge fc69a6f32fdcbfed5e4203f380b26d7a32ca0541 into 5c74f16120e688b2969ea848e797d1062485ed77
shell	Run actions/checkout@v4	2026-10-04T15:30:01.1682565Z ##[endgroup]
shell	Run actions/checkout@v4	2026-10-04T15:30:01.1731219Z [command]/usr/bin/git log -1 --format=%H
shell	Run actions/checkout@v4	2026-10-04T15:30:01.1764199Z b71904f03b933158948c76bb053d53f3a0d28aa8
shell	Run actions/checkout@v4	2026-10-04T15:30:01.1776981Z ##[group]Removing auth
shell	Run actions/checkout@v4	2026-10-04T15:30:01.1781664Z [command]/usr/bin/git config --local --name-only --get-regexp core\.sshCommand
shell	Run actions/checkout@v4	2026-10-04T15:30:01.1820027Z [command]/usr/bin/git submodule foreach --recursive sh -c "git config --local --name-only --get-regexp 'core\.sshCommand' && git config --local --unset-all 'core.sshCommand' || :"
shell	Run actions/checkout@v4	2026-10-04T15:30:01.2071605Z [command]/usr/bin/git config --local --name-only --get-regexp http\.https\:\/\/github\.com\/\.extraheader
shell	Run actions/checkout@v4	2026-10-04T15:30:01.2099703Z http.https://github.com/.extraheader
shell	Run actions/checkout@v4	2026-10-04T15:30:01.2108938Z [command]/usr/bin/git config --local --unset-all http.https://github.com/.extraheader
shell	Run actions/checkout@v4	2026-10-04T15:30:01.2149396Z [command]/usr/bin/git submodule foreach --recursive sh -c "git config --local --name-only --get-regexp 'http\.https\:\/\/github\.com\/\.extraheader' && git config --local --unset-all 'http.https://github.com/.extraheader' || :"
shell	Run actions/checkout@v4	2026-10-04T15:30:01.2408123Z [command]/usr/bin/git config --local --name-only --get-regexp ^includeIf\.gitdir:
shell	Run actions/checkout@v4	2026-10-04T15:30:01.2450329Z [command]/usr/bin/git submodule foreach --recursive git config --local --show-origin --name-only --get-regexp remote.origin.url
shell	Run actions/checkout@v4	2026-10-04T15:30:01.2699739Z ##[endgroup]
shell	Check out the exact current essay reading snapshot	﻿2026-10-04T15:30:01.2986678Z ##[group]Run actions/checkout@v4
shell	Check out the exact current essay reading snapshot	2026-10-04T15:30:01.2987039Z with:
shell	Check out the exact current essay reading snapshot	2026-10-04T15:30:01.2987505Z   repository: EpiLogos/Antykathera-Essay-Work
shell	Check out the exact current essay reading snapshot	2026-10-04T15:30:01.2987851Z   ref: 8265f382177086daff1fbd461c932b521babc971
shell	Check out the exact current essay reading snapshot	2026-10-04T15:30:01.2988180Z   path: .publication-sources/essay-reading
shell	Check out the exact current essay reading snapshot	2026-10-04T15:30:01.2988489Z   persist-credentials: false
shell	Check out the exact current essay reading snapshot	2026-10-04T15:30:01.2991035Z   token: ***
shell	Check out the exact current essay reading snapshot	2026-10-04T15:30:01.2991255Z   ssh-strict: true
shell	Check out the exact current essay reading snapshot	2026-10-04T15:30:01.2991480Z   ssh-user: git
shell	Check out the exact current essay reading snapshot	2026-10-04T15:30:01.2991688Z   clean: true
shell	Check out the exact current essay reading snapshot	2026-10-04T15:30:01.2991914Z   sparse-checkout-cone-mode: true
shell	Check out the exact current essay reading snapshot	2026-10-04T15:30:01.2992194Z   fetch-depth: 1
shell	Check out the exact current essay reading snapshot	2026-10-04T15:30:01.2992407Z   fetch-tags: false
shell	Check out the exact current essay reading snapshot	2026-10-04T15:30:01.2992631Z   show-progress: true
shell	Check out the exact current essay reading snapshot	2026-10-04T15:30:01.2992864Z   lfs: false
shell	Check out the exact current essay reading snapshot	2026-10-04T15:30:01.2993072Z   submodules: false
shell	Check out the exact current essay reading snapshot	2026-10-04T15:30:01.2993315Z   set-safe-directory: true
shell	Check out the exact current essay reading snapshot	2026-10-04T15:30:01.2993580Z   allow-unsafe-pr-checkout: false
shell	Check out the exact current essay reading snapshot	2026-10-04T15:30:01.2993848Z ##[endgroup]
shell	Check out the exact current essay reading snapshot	2026-10-04T15:30:01.3903486Z Syncing repository: EpiLogos/Antykathera-Essay-Work
shell	Check out the exact current essay reading snapshot	2026-10-04T15:30:01.3907226Z ##[group]Getting Git version info
shell	Check out the exact current essay reading snapshot	2026-10-04T15:30:01.3908123Z Working directory is '/home/runner/work/O-I/O-I/.publication-sources/essay-reading'
shell	Check out the exact current essay reading snapshot	2026-10-04T15:30:01.3955847Z [command]/usr/bin/git version
shell	Check out the exact current essay reading snapshot	2026-10-04T15:30:01.4000541Z git version 2.55.0
shell	Check out the exact current essay reading snapshot	2026-10-04T15:30:01.4023216Z ##[endgroup]
shell	Check out the exact current essay reading snapshot	2026-10-04T15:30:01.4038910Z Temporarily overriding HOME='/home/runner/work/_temp/a9d78664-01f7-4b5a-83b6-91b980c4101d' before making global git config changes
shell	Check out the exact current essay reading snapshot	2026-10-04T15:30:01.4040347Z Adding repository directory to the temporary git global config as a safe directory
shell	Check out the exact current essay reading snapshot	2026-10-04T15:30:01.4044196Z [command]/usr/bin/git config --global --add safe.directory /home/runner/work/O-I/O-I/.publication-sources/essay-reading
shell	Check out the exact current essay reading snapshot	2026-10-04T15:30:01.4087111Z ##[group]Initializing the repository
shell	Check out the exact current essay reading snapshot	2026-10-04T15:30:01.4093482Z [command]/usr/bin/git init /home/runner/work/O-I/O-I/.publication-sources/essay-reading
shell	Check out the exact current essay reading snapshot	2026-10-04T15:30:01.4146945Z hint: Using 'master' as the name for the initial branch. This default branch name
shell	Check out the exact current essay reading snapshot	2026-10-04T15:30:01.4148269Z hint: will change to "main" in Git 3.0. To configure the initial branch name
shell	Check out the exact current essay reading snapshot	2026-10-04T15:30:01.4149228Z hint: to use in all of your new repositories, which will suppress this warning,
shell	Check out the exact current essay reading snapshot	2026-10-04T15:30:01.4149977Z hint: call:
shell	Check out the exact current essay reading snapshot	2026-10-04T15:30:01.4150326Z hint:
shell	Check out the exact current essay reading snapshot	2026-10-04T15:30:01.4150810Z hint: 	git config --global init.defaultBranch <name>
shell	Check out the exact current essay reading snapshot	2026-10-04T15:30:01.4151377Z hint:
shell	Check out the exact current essay reading snapshot	2026-10-04T15:30:01.4151930Z hint: Names commonly chosen instead of 'master' are 'main', 'trunk' and
shell	Check out the exact current essay reading snapshot	2026-10-04T15:30:01.4152875Z hint: 'development'. The just-created branch can be renamed via this command:
shell	Check out the exact current essay reading snapshot	2026-10-04T15:30:01.4153590Z hint:
shell	Check out the exact current essay reading snapshot	2026-10-04T15:30:01.4154003Z hint: 	git branch -m <name>
shell	Check out the exact current essay reading snapshot	2026-10-04T15:30:01.4154697Z hint:
shell	Check out the exact current essay reading snapshot	2026-10-04T15:30:01.4155288Z hint: Disable this message with "git config set advice.defaultBranchName false"
shell	Check out the exact current essay reading snapshot	2026-10-04T15:30:01.4156428Z Initialized empty Git repository in /home/runner/work/O-I/O-I/.publication-sources/essay-reading/.git/
shell	Check out the exact current essay reading snapshot	2026-10-04T15:30:01.4159838Z [command]/usr/bin/git remote add origin https://github.com/EpiLogos/Antykathera-Essay-Work
shell	Check out the exact current essay reading snapshot	2026-10-04T15:30:01.4201672Z ##[endgroup]
shell	Check out the exact current essay reading snapshot	2026-10-04T15:30:01.4202428Z ##[group]Disabling automatic garbage collection
shell	Check out the exact current essay reading snapshot	2026-10-04T15:30:01.4225162Z [command]/usr/bin/git config --local gc.auto 0
shell	Check out the exact current essay reading snapshot	2026-10-04T15:30:01.4244565Z ##[endgroup]
shell	Check out the exact current essay reading snapshot	2026-10-04T15:30:01.4245237Z ##[group]Setting up auth
shell	Check out the exact current essay reading snapshot	2026-10-04T15:30:01.4253447Z [command]/usr/bin/git config --local --name-only --get-regexp core\.sshCommand
shell	Check out the exact current essay reading snapshot	2026-10-04T15:30:01.4294856Z [command]/usr/bin/git submodule foreach --recursive sh -c "git config --local --name-only --get-regexp 'core\.sshCommand' && git config --local --unset-all 'core.sshCommand' || :"
shell	Check out the exact current essay reading snapshot	2026-10-04T15:30:01.4581718Z [command]/usr/bin/git config --local --name-only --get-regexp http\.https\:\/\/github\.com\/\.extraheader
shell	Check out the exact current essay reading snapshot	2026-10-04T15:30:01.4625105Z [command]/usr/bin/git submodule foreach --recursive sh -c "git config --local --name-only --get-regexp 'http\.https\:\/\/github\.com\/\.extraheader' && git config --local --unset-all 'http.https://github.com/.extraheader' || :"
shell	Check out the exact current essay reading snapshot	2026-10-04T15:30:01.4924546Z [command]/usr/bin/git config --local --name-only --get-regexp ^includeIf\.gitdir:
shell	Check out the exact current essay reading snapshot	2026-10-04T15:30:01.4956679Z [command]/usr/bin/git submodule foreach --recursive git config --local --show-origin --name-only --get-regexp remote.origin.url
shell	Check out the exact current essay reading snapshot	2026-10-04T15:30:01.5274297Z [command]/usr/bin/git config --local http.https://github.com/.extraheader AUTHORIZATION: basic ***
shell	Check out the exact current essay reading snapshot	2026-10-04T15:30:01.5322013Z ##[endgroup]
shell	Check out the exact current essay reading snapshot	2026-10-04T15:30:01.5323334Z ##[group]Fetching the repository
shell	Check out the exact current essay reading snapshot	2026-10-04T15:30:01.5332881Z [command]/usr/bin/git -c protocol.version=2 fetch --no-tags --prune --no-recurse-submodules --depth=1 origin 8265f382177086daff1fbd461c932b521babc971
shell	Check out the exact current essay reading snapshot	2026-10-04T15:30:08.8293101Z From https://github.com/EpiLogos/Antykathera-Essay-Work
shell	Check out the exact current essay reading snapshot	2026-10-04T15:30:08.8294092Z  * branch            8265f382177086daff1fbd461c932b521babc971 -> FETCH_HEAD
shell	Check out the exact current essay reading snapshot	2026-10-04T15:30:08.8299170Z ##[endgroup]
shell	Check out the exact current essay reading snapshot	2026-10-04T15:30:08.8300269Z ##[group]Determining the checkout info
shell	Check out the exact current essay reading snapshot	2026-10-04T15:30:08.8302066Z ##[endgroup]
shell	Check out the exact current essay reading snapshot	2026-10-04T15:30:08.8308993Z [command]/usr/bin/git sparse-checkout disable
shell	Check out the exact current essay reading snapshot	2026-10-04T15:30:08.8356666Z [command]/usr/bin/git config --local --unset-all extensions.worktreeConfig
shell	Check out the exact current essay reading snapshot	2026-10-04T15:30:08.8397057Z ##[group]Checking out the ref
shell	Check out the exact current essay reading snapshot	2026-10-04T15:30:08.8401095Z [command]/usr/bin/git checkout --progress --force 8265f382177086daff1fbd461c932b521babc971
shell	Check out the exact current essay reading snapshot	2026-10-04T15:30:09.8658142Z Updating files:  65% (3736/5680)
shell	Check out the exact current essay reading snapshot	2026-10-04T15:30:09.9745432Z Updating files:  66% (3749/5680)
shell	Check out the exact current essay reading snapshot	2026-10-04T15:30:10.0053794Z Updating files:  67% (3806/5680)
shell	Check out the exact current essay reading snapshot	2026-10-04T15:30:10.0363349Z Updating files:  68% (3863/5680)
shell	Check out the exact current essay reading snapshot	2026-10-04T15:30:10.1468524Z Updating files:  69% (3920/5680)
shell	Check out the exact current essay reading snapshot	2026-10-04T15:30:10.1940382Z Updating files:  70% (3976/5680)
shell	Check out the exact current essay reading snapshot	2026-10-04T15:30:10.2281361Z Updating files:  71% (4033/5680)
shell	Check out the exact current essay reading snapshot	2026-10-04T15:30:10.2512440Z Updating files:  72% (4090/5680)
shell	Check out the exact current essay reading snapshot	2026-10-04T15:30:10.2821822Z Updating files:  73% (4147/5680)
shell	Check out the exact current essay reading snapshot	2026-10-04T15:30:10.3119351Z Updating files:  74% (4204/5680)
shell	Check out the exact current essay reading snapshot	2026-10-04T15:30:10.3314033Z Updating files:  75% (4260/5680)
shell	Check out the exact current essay reading snapshot	2026-10-04T15:30:10.3737989Z Updating files:  76% (4317/5680)
shell	Check out the exact current essay reading snapshot	2026-10-04T15:30:10.4133622Z Updating files:  77% (4374/5680)
shell	Check out the exact current essay reading snapshot	2026-10-04T15:30:10.4525693Z Updating files:  78% (4431/5680)
shell	Check out the exact current essay reading snapshot	2026-10-04T15:30:10.4755738Z Updating files:  79% (4488/5680)
shell	Check out the exact current essay reading snapshot	2026-10-04T15:30:10.5010898Z Updating files:  80% (4544/5680)
shell	Check out the exact current essay reading snapshot	2026-10-04T15:30:10.5103111Z Updating files:  81% (4601/5680)
shell	Check out the exact current essay reading snapshot	2026-10-04T15:30:10.5485567Z Updating files:  82% (4658/5680)
shell	Check out the exact current essay reading snapshot	2026-10-04T15:30:10.6167099Z Updating files:  83% (4715/5680)
shell	Check out the exact current essay reading snapshot	2026-10-04T15:30:10.6444240Z Updating files:  84% (4772/5680)
shell	Check out the exact current essay reading snapshot	2026-10-04T15:30:10.6605562Z Updating files:  85% (4828/5680)
shell	Check out the exact current essay reading snapshot	2026-10-04T15:30:10.6682316Z Updating files:  86% (4885/5680)
shell	Check out the exact current essay reading snapshot	2026-10-04T15:30:10.6905590Z Updating files:  87% (4942/5680)
shell	Check out the exact current essay reading snapshot	2026-10-04T15:30:10.7058537Z Updating files:  88% (4999/5680)
shell	Check out the exact current essay reading snapshot	2026-10-04T15:30:10.7186475Z Updating files:  89% (5056/5680)
shell	Check out the exact current essay reading snapshot	2026-10-04T15:30:10.7385754Z Updating files:  90% (5112/5680)
shell	Check out the exact current essay reading snapshot	2026-10-04T15:30:10.7449276Z Updating files:  91% (5169/5680)
shell	Check out the exact current essay reading snapshot	2026-10-04T15:30:10.7746123Z Updating files:  92% (5226/5680)
shell	Check out the exact current essay reading snapshot	2026-10-04T15:30:10.8452892Z Updating files:  93% (5283/5680)
shell	Check out the exact current essay reading snapshot	2026-10-04T15:30:10.8508089Z Updating files:  94% (5340/5680)
shell	Check out the exact current essay reading snapshot	2026-10-04T15:30:10.9023344Z Updating files:  94% (5345/5680)
shell	Check out the exact current essay reading snapshot	2026-10-04T15:30:10.9145188Z Updating files:  95% (5396/5680)
shell	Check out the exact current essay reading snapshot	2026-10-04T15:30:10.9315902Z Updating files:  96% (5453/5680)
shell	Check out the exact current essay reading snapshot	2026-10-04T15:30:10.9990150Z Updating files:  97% (5510/5680)
shell	Check out the exact current essay reading snapshot	2026-10-04T15:30:11.0539224Z Updating files:  98% (5567/5680)
shell	Check out the exact current essay reading snapshot	2026-10-04T15:30:11.2587200Z Updating files:  99% (5624/5680)
shell	Check out the exact current essay reading snapshot	2026-10-04T15:30:11.2587758Z Updating files: 100% (5680/5680)
shell	Check out the exact current essay reading snapshot	2026-10-04T15:30:11.2588225Z Updating files: 100% (5680/5680), done.
shell	Check out the exact current essay reading snapshot	2026-10-04T15:30:11.2672678Z Note: switching to '8265f382177086daff1fbd461c932b521babc971'.
shell	Check out the exact current essay reading snapshot	2026-10-04T15:30:11.2673536Z 
shell	Check out the exact current essay reading snapshot	2026-10-04T15:30:11.2674179Z You are in 'detached HEAD' state. You can look around, make experimental
shell	Check out the exact current essay reading snapshot	2026-10-04T15:30:11.2676053Z changes and commit them, and you can discard any commits you make in this
shell	Check out the exact current essay reading snapshot	2026-10-04T15:30:11.2677528Z state without impacting any branches by switching back to a branch.
shell	Check out the exact current essay reading snapshot	2026-10-04T15:30:11.2678265Z 
shell	Check out the exact current essay reading snapshot	2026-10-04T15:30:11.2678827Z If you want to create a new branch to retain commits you create, you may
shell	Check out the exact current essay reading snapshot	2026-10-04T15:30:11.2679724Z do so (now or later) by using -c with the switch command. Example:
shell	Check out the exact current essay reading snapshot	2026-10-04T15:30:11.2680060Z 
shell	Check out the exact current essay reading snapshot	2026-10-04T15:30:11.2680192Z   git switch -c <new-branch-name>
shell	Check out the exact current essay reading snapshot	2026-10-04T15:30:11.2680415Z 
shell	Check out the exact current essay reading snapshot	2026-10-04T15:30:11.2680536Z Or undo this operation with:
shell	Check out the exact current essay reading snapshot	2026-10-04T15:30:11.2680742Z 
shell	Check out the exact current essay reading snapshot	2026-10-04T15:30:11.2680849Z   git switch -
shell	Check out the exact current essay reading snapshot	2026-10-04T15:30:11.2680998Z 
shell	Check out the exact current essay reading snapshot	2026-10-04T15:30:11.2681271Z Turn off this advice by setting config variable advice.detachedHead to false
shell	Check out the exact current essay reading snapshot	2026-10-04T15:30:11.2681665Z 
shell	Check out the exact current essay reading snapshot	2026-10-04T15:30:11.2682020Z HEAD is now at 8265f38 Retain current essay reading edition and visual assets for site publication
shell	Check out the exact current essay reading snapshot	2026-10-04T15:30:11.2762124Z ##[endgroup]
shell	Check out the exact current essay reading snapshot	2026-10-04T15:30:11.2807526Z [command]/usr/bin/git log -1 --format=%H
shell	Check out the exact current essay reading snapshot	2026-10-04T15:30:11.2837844Z 8265f382177086daff1fbd461c932b521babc971
shell	Check out the exact current essay reading snapshot	2026-10-04T15:30:11.2847475Z ##[group]Removing auth
shell	Check out the exact current essay reading snapshot	2026-10-04T15:30:11.2851712Z [command]/usr/bin/git config --local --name-only --get-regexp core\.sshCommand
shell	Check out the exact current essay reading snapshot	2026-10-04T15:30:11.2886649Z [command]/usr/bin/git submodule foreach --recursive sh -c "git config --local --name-only --get-regexp 'core\.sshCommand' && git config --local --unset-all 'core.sshCommand' || :"
shell	Check out the exact current essay reading snapshot	2026-10-04T15:30:11.3124034Z [command]/usr/bin/git config --local --name-only --get-regexp http\.https\:\/\/github\.com\/\.extraheader
shell	Check out the exact current essay reading snapshot	2026-10-04T15:30:11.3152069Z http.https://github.com/.extraheader
shell	Check out the exact current essay reading snapshot	2026-10-04T15:30:11.3161002Z [command]/usr/bin/git config --local --unset-all http.https://github.com/.extraheader
shell	Check out the exact current essay reading snapshot	2026-10-04T15:30:11.3199088Z [command]/usr/bin/git submodule foreach --recursive sh -c "git config --local --name-only --get-regexp 'http\.https\:\/\/github\.com\/\.extraheader' && git config --local --unset-all 'http.https://github.com/.extraheader' || :"
shell	Check out the exact current essay reading snapshot	2026-10-04T15:30:11.3434113Z [command]/usr/bin/git config --local --name-only --get-regexp ^includeIf\.gitdir:
shell	Check out the exact current essay reading snapshot	2026-10-04T15:30:11.3467028Z [command]/usr/bin/git submodule foreach --recursive git config --local --show-origin --name-only --get-regexp remote.origin.url
shell	Check out the exact current essay reading snapshot	2026-10-04T15:30:11.3696132Z ##[endgroup]
shell	Run actions/setup-node@v4	﻿2026-10-04T15:30:11.3900013Z ##[group]Run actions/setup-node@v4
shell	Run actions/setup-node@v4	2026-10-04T15:30:11.3900320Z with:
shell	Run actions/setup-node@v4	2026-10-04T15:30:11.3900530Z   node-version: 22
shell	Run actions/setup-node@v4	2026-10-04T15:30:11.3900752Z   always-auth: false
shell	Run actions/setup-node@v4	2026-10-04T15:30:11.3900982Z   check-latest: false
shell	Run actions/setup-node@v4	2026-10-04T15:30:11.3903483Z   token: ***
shell	Run actions/setup-node@v4	2026-10-04T15:30:11.3903695Z ##[endgroup]
shell	Run actions/setup-node@v4	2026-10-04T15:30:11.5363733Z Found in cache @ /opt/hostedtoolcache/node/22.23.3/x64
shell	Run actions/setup-node@v4	2026-10-04T15:30:11.5368356Z (node:2566) [DEP0040] DeprecationWarning: The `punycode` module is deprecated. Please use a userland alternative instead.
shell	Run actions/setup-node@v4	2026-10-04T15:30:11.5369441Z (Use `node --trace-deprecation ...` to show where the warning was created)
shell	Run actions/setup-node@v4	2026-10-04T15:30:11.5371660Z ##[group]Environment details
shell	Run actions/setup-node@v4	2026-10-04T15:30:11.9708772Z node: v22.23.3
shell	Run actions/setup-node@v4	2026-10-04T15:30:11.9709612Z npm: 10.9.9
shell	Run actions/setup-node@v4	2026-10-04T15:30:11.9710173Z yarn: 1.22.22
shell	Run actions/setup-node@v4	2026-10-04T15:30:11.9711315Z ##[endgroup]
shell	Install site dependencies	﻿2026-10-04T15:30:11.9862584Z ##[group]Run npm install --no-audit --no-fund
shell	Install site dependencies	2026-10-04T15:30:11.9863024Z [36;1mnpm install --no-audit --no-fund[0m
shell	Install site dependencies	2026-10-04T15:30:12.0170219Z shell: /usr/bin/bash -e {0}
shell	Install site dependencies	2026-10-04T15:30:12.0170607Z ##[endgroup]
shell	Install site dependencies	2026-10-04T15:30:21.4882969Z npm warn deprecated @studio-freight/lenis@1.0.42: The '@studio-freight/lenis' package has been renamed to 'lenis'. Please update your dependencies: npm install lenis and visit the documentation: https://www.npmjs.com/package/lenis
shell	Install site dependencies	2026-10-04T15:30:23.4377587Z 
shell	Install site dependencies	2026-10-04T15:30:23.4378324Z added 154 packages in 11s
shell	Install the vendored Quartz	﻿2026-10-04T15:30:23.4982856Z ##[group]Run npm ci --prefix vendor/quartz --no-audit --no-fund
shell	Install the vendored Quartz	2026-10-04T15:30:23.4983363Z [36;1mnpm ci --prefix vendor/quartz --no-audit --no-fund[0m
shell	Install the vendored Quartz	2026-10-04T15:30:23.5052858Z shell: /usr/bin/bash -e {0}
shell	Install the vendored Quartz	2026-10-04T15:30:23.5053133Z ##[endgroup]
shell	Install the vendored Quartz	2026-10-04T15:30:32.8492463Z 
shell	Install the vendored Quartz	2026-10-04T15:30:32.8493513Z added 489 packages in 9s
shell	Build the actual public site	﻿2026-10-04T15:30:32.8863500Z ##[group]Run npm run build:public
shell	Build the actual public site	2026-10-04T15:30:32.8863872Z [36;1mnpm run build:public[0m
shell	Build the actual public site	2026-10-04T15:30:32.8927754Z shell: /usr/bin/bash -e {0}
shell	Build the actual public site	2026-10-04T15:30:32.8928013Z env:
shell	Build the actual public site	2026-10-04T15:30:32.8928491Z   OI_ESSAY_BROWSER_REPO: /home/runner/work/O-I/O-I/.publication-sources/essay-reading/published-reading/2026-10-04
shell	Build the actual public site	2026-10-04T15:30:32.8929052Z ##[endgroup]
shell	Build the actual public site	2026-10-04T15:30:32.9954210Z 
shell	Build the actual public site	2026-10-04T15:30:32.9955124Z > oi-site@0.1.0 build:public
shell	Build the actual public site	2026-10-04T15:30:32.9956522Z > npm run build:library && npm run build:essay-quartz && tsc -p tsconfig.public.json && vite build --config vite.public.config.ts && node write-vercel-deploy-config.mjs
shell	Build the actual public site	2026-10-04T15:30:32.9957356Z 
shell	Build the actual public site	2026-10-04T15:30:33.0983379Z 
shell	Build the actual public site	2026-10-04T15:30:33.0984632Z > oi-site@0.1.0 build:library
shell	Build the actual public site	2026-10-04T15:30:33.0986087Z > node build-library.mjs && node build-publications.mjs && node build-essay-browser.mjs && node prepare-public-assets.mjs
shell	Build the actual public site	2026-10-04T15:30:33.0987022Z 
shell	Build the actual public site	2026-10-04T15:30:33.1895557Z Library: 10 native site editions, 55 exact Scenes; sha256:f68a9fe565705a2de1c83b4b40144649d7f1bcb3cb0c76cf225de95dc6aca3d4
shell	Build the actual public site	2026-10-04T15:30:33.2544889Z Native Library: 0 public subjects; 0 revisioned publications. No live subscription.
shell	Build the actual public site	2026-10-04T15:30:35.3285338Z Essay browser: 874 pages from 8265f3821770 → public/essay-shell
shell	Build the actual public site	2026-10-04T15:30:35.3288262Z {
shell	Build the actual public site	2026-10-04T15:30:35.3288948Z   Rooms: 239,
shell	Build the actual public site	2026-10-04T15:30:35.3289419Z   Symbolon: 14,
shell	Build the actual public site	2026-10-04T15:30:35.3289720Z   Matheme: 93,
shell	Build the actual public site	2026-10-04T15:30:35.3290016Z   Mytheme: 148,
shell	Build the actual public site	2026-10-04T15:30:35.3290304Z   Episteme: 378,
shell	Build the actual public site	2026-10-04T15:30:35.3290609Z   Manuscript: 1
shell	Build the actual public site	2026-10-04T15:30:35.3290885Z }
shell	Build the actual public site	2026-10-04T15:30:36.0513647Z Public assets: 14 declared edition files; approved editorial media. Development demo datasets excluded.
shell	Build the actual public site	2026-10-04T15:30:36.1580236Z 
shell	Build the actual public site	2026-10-04T15:30:36.1581187Z > oi-site@0.1.0 build:essay-quartz
shell	Build the actual public site	2026-10-04T15:30:36.1581739Z > node build-essay-quartz.mjs
shell	Build the actual public site	2026-10-04T15:30:36.1582017Z 
shell	Build the actual public site	2026-10-04T15:31:10.9281285Z 
shell	Build the actual public site	2026-10-04T15:31:10.9281919Z  Quartz v4.5.2  
shell	Build the actual public site	2026-10-04T15:31:10.9282315Z 
shell	Build the actual public site	2026-10-04T15:31:10.9283092Z Cleaned output directory `/home/runner/work/O-I/O-I/site/.public-edition/essay` in 2ms
shell	Build the actual public site	2026-10-04T15:31:10.9284142Z Found 874 input files from `content` in 54ms
shell	Build the actual public site	2026-10-04T15:31:10.9285128Z Parsing input files using 4 threads
shell	Build the actual public site	2026-10-04T15:31:10.9285507Z 
shell	Build the actual public site	2026-10-04T15:31:10.9286540Z Warning: content/section-rooms/arguments/concepts/agentworld.md isn't yet tracked by git, dates will be inaccurate
shell	Build the actual public site	2026-10-04T15:31:10.9287508Z 
shell	Build the actual public site	2026-10-04T15:31:10.9288892Z Warning: content/symbolon/episteme/etymologies/apportionment-and-economy/HISTORICAL-BRANCHES-apportionment-and-economy.md isn't yet tracked by git, dates will be inaccurate
shell	Build the actual public site	2026-10-04T15:31:10.9289830Z 
shell	Build the actual public site	2026-10-04T15:31:10.9290553Z Warning: content/section-rooms/arguments/concepts/anthropomorphization.md isn't yet tracked by git, dates will be inaccurate
shell	Build the actual public site	2026-10-04T15:31:10.9291221Z 
shell	Build the actual public site	2026-10-04T15:31:10.9292062Z (node:2825) [DEP0040] DeprecationWarning: The `punycode` module is deprecated. Please use a userland alternative instead.
shell	Build the actual public site	2026-10-04T15:31:10.9293134Z (Use `node --trace-deprecation ...` to show where the warning was created)
shell	Build the actual public site	2026-10-04T15:31:10.9294127Z (node:2825) [DEP0040] DeprecationWarning: The `punycode` module is deprecated. Please use a userland alternative instead.
shell	Build the actual public site	2026-10-04T15:31:10.9295135Z (Use `node --trace-deprecation ...` to show where the warning was created)
shell	Build the actual public site	2026-10-04T15:31:10.9295910Z (node:2825) [DEP0040] DeprecationWarning: The `punycode` module is deprecated. Please use a userland alternative instead.
shell	Build the actual public site	2026-10-04T15:31:10.9297097Z (Use `node --trace-deprecation ...` to show where the warning was created)
shell	Build the actual public site	2026-10-04T15:31:10.9297871Z (node:2825) [DEP0040] DeprecationWarning: The `punycode` module is deprecated. Please use a userland alternative instead.
shell	Build the actual public site	2026-10-04T15:31:10.9299158Z (Use `node --trace-deprecation ...` to show where the warning was created)
shell	Build the actual public site	2026-10-04T15:31:10.9300470Z (node:2825) [DEP0040] DeprecationWarning: The `punycode` module is deprecated. Please use a userland alternative instead.
shell	Build the actual public site	2026-10-04T15:31:10.9301442Z (Use `node --trace-deprecation ...` to show where the warning was created)
shell	Build the actual public site	2026-10-04T15:31:10.9302998Z LaTeX-incompatible input and strict mode is set to 'warn': Unrecognized Unicode character "−" (8722) [unknownSymbol]
shell	Build the actual public site	2026-10-04T15:31:10.9305015Z LaTeX-incompatible input and strict mode is set to 'warn': Unrecognized Unicode character "Ø" (216) [unknownSymbol]
shell	Build the actual public site	2026-10-04T15:31:10.9306636Z LaTeX-incompatible input and strict mode is set to 'warn': Unrecognized Unicode character "Ø" (216) [unknownSymbol]
shell	Build the actual public site	2026-10-04T15:31:10.9307608Z LaTeX-incompatible input and strict mode is set to 'warn': Unrecognized Unicode character "Ø" (216) [unknownSymbol]
shell	Build the actual public site	2026-10-04T15:31:10.9308578Z LaTeX-incompatible input and strict mode is set to 'warn': Unrecognized Unicode character "Ø" (216) [unknownSymbol]
shell	Build the actual public site	2026-10-04T15:31:10.9309553Z LaTeX-incompatible input and strict mode is set to 'warn': Unrecognized Unicode character "Ø" (216) [unknownSymbol]
shell	Build the actual public site	2026-10-04T15:31:10.9310538Z LaTeX-incompatible input and strict mode is set to 'warn': Unrecognized Unicode character "Ø" (216) [unknownSymbol]
shell	Build the actual public site	2026-10-04T15:31:10.9311482Z LaTeX-incompatible input and strict mode is set to 'warn': Unrecognized Unicode character "Ø" (216) [unknownSymbol]
shell	Build the actual public site	2026-10-04T15:31:10.9312408Z LaTeX-incompatible input and strict mode is set to 'warn': Unrecognized Unicode character "Ø" (216) [unknownSymbol]
shell	Build the actual public site	2026-10-04T15:31:10.9313330Z LaTeX-incompatible input and strict mode is set to 'warn': Unrecognized Unicode character "Ø" (216) [unknownSymbol]
shell	Build the actual public site	2026-10-04T15:31:10.9314560Z LaTeX-incompatible input and strict mode is set to 'warn': Unrecognized Unicode character "Ø" (216) [unknownSymbol]
shell	Build the actual public site	2026-10-04T15:31:10.9315752Z LaTeX-incompatible input and strict mode is set to 'warn': Unrecognized Unicode character "Ø" (216) [unknownSymbol]
shell	Build the actual public site	2026-10-04T15:31:10.9316868Z LaTeX-incompatible input and strict mode is set to 'warn': Unrecognized Unicode character "Ø" (216) [unknownSymbol]
shell	Build the actual public site	2026-10-04T15:31:10.9317822Z LaTeX-incompatible input and strict mode is set to 'warn': Unrecognized Unicode character "Ø" (216) [unknownSymbol]
shell	Build the actual public site	2026-10-04T15:31:10.9318761Z LaTeX-incompatible input and strict mode is set to 'warn': Unrecognized Unicode character "Ø" (216) [unknownSymbol]
shell	Build the actual public site	2026-10-04T15:31:10.9319711Z LaTeX-incompatible input and strict mode is set to 'warn': Unrecognized Unicode character "Ø" (216) [unknownSymbol]
shell	Build the actual public site	2026-10-04T15:31:10.9320746Z LaTeX-incompatible input and strict mode is set to 'warn': Unrecognized Unicode character "Ø" (216) [unknownSymbol]
shell	Build the actual public site	2026-10-04T15:31:10.9321756Z LaTeX-incompatible input and strict mode is set to 'warn': Unrecognized Unicode character "Ø" (216) [unknownSymbol]
shell	Build the actual public site	2026-10-04T15:31:10.9322729Z LaTeX-incompatible input and strict mode is set to 'warn': Unrecognized Unicode character "Ø" (216) [unknownSymbol]
shell	Build the actual public site	2026-10-04T15:31:10.9323723Z LaTeX-incompatible input and strict mode is set to 'warn': Unrecognized Unicode character "−" (8722) [unknownSymbol]
shell	Build the actual public site	2026-10-04T15:31:10.9325003Z LaTeX-incompatible input and strict mode is set to 'warn': Unrecognized Unicode character "−" (8722) [unknownSymbol]
shell	Build the actual public site	2026-10-04T15:31:10.9326026Z LaTeX-incompatible input and strict mode is set to 'warn': Unrecognized Unicode character "Ø" (216) [unknownSymbol]
shell	Build the actual public site	2026-10-04T15:31:10.9327026Z LaTeX-incompatible input and strict mode is set to 'warn': Unrecognized Unicode character "Ø" (216) [unknownSymbol]
shell	Build the actual public site	2026-10-04T15:31:10.9328024Z LaTeX-incompatible input and strict mode is set to 'warn': Unrecognized Unicode character "Ø" (216) [unknownSymbol]
shell	Build the actual public site	2026-10-04T15:31:10.9329019Z LaTeX-incompatible input and strict mode is set to 'warn': Unrecognized Unicode character "Ø" (216) [unknownSymbol]
shell	Build the actual public site	2026-10-04T15:31:10.9330038Z LaTeX-incompatible input and strict mode is set to 'warn': Unrecognized Unicode character "Ø" (216) [unknownSymbol]
shell	Build the actual public site	2026-10-04T15:31:10.9331053Z LaTeX-incompatible input and strict mode is set to 'warn': Unrecognized Unicode character "Ø" (216) [unknownSymbol]
shell	Build the actual public site	2026-10-04T15:31:10.9332395Z LaTeX-incompatible input and strict mode is set to 'warn': Unrecognized Unicode character "Ø" (216) [unknownSymbol]
shell	Build the actual public site	2026-10-04T15:31:10.9333585Z LaTeX-incompatible input and strict mode is set to 'warn': Unrecognized Unicode character "Ø" (216) [unknownSymbol]
shell	Build the actual public site	2026-10-04T15:31:10.9335001Z LaTeX-incompatible input and strict mode is set to 'warn': Unrecognized Unicode character "Ø" (216) [unknownSymbol]
shell	Build the actual public site	2026-10-04T15:31:10.9336050Z LaTeX-incompatible input and strict mode is set to 'warn': Unrecognized Unicode character "Ø" (216) [unknownSymbol]
shell	Build the actual public site	2026-10-04T15:31:10.9337053Z LaTeX-incompatible input and strict mode is set to 'warn': Unrecognized Unicode character "Ø" (216) [unknownSymbol]
shell	Build the actual public site	2026-10-04T15:31:10.9338853Z LaTeX-incompatible input and strict mode is set to 'warn': Unrecognized Unicode character "Ø" (216) [unknownSymbol]
shell	Build the actual public site	2026-10-04T15:31:10.9340666Z LaTeX-incompatible input and strict mode is set to 'warn': Unrecognized Unicode character "Ø" (216) [unknownSymbol]
shell	Build the actual public site	2026-10-04T15:31:10.9341886Z LaTeX-incompatible input and strict mode is set to 'warn': Unrecognized Unicode character "Ø" (216) [unknownSymbol]
shell	Build the actual public site	2026-10-04T15:31:10.9343232Z Warning: content/symbolon/episteme/etymologies/apportionment-and-economy/HISTORY-apportionment-and-economy.md isn't yet tracked by git, dates will be inaccurate
shell	Build the actual public site	2026-10-04T15:31:10.9343874Z 
shell	Build the actual public site	2026-10-04T15:31:10.9344635Z Warning: content/section-rooms/arguments/concepts/apoha.md isn't yet tracked by git, dates will be inaccurate
shell	Build the actual public site	2026-10-04T15:31:10.9345098Z 
shell	Build the actual public site	2026-10-04T15:31:10.9345605Z Warning: content/section-rooms/arguments/concepts/bimba-pratibimba.md isn't yet tracked by git, dates will be inaccurate
shell	Build the actual public site	2026-10-04T15:31:10.9346090Z 
shell	Build the actual public site	2026-10-04T15:31:10.9346841Z Warning: content/symbolon/episteme/etymologies/apportionment-and-economy/WHOLE-FIELD-apportionment-and-economy.md isn't yet tracked by git, dates will be inaccurate
shell	Build the actual public site	2026-10-04T15:31:10.9347489Z 
shell	Build the actual public site	2026-10-04T15:31:10.9348009Z Warning: content/section-rooms/arguments/concepts/centaur-societies.md isn't yet tracked by git, dates will be inaccurate
shell	Build the actual public site	2026-10-04T15:31:10.9348488Z 
shell	Build the actual public site	2026-10-04T15:31:10.9349081Z Warning: content/section-rooms/arguments/concepts/compassion-as-sensitivity-to-origins.md isn't yet tracked by git, dates will be inaccurate
shell	Build the actual public site	2026-10-04T15:31:10.9349636Z 
shell	Build the actual public site	2026-10-04T15:31:10.9350153Z Warning: content/section-rooms/arguments/concepts/counterfeit-gathering.md isn't yet tracked by git, dates will be inaccurate
shell	Build the actual public site	2026-10-04T15:31:10.9350860Z 
shell	Build the actual public site	2026-10-04T15:31:10.9351621Z Warning: content/section-rooms/arguments/concepts/diaphaneity.md isn't yet tracked by git, dates will be inaccurate
shell	Build the actual public site	2026-10-04T15:31:10.9352136Z 
shell	Build the actual public site	2026-10-04T15:31:10.9353202Z Warning: content/symbolon/episteme/etymologies/arbitration-hybris-regard-anamnesis/HISTORICAL-BRANCHES-arbitration-hybris-regard-anamnesis.md isn't yet tracked by git, dates will be inaccurate
shell	Build the actual public site	2026-10-04T15:31:10.9353989Z 
shell	Build the actual public site	2026-10-04T15:31:10.9354967Z Warning: content/section-rooms/arguments/concepts/dimensional-reframing-at-zero-and-infinity.md isn't yet tracked by git, dates will be inaccurate
shell	Build the actual public site	2026-10-04T15:31:10.9355579Z 
shell	Build the actual public site	2026-10-04T15:31:10.9356105Z Warning: content/section-rooms/arguments/concepts/fusion-as-syns-shadow.md isn't yet tracked by git, dates will be inaccurate
shell	Build the actual public site	2026-10-04T15:31:10.9356585Z 
shell	Build the actual public site	2026-10-04T15:31:10.9357393Z Warning: content/symbolon/episteme/etymologies/arbitration-hybris-regard-anamnesis/HISTORY-arbitration-hybris-regard-anamnesis.md isn't yet tracked by git, dates will be inaccurate
shell	Build the actual public site	2026-10-04T15:31:10.9358118Z 
shell	Build the actual public site	2026-10-04T15:31:10.9358551Z Warning: content/section-rooms/arguments/concepts/index.md isn't yet tracked by git, dates will be inaccurate
shell	Build the actual public site	2026-10-04T15:31:10.9358998Z 
shell	Build the actual public site	2026-10-04T15:31:10.9359817Z Warning: content/symbolon/episteme/etymologies/arbitration-hybris-regard-anamnesis/WHOLE-FIELD-arbitration-hybris-regard-anamnesis.md isn't yet tracked by git, dates will be inaccurate
shell	Build the actual public site	2026-10-04T15:31:10.9360623Z 
shell	Build the actual public site	2026-10-04T15:31:10.9361222Z Warning: content/section-rooms/arguments/concepts/mathematical-artistic-image-register.md isn't yet tracked by git, dates will be inaccurate
shell	Build the actual public site	2026-10-04T15:31:10.9362145Z 
shell	Build the actual public site	2026-10-04T15:31:10.9362797Z Warning: content/symbolon/episteme/etymologies/earth-taste-wisdom/HISTORY-earth-taste-wisdom.md isn't yet tracked by git, dates will be inaccurate
shell	Build the actual public site	2026-10-04T15:31:10.9363373Z 
shell	Build the actual public site	2026-10-04T15:31:10.9363845Z Warning: content/section-rooms/arguments/concepts/parasociety.md isn't yet tracked by git, dates will be inaccurate
shell	Build the actual public site	2026-10-04T15:31:10.9364518Z 
shell	Build the actual public site	2026-10-04T15:31:10.9365074Z Warning: content/section-rooms/arguments/concepts/planetary-computation.md isn't yet tracked by git, dates will be inaccurate
shell	Build the actual public site	2026-10-04T15:31:10.9365570Z 
shell	Build the actual public site	2026-10-04T15:31:10.9366062Z Warning: content/section-rooms/arguments/concepts/prompt-thrownness.md isn't yet tracked by git, dates will be inaccurate
shell	Build the actual public site	2026-10-04T15:31:10.9366535Z 
shell	Build the actual public site	2026-10-04T15:31:10.9367309Z Warning: content/symbolon/episteme/etymologies/encounter-region-name-count/HISTORICAL-BRANCHES-encounter-region-name-count.md isn't yet tracked by git, dates will be inaccurate
shell	Build the actual public site	2026-10-04T15:31:10.9368018Z 
shell	Build the actual public site	2026-10-04T15:31:10.9368521Z Warning: content/section-rooms/arguments/concepts/psychoid-number.md isn't yet tracked by git, dates will be inaccurate
shell	Build the actual public site	2026-10-04T15:31:10.9368993Z 
shell	Build the actual public site	2026-10-04T15:31:10.9369489Z Warning: content/section-rooms/arguments/concepts/register-grammar.md isn't yet tracked by git, dates will be inaccurate
shell	Build the actual public site	2026-10-04T15:31:10.9369956Z 
shell	Build the actual public site	2026-10-04T15:31:10.9370414Z Warning: content/section-rooms/arguments/concepts/simulation.md isn't yet tracked by git, dates will be inaccurate
shell	Build the actual public site	2026-10-04T15:31:10.9370857Z 
shell	Build the actual public site	2026-10-04T15:31:10.9371306Z Warning: content/section-rooms/arguments/concepts/the-slash.md isn't yet tracked by git, dates will be inaccurate
shell	Build the actual public site	2026-10-04T15:31:10.9371737Z 
shell	Build the actual public site	2026-10-04T15:31:10.9372461Z Warning: content/symbolon/episteme/etymologies/encounter-region-name-count/HISTORY-encounter-region-name-count.md isn't yet tracked by git, dates will be inaccurate
shell	Build the actual public site	2026-10-04T15:31:10.9373147Z 
shell	Build the actual public site	2026-10-04T15:31:10.9373633Z Warning: content/section-rooms/arguments/concepts/vikalpa-samkalpa.md isn't yet tracked by git, dates will be inaccurate
shell	Build the actual public site	2026-10-04T15:31:10.9374103Z 
shell	Build the actual public site	2026-10-04T15:31:10.9375127Z Warning: content/section-rooms/arguments/concepts/world-picture-to-world-atlas.md isn't yet tracked by git, dates will be inaccurate
shell	Build the actual public site	2026-10-04T15:31:10.9375682Z 
shell	Build the actual public site	2026-10-04T15:31:10.9376132Z Warning: content/section-rooms/arguments/concepts/zero.md isn't yet tracked by git, dates will be inaccurate
shell	Build the actual public site	2026-10-04T15:31:10.9376651Z 
shell	Build the actual public site	2026-10-04T15:31:10.9377405Z Warning: content/symbolon/episteme/etymologies/encounter-region-name-count/WHOLE-FIELD-encounter-region-name-count.md isn't yet tracked by git, dates will be inaccurate
shell	Build the actual public site	2026-10-04T15:31:10.9378082Z 
shell	Build the actual public site	2026-10-04T15:31:10.9378861Z Warning: content/symbolon/episteme/etymologies/genesis-paradigm-project-epilogos/HISTORY-genesis-paradigm-project-epilogos.md isn't yet tracked by git, dates will be inaccurate
shell	Build the actual public site	2026-10-04T15:31:10.9379578Z 
shell	Build the actual public site	2026-10-04T15:31:10.9380389Z Warning: content/symbolon/episteme/etymologies/genesis-paradigm-project-epilogos/WHOLE-FIELD-genesis-paradigm-project-epilogos.md isn't yet tracked by git, dates will be inaccurate
shell	Build the actual public site	2026-10-04T15:31:10.9381108Z 
shell	Build the actual public site	2026-10-04T15:31:10.9381814Z Warning: content/symbolon/episteme/etymologies/homology-and-analogy/HISTORICAL-BRANCHES-homology-and-analogy.md isn't yet tracked by git, dates will be inaccurate
shell	Build the actual public site	2026-10-04T15:31:10.9382453Z 
shell	Build the actual public site	2026-10-04T15:31:10.9383113Z Warning: content/symbolon/episteme/etymologies/homology-and-analogy/HISTORY-homology-and-analogy.md isn't yet tracked by git, dates will be inaccurate
shell	Build the actual public site	2026-10-04T15:31:10.9383764Z 
shell	Build the actual public site	2026-10-04T15:31:10.9384973Z Warning: content/symbolon/episteme/etymologies/homology-and-analogy/WHOLE-FIELD-homology-and-analogy.md isn't yet tracked by git, dates will be inaccurate
shell	Build the actual public site	2026-10-04T15:31:10.9385628Z 
shell	Build the actual public site	2026-10-04T15:31:10.9386391Z Warning: content/symbolon/episteme/etymologies/symbol-account-and-trust/HISTORICAL-BRANCHES-symbol-account-and-trust.md isn't yet tracked by git, dates will be inaccurate
shell	Build the actual public site	2026-10-04T15:31:10.9387260Z 
shell	Build the actual public site	2026-10-04T15:31:10.9387961Z Warning: content/section-rooms/00-integral-threshold/READING-00-integral-threshold.md isn't yet tracked by git, dates will be inaccurate
shell	Build the actual public site	2026-10-04T15:31:10.9388496Z 
shell	Build the actual public site	2026-10-04T15:31:10.9389045Z Warning: content/section-rooms/00-integral-threshold/ROOM-00-integral-threshold.md isn't yet tracked by git, dates will be inaccurate
shell	Build the actual public site	2026-10-04T15:31:10.9389564Z 
shell	Build the actual public site	2026-10-04T15:31:10.9390249Z Warning: content/symbolon/episteme/etymologies/symbol-account-and-trust/HISTORY-symbol-account-and-trust.md isn't yet tracked by git, dates will be inaccurate
shell	Build the actual public site	2026-10-04T15:31:10.9390868Z 
shell	Build the actual public site	2026-10-04T15:31:10.9391558Z Warning: content/symbolon/episteme/etymologies/symbol-account-and-trust/WHOLE-FIELD-symbol-account-and-trust.md isn't yet tracked by git, dates will be inaccurate
shell	Build the actual public site	2026-10-04T15:31:10.9392189Z 
shell	Build the actual public site	2026-10-04T15:31:10.9393076Z Warning: content/symbolon/episteme/etymologies/trust-place-logos-nomos-natio-credere/HISTORICAL-BRANCHES-trust-place-logos-nomos-natio-credere.md isn't yet tracked by git, dates will be inaccurate
shell	Build the actual public site	2026-10-04T15:31:10.9393880Z 
shell	Build the actual public site	2026-10-04T15:31:10.9394803Z Warning: content/section-rooms/01-differentiating-mind/ROOM-01-differentiating-mind.md isn't yet tracked by git, dates will be inaccurate
shell	Build the actual public site	2026-10-04T15:31:10.9395359Z 
shell	Build the actual public site	2026-10-04T15:31:10.9396193Z Warning: content/symbolon/episteme/etymologies/trust-place-logos-nomos-natio-credere/HISTORY-trust-place-logos-nomos-natio-credere.md isn't yet tracked by git, dates will be inaccurate
shell	Build the actual public site	2026-10-04T15:31:10.9396928Z 
shell	Build the actual public site	2026-10-04T15:31:10.9397761Z Warning: content/symbolon/episteme/etymologies/trust-place-logos-nomos-natio-credere/WHOLE-FIELD-trust-place-logos-nomos-natio-credere.md isn't yet tracked by git, dates will be inaccurate
shell	Build the actual public site	2026-10-04T15:31:10.9398506Z 
shell	Build the actual public site	2026-10-04T15:31:10.9399033Z Warning: content/section-rooms/02-return-of-zero/READING-02-return-of-zero.md isn't yet tracked by git, dates will be inaccurate
shell	Build the actual public site	2026-10-04T15:31:10.9399524Z 
shell	Build the actual public site	2026-10-04T15:31:10.9400029Z Warning: content/section-rooms/02-return-of-zero/ROOM-02-return-of-zero.md isn't yet tracked by git, dates will be inaccurate
shell	Build the actual public site	2026-10-04T15:31:10.9400510Z 
shell	Build the actual public site	2026-10-04T15:31:10.9400975Z Warning: content/section-rooms/03-two-logics/ROOM-03-two-logics.md isn't yet tracked by git, dates will be inaccurate
shell	Build the actual public site	2026-10-04T15:31:10.9401424Z 
shell	Build the actual public site	2026-10-04T15:31:10.9402058Z Warning: content/symbolon/episteme/histories/encounters-and-transmissions/myth/DEVELOPMENT-myth.md isn't yet tracked by git, dates will be inaccurate
shell	Build the actual public site	2026-10-04T15:31:10.9402635Z 
shell	Build the actual public site	2026-10-04T15:31:10.9403243Z Warning: content/symbolon/episteme/histories/encounters-and-transmissions/myth/HISTORY-myth.md isn't yet tracked by git, dates will be inaccurate
shell	Build the actual public site	2026-10-04T15:31:10.9403800Z 
shell	Build the actual public site	2026-10-04T15:31:10.9404953Z Warning: content/symbolon/episteme/histories/places-and-peoples/language-law-nation-centralisation/DEVELOPMENT-language-law-nation-centralisation.md isn't yet tracked by git, dates will be inaccurate
shell	Build the actual public site	2026-10-04T15:31:10.9405822Z 
shell	Build the actual public site	2026-10-04T15:31:10.9406889Z Warning: content/section-rooms/04-mathematical-substrate/ROOM-04-mathematical-substrate.md isn't yet tracked by git, dates will be inaccurate
shell	Build the actual public site	2026-10-04T15:31:10.9407748Z 
shell	Build the actual public site	2026-10-04T15:31:10.9408668Z Warning: content/symbolon/episteme/histories/places-and-peoples/language-law-nation-centralisation/HISTORY-language-law-nation-centralisation.md isn't yet tracked by git, dates will be inaccurate
shell	Build the actual public site	2026-10-04T15:31:10.9409444Z 
shell	Build the actual public site	2026-10-04T15:31:10.9410218Z Warning: content/symbolon/episteme/histories/traditions-and-disciplines/ancient-philosophy/DEVELOPMENT-ancient-philosophy.md isn't yet tracked by git, dates will be inaccurate
shell	Build the actual public site	2026-10-04T15:31:10.9410911Z 
shell	Build the actual public site	2026-10-04T15:31:10.9411649Z Warning: content/symbolon/episteme/histories/traditions-and-disciplines/ancient-philosophy/HISTORY-ancient-philosophy.md isn't yet tracked by git, dates will be inaccurate
shell	Build the actual public site	2026-10-04T15:31:10.9412314Z 
shell	Build the actual public site	2026-10-04T15:31:10.9413068Z Warning: content/symbolon/episteme/histories/traditions-and-disciplines/indian-philosophy/DEVELOPMENT-indian-philosophy.md isn't yet tracked by git, dates will be inaccurate
shell	Build the actual public site	2026-10-04T15:31:10.9414018Z 
shell	Build the actual public site	2026-10-04T15:31:10.9415452Z Warning: content/section-rooms/05-psychoid-flowering/ROOM-05-psychoid-flowering.md isn't yet tracked by git, dates will be inaccurate
shell	Build the actual public site	2026-10-04T15:31:10.9416259Z 
shell	Build the actual public site	2026-10-04T15:31:10.9417074Z Warning: content/symbolon/episteme/histories/traditions-and-disciplines/indian-philosophy/HISTORY-indian-philosophy.md isn't yet tracked by git, dates will be inaccurate
shell	Build the actual public site	2026-10-04T15:31:10.9417756Z 
shell	Build the actual public site	2026-10-04T15:31:10.9418590Z Warning: content/symbolon/episteme/histories/traditions-and-disciplines/language-symbol-dialogue/DEVELOPMENT-language-symbol-dialogue.md isn't yet tracked by git, dates will be inaccurate
shell	Build the actual public site	2026-10-04T15:31:10.9419326Z 
shell	Build the actual public site	2026-10-04T15:31:10.9420126Z Warning: content/symbolon/episteme/histories/traditions-and-disciplines/language-symbol-dialogue/HISTORY-language-symbol-dialogue.md isn't yet tracked by git, dates will be inaccurate
shell	Build the actual public site	2026-10-04T15:31:10.9420852Z 
shell	Build the actual public site	2026-10-04T15:31:10.9421433Z Warning: content/section-rooms/06-objective-internality/ROOM-06-objective-internality.md isn't yet tracked by git, dates will be inaccurate
shell	Build the actual public site	2026-10-04T15:31:10.9421983Z 
shell	Build the actual public site	2026-10-04T15:31:10.9422670Z Warning: content/symbolon/episteme/histories/traditions-and-disciplines/mathematics/DEVELOPMENT-mathematics.md isn't yet tracked by git, dates will be inaccurate
shell	Build the actual public site	2026-10-04T15:31:10.9423291Z 
shell	Build the actual public site	2026-10-04T15:31:10.9423963Z Warning: content/symbolon/episteme/histories/traditions-and-disciplines/mathematics/HISTORY-mathematics.md isn't yet tracked by git, dates will be inaccurate
shell	Build the actual public site	2026-10-04T15:31:10.9425006Z 
shell	Build the actual public site	2026-10-04T15:31:10.9425866Z Warning: content/symbolon/episteme/histories/traditions-and-disciplines/process-systems-science/DEVELOPMENT-process-systems-science.md isn't yet tracked by git, dates will be inaccurate
shell	Build the actual public site	2026-10-04T15:31:10.9426599Z 
shell	Build the actual public site	2026-10-04T15:31:10.9427386Z Warning: content/symbolon/episteme/histories/traditions-and-disciplines/process-systems-science/HISTORY-process-systems-science.md isn't yet tracked by git, dates will be inaccurate
shell	Build the actual public site	2026-10-04T15:31:10.9428099Z 
shell	Build the actual public site	2026-10-04T15:31:10.9428780Z Warning: content/symbolon/episteme/histories/traditions-and-disciplines/psychology/DEVELOPMENT-psychology.md isn't yet tracked by git, dates will be inaccurate
shell	Build the actual public site	2026-10-04T15:31:10.9429400Z 
shell	Build the actual public site	2026-10-04T15:31:10.9429952Z Warning: content/section-rooms/07-instrument-returns/ROOM-07-instrument-returns.md isn't yet tracked by git, dates will be inaccurate
shell	Build the actual public site	2026-10-04T15:31:10.9430508Z 
shell	Build the actual public site	2026-10-04T15:31:10.9431168Z Warning: content/symbolon/episteme/histories/traditions-and-disciplines/psychology/HISTORY-psychology.md isn't yet tracked by git, dates will be inaccurate
shell	Build the actual public site	2026-10-04T15:31:10.9431767Z 
shell	Build the actual public site	2026-10-04T15:31:10.9432537Z Warning: content/symbolon/episteme/histories/traditions-and-disciplines/technology-politics/DEVELOPMENT-technology-politics.md isn't yet tracked by git, dates will be inaccurate
shell	Build the actual public site	2026-10-04T15:31:10.9433223Z 
shell	Build the actual public site	2026-10-04T15:31:10.9433976Z Warning: content/symbolon/episteme/histories/traditions-and-disciplines/technology-politics/HISTORY-technology-politics.md isn't yet tracked by git, dates will be inaccurate
shell	Build the actual public site	2026-10-04T15:31:10.9434973Z 
shell	Build the actual public site	2026-10-04T15:31:10.9435744Z Warning: content/symbolon/episteme/histories/traditions-and-disciplines/zero-subject-advent/DEVELOPMENT-zero-subject-advent.md isn't yet tracked by git, dates will be inaccurate
shell	Build the actual public site	2026-10-04T15:31:10.9436432Z 
shell	Build the actual public site	2026-10-04T15:31:10.9437175Z Warning: content/symbolon/episteme/histories/traditions-and-disciplines/zero-subject-advent/HISTORY-zero-subject-advent.md isn't yet tracked by git, dates will be inaccurate
shell	Build the actual public site	2026-10-04T15:31:10.9437866Z 
shell	Build the actual public site	2026-10-04T15:31:10.9438753Z Warning: content/symbolon/episteme/sources/analytic-philosophy/chalmers/chalmers-1995-facing-up-consciousness/chalmers-1995-facing-up-consciousness.md isn't yet tracked by git, dates will be inaccurate
shell	Build the actual public site	2026-10-04T15:31:10.9439537Z 
shell	Build the actual public site	2026-10-04T15:31:10.9440433Z Warning: content/symbolon/episteme/sources/political-theory-institutions/kinzer/kinzer-2026-mkultra-house-testimony/kinzer-2026-mkultra-house-testimony.md isn't yet tracked by git, dates will be inaccurate
shell	Build the actual public site	2026-10-04T15:31:10.9441525Z 
shell	Build the actual public site	2026-10-04T15:31:10.9442483Z Warning: content/symbolon/episteme/sources/political-theory-institutions/united-states-doj/doj-2025-epstein-production-letter/doj-2025-epstein-production-letter.md isn't yet tracked by git, dates will be inaccurate
shell	Build the actual public site	2026-10-04T15:31:10.9443312Z 
shell	Build the actual public site	2026-10-04T15:31:10.9444694Z Warning: content/symbolon/episteme/sources/political-theory-institutions/united-states-senate/senate-1977-project-mkultra-hearing/senate-1977-project-mkultra-hearing.md isn't yet tracked by git, dates will be inaccurate
shell	Build the actual public site	2026-10-04T15:31:10.9445622Z 
shell	Build the actual public site	2026-10-04T15:31:10.9446548Z Warning: content/symbolon/episteme/sources/political-theory-institutions/wired/wired-2026-dialog-exposed/wired-2026-dialog-exposed.md isn't yet tracked by git, dates will be inaccurate
shell	Build the actual public site	2026-10-04T15:31:10.9447704Z 
shell	Build the actual public site	2026-10-04T15:31:10.9448535Z Warning: content/symbolon/episteme/sources/political-theory-institutions/wired/wired-2026-dialog-rankings/wired-2026-dialog-rankings.md isn't yet tracked by git, dates will be inaccurate
shell	Build the actual public site	2026-10-04T15:31:10.9449399Z 
shell	Build the actual public site	2026-10-04T15:31:10.9450262Z Warning: content/symbolon/episteme/sources/psychology/jung/jung-1971-spirit-man-art-literature-cw15/jung-1971-spirit-man-art-literature-cw15.md isn't yet tracked by git, dates will be inaccurate
shell	Build the actual public site	2026-10-04T15:31:10.9451013Z 
shell	Build the actual public site	2026-10-04T15:31:10.9451845Z Warning: content/symbolon/episteme/sources/psychology/jung/jung-1975-structure-dynamics-psyche-cw8/jung-1975-structure-dynamics-psyche-cw8.md isn't yet tracked by git, dates will be inaccurate
shell	Build the actual public site	2026-10-04T15:31:10.9452590Z 
shell	Build the actual public site	2026-10-04T15:31:10.9453370Z Warning: content/symbolon/episteme/sources/psychology/jung/jung-1976-psychological-types-cw6/jung-1976-psychological-types-cw6.md isn't yet tracked by git, dates will be inaccurate
shell	Build the actual public site	2026-10-04T15:31:10.9454065Z 
shell	Build the actual public site	2026-10-04T15:31:10.9455130Z Warning: content/symbolon/episteme/sources/psychology/jung/jung-1976-symbolic-life-cw18/jung-1976-symbolic-life-cw18.md isn't yet tracked by git, dates will be inaccurate
shell	Build the actual public site	2026-10-04T15:31:10.9455797Z 
shell	Build the actual public site	2026-10-04T15:31:10.9456622Z Warning: content/symbolon/episteme/sources/psychology/jung/jung-1977-mysterium-coniunctionis-cw14/jung-1977-mysterium-coniunctionis-cw14.md isn't yet tracked by git, dates will be inaccurate
shell	Build the actual public site	2026-10-04T15:31:10.9457356Z 
shell	Build the actual public site	2026-10-04T15:31:10.9458126Z Warning: content/symbolon/episteme/sources/psychology/jung/jung-1980-psychology-alchemy-cw12/jung-1980-psychology-alchemy-cw12.md isn't yet tracked by git, dates will be inaccurate
shell	Build the actual public site	2026-10-04T15:31:10.9458814Z 
shell	Build the actual public site	2026-10-04T15:31:10.9459580Z Warning: content/symbolon/episteme/sources/psychology/jung/jung-1983-alchemical-studies-cw13/jung-1983-alchemical-studies-cw13.md isn't yet tracked by git, dates will be inaccurate
shell	Build the actual public site	2026-10-04T15:31:10.9460269Z 
shell	Build the actual public site	2026-10-04T15:31:10.9461117Z Warning: content/symbolon/episteme/sources/psychology/jung/jung-cw9i-hull-routledge-second-edition/jung-cw9i-hull-routledge-second-edition.md isn't yet tracked by git, dates will be inaccurate
shell	Build the actual public site	2026-10-04T15:31:10.9461876Z 
shell	Build the actual public site	2026-10-04T15:31:10.9462652Z Warning: content/symbolon/episteme/sources/classical-premodern-philosophy/plato/plato-jowett-phaedrus/plato-jowett-phaedrus.md isn't yet tracked by git, dates will be inaccurate
shell	Build the actual public site	2026-10-04T15:31:10.9463337Z 
shell	Build the actual public site	2026-10-04T15:31:10.9464074Z Warning: content/symbolon/episteme/sources/computer-science-ml/bai/bai-2022-constitutional-ai/bai-2022-constitutional-ai.md isn't yet tracked by git, dates will be inaccurate
shell	Build the actual public site	2026-10-04T15:31:10.9465189Z 
shell	Build the actual public site	2026-10-04T15:31:10.9466200Z Warning: content/symbolon/episteme/sources/computer-science-ml/bengio/bengio-2003-neural-probabilistic-language-model/bengio-2003-neural-probabilistic-language-model.md isn't yet tracked by git, dates will be inaccurate
shell	Build the actual public site	2026-10-04T15:31:10.9467069Z 
shell	Build the actual public site	2026-10-04T15:31:10.9467900Z Warning: content/symbolon/episteme/sources/internal-corpus/taylor/taylor-2026-6174-ql-complete-mapping/taylor-2026-6174-ql-complete-mapping.md isn't yet tracked by git, dates will be inaccurate
shell	Build the actual public site	2026-10-04T15:31:10.9468961Z Parsed 874 Markdown files in 29s
shell	Build the actual public site	2026-10-04T15:31:10.9469627Z Filtered out 0 files in 922μs
shell	Build the actual public site	2026-10-04T15:31:10.9469880Z Emitting files
shell	Build the actual public site	2026-10-04T15:31:10.9470317Z Emitted 2175 files to `/home/runner/work/O-I/O-I/site/.public-edition/essay` in 3s
shell	Build the actual public site	2026-10-04T15:31:10.9470788Z Done processing 874 files in 32s
shell	Build the actual public site	2026-10-04T15:31:10.9471985Z Quartz essay publication: 874 published pages + 16 visual assets from https://github.com/EpiLogos/Antykathera-Essay-Work.git@8265f3821 at .public-edition/essay. Frontmatter deduped in 79 files (Notion import duplicate source_id).
shell	Build the actual public site	2026-10-04T15:31:14.1940455Z [36mvite v5.4.21 [32mbuilding for production...[36m[39m
shell	Build the actual public site	2026-10-04T15:31:14.2641298Z transforming...
shell	Build the actual public site	2026-10-04T15:31:24.9000202Z [32m✓[39m 145 modules transformed.
shell	Build the actual public site	2026-10-04T15:31:25.5537917Z rendering chunks...
shell	Build the actual public site	2026-10-04T15:31:25.7540565Z computing gzip size...
shell	Build the actual public site	2026-10-04T15:31:25.7801795Z [2mdist/[22m[32mlibrary.html                      [39m[1m[2m  0.62 kB[22m[1m[22m[2m │ gzip:   0.38 kB[22m
shell	Build the actual public site	2026-10-04T15:31:25.7803579Z [2mdist/[22m[32mbuild.html                        [39m[1m[2m  0.74 kB[22m[1m[22m[2m │ gzip:   0.41 kB[22m
shell	Build the actual public site	2026-10-04T15:31:25.7805558Z [2mdist/[22m[32mresearch.html                     [39m[1m[2m  0.74 kB[22m[1m[22m[2m │ gzip:   0.42 kB[22m
shell	Build the actual public site	2026-10-04T15:31:25.7807178Z [2mdist/[22m[32mproducts.html                     [39m[1m[2m  0.76 kB[22m[1m[22m[2m │ gzip:   0.43 kB[22m
shell	Build the actual public site	2026-10-04T15:31:25.7808081Z [33m
shell	Build the actual public site	2026-10-04T15:31:25.7808781Z (!) Some chunks are larger than 500 kB after minification. Consider:
shell	Build the actual public site	2026-10-04T15:31:25.7809653Z - Using dynamic import() to code-split the application
shell	Build the actual public site	2026-10-04T15:31:25.7811154Z - Use build.rollupOptions.output.manualChunks to improve chunking: https://rollupjs.org/configuration-options/#output-manualchunks
shell	Build the actual public site	2026-10-04T15:31:25.7812851Z - Adjust chunk size limit for this warning via build.chunkSizeWarningLimit.[39m
shell	Build the actual public site	2026-10-04T15:31:25.7814557Z [2mdist/[22m[32moi.html                           [39m[1m[2m  0.76 kB[22m[1m[22m[2m │ gzip:   0.43 kB[22m
shell	Build the actual public site	2026-10-04T15:31:25.7815971Z [2mdist/[22m[32mshell.html                        [39m[1m[2m  0.79 kB[22m[1m[22m[2m │ gzip:   0.47 kB[22m
shell	Build the actual public site	2026-10-04T15:31:25.7817355Z [2mdist/[22m[32mindex.html                        [39m[1m[2m  0.79 kB[22m[1m[22m[2m │ gzip:   0.48 kB[22m
shell	Build the actual public site	2026-10-04T15:31:25.7818928Z [2mdist/[22m[32mshared-field.html                 [39m[1m[2m  0.79 kB[22m[1m[22m[2m │ gzip:   0.44 kB[22m
shell	Build the actual public site	2026-10-04T15:31:25.7820553Z [2mdist/[22m[2massets/[22m[35mmain-HiB4qHtd.css          [39m[1m[2m 47.06 kB[22m[1m[22m[2m │ gzip:  10.08 kB[22m
shell	Build the actual public site	2026-10-04T15:31:25.7822402Z [2mdist/[22m[2massets/[22m[36mmain-DFHOPj5T.js           [39m[1m[2m  0.03 kB[22m[1m[22m[2m │ gzip:   0.05 kB[22m
shell	Build the actual public site	2026-10-04T15:31:25.7824034Z [2mdist/[22m[2massets/[22m[36mNativeStage-DkH07EHc.js    [39m[1m[2m  5.68 kB[22m[1m[22m[2m │ gzip:   2.29 kB[22m
shell	Build the actual public site	2026-10-04T15:31:25.7826121Z [2mdist/[22m[2massets/[22m[36mmain-COig66Ro.js           [39m[1m[33m514.36 kB[39m[22m[2m │ gzip: 174.41 kB[22m
shell	Build the actual public site	2026-10-04T15:31:25.7827792Z [2mdist/[22m[2massets/[22m[36mnative-player-Bn6cIjyx.js  [39m[1m[33m839.97 kB[39m[22m[2m │ gzip: 226.33 kB[22m
shell	Build the actual public site	2026-10-04T15:31:25.7828947Z [32m✓ built in 11.56s[39m
shell	Build the actual public site	2026-10-04T15:31:26.0208291Z Deploy config restored: dist/.vercel/project.json (oi-epi-logos), dist/vercel.json.
shell	Install test-only browser tooling	﻿2026-10-04T15:31:26.0341856Z ##[group]Run python -m pip install playwright==1.51.0
shell	Install test-only browser tooling	2026-10-04T15:31:26.0342328Z [36;1mpython -m pip install playwright==1.51.0[0m
shell	Install test-only browser tooling	2026-10-04T15:31:26.0342780Z [36;1mpython -m playwright install --with-deps chromium firefox webkit[0m
shell	Install test-only browser tooling	2026-10-04T15:31:26.0408183Z shell: /usr/bin/bash -e {0}
shell	Install test-only browser tooling	2026-10-04T15:31:26.0408467Z ##[endgroup]
shell	Install test-only browser tooling	2026-10-04T15:31:27.4284690Z Defaulting to user installation because normal site-packages is not writeable
shell	Install test-only browser tooling	2026-10-04T15:31:28.2548689Z Collecting playwright==1.51.0
shell	Install test-only browser tooling	2026-10-04T15:31:28.2943750Z   Downloading playwright-1.51.0-py3-none-manylinux1_x86_64.whl.metadata (3.5 kB)
shell	Install test-only browser tooling	2026-10-04T15:31:28.3190225Z Collecting pyee<13,>=12 (from playwright==1.51.0)
shell	Install test-only browser tooling	2026-10-04T15:31:28.3241560Z   Downloading pyee-12.1.1-py3-none-any.whl.metadata (2.9 kB)
shell	Install test-only browser tooling	2026-10-04T15:31:28.5067904Z Collecting greenlet<4.0.0,>=3.1.1 (from playwright==1.51.0)
shell	Install test-only browser tooling	2026-10-04T15:31:28.5127232Z   Downloading greenlet-3.5.6-cp312-cp312-manylinux_2_24_x86_64.manylinux_2_28_x86_64.whl.metadata (3.8 kB)
shell	Install test-only browser tooling	2026-10-04T15:31:28.5324113Z Requirement already satisfied: typing-extensions in /usr/lib/python3/dist-packages (from pyee<13,>=12->playwright==1.51.0) (4.10.0)
shell	Install test-only browser tooling	2026-10-04T15:31:28.5400300Z Downloading playwright-1.51.0-py3-none-manylinux1_x86_64.whl (45.2 MB)
shell	Install test-only browser tooling	2026-10-04T15:31:28.8795589Z    ━━━━━━━━━━━━━━━━━━━━━━━━━━━━━━━━━━━━━━━━ 45.2/45.2 MB 95.4 MB/s eta 0:00:00
shell	Install test-only browser tooling	2026-10-04T15:31:28.8912045Z Downloading greenlet-3.5.6-cp312-cp312-manylinux_2_24_x86_64.manylinux_2_28_x86_64.whl (621 kB)
shell	Install test-only browser tooling	2026-10-04T15:31:28.8983688Z    ━━━━━━━━━━━━━━━━━━━━━━━━━━━━━━━━━━━━━━━ 621.4/621.4 kB 120.8 MB/s eta 0:00:00
shell	Install test-only browser tooling	2026-10-04T15:31:28.9037178Z Downloading pyee-12.1.1-py3-none-any.whl (15 kB)
shell	Install test-only browser tooling	2026-10-04T15:31:29.2509576Z Installing collected packages: pyee, greenlet, playwright
shell	Install test-only browser tooling	2026-10-04T15:31:30.0645953Z Successfully installed greenlet-3.5.6 playwright-1.51.0 pyee-12.1.1
shell	Install test-only browser tooling	2026-10-04T15:31:30.4285707Z Installing dependencies...
shell	Install test-only browser tooling	2026-10-04T15:31:30.4352327Z Switching to root user to install dependencies...
shell	Install test-only browser tooling	2026-10-04T15:31:30.5194180Z Get:1 file:/etc/apt/apt-mirrors.txt Mirrorlist [144 B]
shell	Install test-only browser tooling	2026-10-04T15:31:30.5540809Z Hit:2 http://azure.archive.ubuntu.com/ubuntu noble InRelease
shell	Install test-only browser tooling	2026-10-04T15:31:30.5542252Z Get:6 https://packages.microsoft.com/ubuntu/24.04/prod noble InRelease [3600 B]
shell	Install test-only browser tooling	2026-10-04T15:31:30.5549902Z Get:3 http://azure.archive.ubuntu.com/ubuntu noble-updates InRelease [126 kB]
shell	Install test-only browser tooling	2026-10-04T15:31:30.5605502Z Get:4 http://azure.archive.ubuntu.com/ubuntu noble-backports InRelease [126 kB]
shell	Install test-only browser tooling	2026-10-04T15:31:30.5665266Z Get:5 http://azure.archive.ubuntu.com/ubuntu noble-security InRelease [126 kB]
shell	Install test-only browser tooling	2026-10-04T15:31:30.6854915Z Get:7 https://packages.microsoft.com/ubuntu/24.04/prod noble/main arm64 Packages [458 kB]
shell	Install test-only browser tooling	2026-10-04T15:31:30.7017255Z Get:8 https://packages.microsoft.com/ubuntu/24.04/prod noble/main armhf Packages [12.6 kB]
shell	Install test-only browser tooling	2026-10-04T15:31:30.7080492Z Get:9 https://packages.microsoft.com/ubuntu/24.04/prod noble/main amd64 Packages [511 kB]
shell	Install test-only browser tooling	2026-10-04T15:31:30.7362960Z Get:10 http://azure.archive.ubuntu.com/ubuntu noble-updates/main amd64 Packages [1364 kB]
shell	Install test-only browser tooling	2026-10-04T15:31:30.7545847Z Get:11 http://azure.archive.ubuntu.com/ubuntu noble-updates/main Translation-en [304 kB]
shell	Install test-only browser tooling	2026-10-04T15:31:30.7583802Z Get:12 http://azure.archive.ubuntu.com/ubuntu noble-updates/main amd64 Components [181 kB]
shell	Install test-only browser tooling	2026-10-04T15:31:30.7603058Z Get:13 http://azure.archive.ubuntu.com/ubuntu noble-updates/universe amd64 Packages [1699 kB]
shell	Install test-only browser tooling	2026-10-04T15:31:30.7696071Z Get:14 http://azure.archive.ubuntu.com/ubuntu noble-updates/universe Translation-en [341 kB]
shell	Install test-only browser tooling	2026-10-04T15:31:30.7723475Z Get:15 http://azure.archive.ubuntu.com/ubuntu noble-updates/universe amd64 Components [388 kB]
shell	Install test-only browser tooling	2026-10-04T15:31:30.7751173Z Get:16 http://azure.archive.ubuntu.com/ubuntu noble-updates/restricted amd64 Packages [1720 kB]
shell	Install test-only browser tooling	2026-10-04T15:31:30.7856380Z Get:17 http://azure.archive.ubuntu.com/ubuntu noble-updates/restricted Translation-en [394 kB]
shell	Install test-only browser tooling	2026-10-04T15:31:30.7935782Z Get:18 http://azure.archive.ubuntu.com/ubuntu noble-updates/multiverse amd64 Components [940 B]
shell	Install test-only browser tooling	2026-10-04T15:31:30.7965510Z Get:19 http://azure.archive.ubuntu.com/ubuntu noble-backports/main amd64 Components [5776 B]
shell	Install test-only browser tooling	2026-10-04T15:31:30.8376364Z Get:20 http://azure.archive.ubuntu.com/ubuntu noble-backports/universe amd64 Components [12.6 kB]
shell	Install test-only browser tooling	2026-10-04T15:31:30.8600007Z Get:21 http://azure.archive.ubuntu.com/ubuntu noble-security/main amd64 Packages [1069 kB]
shell	Install test-only browser tooling	2026-10-04T15:31:30.8669965Z Get:22 http://azure.archive.ubuntu.com/ubuntu noble-security/main Translation-en [221 kB]
shell	Install test-only browser tooling	2026-10-04T15:31:30.8686292Z Get:23 http://azure.archive.ubuntu.com/ubuntu noble-security/main amd64 Components [46.4 kB]
shell	Install test-only browser tooling	2026-10-04T15:31:30.8692331Z Get:24 http://azure.archive.ubuntu.com/ubuntu noble-security/universe amd64 Packages [1216 kB]
shell	Install test-only browser tooling	2026-10-04T15:31:30.8755965Z Get:25 http://azure.archive.ubuntu.com/ubuntu noble-security/universe Translation-en [244 kB]
shell	Install test-only browser tooling	2026-10-04T15:31:30.8796908Z Get:26 http://azure.archive.ubuntu.com/ubuntu noble-security/universe amd64 Components [76.4 kB]
shell	Install test-only browser tooling	2026-10-04T15:31:30.8798349Z Get:27 http://azure.archive.ubuntu.com/ubuntu noble-security/restricted amd64 Packages [1566 kB]
shell	Install test-only browser tooling	2026-10-04T15:31:30.8865866Z Get:28 http://azure.archive.ubuntu.com/ubuntu noble-security/restricted Translation-en [361 kB]
shell	Install test-only browser tooling	2026-10-04T15:31:35.3361932Z Fetched 12.6 MB in 1s (9129 kB/s)
shell	Install test-only browser tooling	2026-10-04T15:31:36.2048979Z Reading package lists...
shell	Install test-only browser tooling	2026-10-04T15:31:36.2295275Z Reading package lists...
shell	Install test-only browser tooling	2026-10-04T15:31:36.4336362Z Building dependency tree...
shell	Install test-only browser tooling	2026-10-04T15:31:36.4343945Z Reading state information...
shell	Install test-only browser tooling	2026-10-04T15:31:36.4491135Z libasound2t64 is already the newest version (1.2.11-1ubuntu0.3).
shell	Install test-only browser tooling	2026-10-04T15:31:36.4492019Z libasound2t64 set to manually installed.
shell	Install test-only browser tooling	2026-10-04T15:31:36.4492693Z libatk-bridge2.0-0t64 is already the newest version (2.52.0-1build1).
shell	Install test-only browser tooling	2026-10-04T15:31:36.4493349Z libatk-bridge2.0-0t64 set to manually installed.
shell	Install test-only browser tooling	2026-10-04T15:31:36.4493980Z libatk1.0-0t64 is already the newest version (2.52.0-1build1).
shell	Install test-only browser tooling	2026-10-04T15:31:36.4494765Z libatk1.0-0t64 set to manually installed.
shell	Install test-only browser tooling	2026-10-04T15:31:36.4495378Z libatspi2.0-0t64 is already the newest version (2.52.0-1build1).
shell	Install test-only browser tooling	2026-10-04T15:31:36.4495989Z libatspi2.0-0t64 set to manually installed.
shell	Install test-only browser tooling	2026-10-04T15:31:36.4496556Z libcairo2 is already the newest version (1.18.0-3build1).
shell	Install test-only browser tooling	2026-10-04T15:31:36.4497085Z libcairo2 set to manually installed.
shell	Install test-only browser tooling	2026-10-04T15:31:36.4497670Z libcups2t64 is already the newest version (2.4.7-1.2ubuntu7.14).
shell	Install test-only browser tooling	2026-10-04T15:31:36.4498237Z libcups2t64 set to manually installed.
shell	Install test-only browser tooling	2026-10-04T15:31:36.4498809Z libdbus-1-3 is already the newest version (1.14.10-4ubuntu4.1).
shell	Install test-only browser tooling	2026-10-04T15:31:36.4499362Z libdbus-1-3 set to manually installed.
shell	Install test-only browser tooling	2026-10-04T15:31:36.4499950Z libdrm2 is already the newest version (2.4.125-1ubuntu0.1~24.04.2).
shell	Install test-only browser tooling	2026-10-04T15:31:36.4500509Z libdrm2 set to manually installed.
shell	Install test-only browser tooling	2026-10-04T15:31:36.4501077Z libglib2.0-0t64 is already the newest version (2.80.0-6ubuntu3.9).
shell	Install test-only browser tooling	2026-10-04T15:31:36.4501805Z libglib2.0-0t64 set to manually installed.
shell	Install test-only browser tooling	2026-10-04T15:31:36.4502586Z libnspr4 is already the newest version (2:4.35-1.1build1).
shell	Install test-only browser tooling	2026-10-04T15:31:36.4503146Z libnspr4 set to manually installed.
shell	Install test-only browser tooling	2026-10-04T15:31:36.4503903Z libnss3 is already the newest version (2:3.98-1ubuntu0.2).
shell	Install test-only browser tooling	2026-10-04T15:31:36.4504785Z libnss3 set to manually installed.
shell	Install test-only browser tooling	2026-10-04T15:31:36.4505469Z libpango-1.0-0 is already the newest version (1.52.1+ds-1build1).
shell	Install test-only browser tooling	2026-10-04T15:31:36.4506126Z libpango-1.0-0 set to manually installed.
shell	Install test-only browser tooling	2026-10-04T15:31:36.4506730Z libx11-6 is already the newest version (2:1.8.7-1build1).
shell	Install test-only browser tooling	2026-10-04T15:31:36.4507332Z libx11-6 set to manually installed.
shell	Install test-only browser tooling	2026-10-04T15:31:36.4518907Z libxcb1 is already the newest version (1.15-1ubuntu2).
shell	Install test-only browser tooling	2026-10-04T15:31:36.4519385Z libxcb1 set to manually installed.
shell	Install test-only browser tooling	2026-10-04T15:31:36.4519850Z libxcomposite1 is already the newest version (1:0.4.5-1build3).
shell	Install test-only browser tooling	2026-10-04T15:31:36.4520327Z libxcomposite1 set to manually installed.
shell	Install test-only browser tooling	2026-10-04T15:31:36.4520763Z libxdamage1 is already the newest version (1:1.1.6-1build1).
shell	Install test-only browser tooling	2026-10-04T15:31:36.4521171Z libxdamage1 set to manually installed.
shell	Install test-only browser tooling	2026-10-04T15:31:36.4521958Z libxext6 is already the newest version (2:1.3.4-1build2).
shell	Install test-only browser tooling	2026-10-04T15:31:36.4522343Z libxext6 set to manually installed.
shell	Install test-only browser tooling	2026-10-04T15:31:36.4522753Z libxfixes3 is already the newest version (1:6.0.0-2build1).
shell	Install test-only browser tooling	2026-10-04T15:31:36.4523164Z libxfixes3 set to manually installed.
shell	Install test-only browser tooling	2026-10-04T15:31:36.4523578Z libxkbcommon0 is already the newest version (1.6.0-1build1).
shell	Install test-only browser tooling	2026-10-04T15:31:36.4523978Z libxkbcommon0 set to manually installed.
shell	Install test-only browser tooling	2026-10-04T15:31:36.4524556Z libxrandr2 is already the newest version (2:1.5.2-2build1).
shell	Install test-only browser tooling	2026-10-04T15:31:36.4525144Z libxrandr2 set to manually installed.
shell	Install test-only browser tooling	2026-10-04T15:31:36.4525553Z xvfb is already the newest version (2:21.1.12-1ubuntu1.8).
shell	Install test-only browser tooling	2026-10-04T15:31:36.4526113Z fonts-noto-color-emoji is already the newest version (2.047-0ubuntu0.24.04.1).
shell	Install test-only browser tooling	2026-10-04T15:31:36.4526680Z libfontconfig1 is already the newest version (2.15.0-1.1ubuntu2).
shell	Install test-only browser tooling	2026-10-04T15:31:36.4527101Z libfontconfig1 set to manually installed.
shell	Install test-only browser tooling	2026-10-04T15:31:36.4527546Z libfreetype6 is already the newest version (2.13.2+dfsg-1ubuntu0.1).
shell	Install test-only browser tooling	2026-10-04T15:31:36.4527988Z libfreetype6 set to manually installed.
shell	Install test-only browser tooling	2026-10-04T15:31:36.4528410Z fonts-liberation is already the newest version (1:2.1.5-3).
shell	Install test-only browser tooling	2026-10-04T15:31:36.4528824Z fonts-liberation set to manually installed.
shell	Install test-only browser tooling	2026-10-04T15:31:36.4529269Z libcairo-gobject2 is already the newest version (1.18.0-3build1).
shell	Install test-only browser tooling	2026-10-04T15:31:36.4529706Z libcairo-gobject2 set to manually installed.
shell	Install test-only browser tooling	2026-10-04T15:31:36.4530192Z libgdk-pixbuf-2.0-0 is already the newest version (2.42.10+dfsg-3ubuntu3.3).
shell	Install test-only browser tooling	2026-10-04T15:31:36.4530676Z libgdk-pixbuf-2.0-0 set to manually installed.
shell	Install test-only browser tooling	2026-10-04T15:31:36.4531126Z libgtk-3-0t64 is already the newest version (3.24.41-4ubuntu1.3).
shell	Install test-only browser tooling	2026-10-04T15:31:36.4531539Z libgtk-3-0t64 set to manually installed.
shell	Install test-only browser tooling	2026-10-04T15:31:36.4531987Z libpangocairo-1.0-0 is already the newest version (1.52.1+ds-1build1).
shell	Install test-only browser tooling	2026-10-04T15:31:36.4532435Z libpangocairo-1.0-0 set to manually installed.
shell	Install test-only browser tooling	2026-10-04T15:31:36.4532856Z libx11-xcb1 is already the newest version (2:1.8.7-1build1).
shell	Install test-only browser tooling	2026-10-04T15:31:36.4533250Z libx11-xcb1 set to manually installed.
shell	Install test-only browser tooling	2026-10-04T15:31:36.4533642Z libxcb-shm0 is already the newest version (1.15-1ubuntu2).
shell	Install test-only browser tooling	2026-10-04T15:31:36.4534018Z libxcb-shm0 set to manually installed.
shell	Install test-only browser tooling	2026-10-04T15:31:36.4534600Z libxcursor1 is already the newest version (1:1.2.1-1build1).
shell	Install test-only browser tooling	2026-10-04T15:31:36.4534993Z libxcursor1 set to manually installed.
shell	Install test-only browser tooling	2026-10-04T15:31:36.4535363Z libxi6 is already the newest version (2:1.8.1-1build1).
shell	Install test-only browser tooling	2026-10-04T15:31:36.4535740Z libxi6 set to manually installed.
shell	Install test-only browser tooling	2026-10-04T15:31:36.4536139Z libxrender1 is already the newest version (1:0.9.10-1.1build1).
shell	Install test-only browser tooling	2026-10-04T15:31:36.4536532Z libxrender1 set to manually installed.
shell	Install test-only browser tooling	2026-10-04T15:31:36.4536916Z libicu74 is already the newest version (74.2-1ubuntu3.1).
shell	Install test-only browser tooling	2026-10-04T15:31:36.4537391Z libatomic1 is already the newest version (14.2.0-4ubuntu2~24.04.1).
shell	Install test-only browser tooling	2026-10-04T15:31:36.4537799Z libatomic1 set to manually installed.
shell	Install test-only browser tooling	2026-10-04T15:31:36.4538208Z libenchant-2-2 is already the newest version (2.3.3-2build2).
shell	Install test-only browser tooling	2026-10-04T15:31:36.4538615Z libenchant-2-2 set to manually installed.
shell	Install test-only browser tooling	2026-10-04T15:31:36.4539012Z libepoxy0 is already the newest version (1.5.10-1build1).
shell	Install test-only browser tooling	2026-10-04T15:31:36.4539381Z libepoxy0 set to manually installed.
shell	Install test-only browser tooling	2026-10-04T15:31:36.4539804Z libgstreamer1.0-0 is already the newest version (1.24.2-1ubuntu0.1).
shell	Install test-only browser tooling	2026-10-04T15:31:36.4540243Z libgstreamer1.0-0 set to manually installed.
shell	Install test-only browser tooling	2026-10-04T15:31:36.4540666Z libharfbuzz0b is already the newest version (8.3.0-2build2).
shell	Install test-only browser tooling	2026-10-04T15:31:36.4541062Z libharfbuzz0b set to manually installed.
shell	Install test-only browser tooling	2026-10-04T15:31:36.4541472Z libjpeg-turbo8 is already the newest version (2.1.5-2ubuntu2).
shell	Install test-only browser tooling	2026-10-04T15:31:36.5837025Z libjpeg-turbo8 set to manually installed.
shell	Install test-only browser tooling	2026-10-04T15:31:36.5838255Z liblcms2-2 is already the newest version (2.14-2ubuntu0.1).
shell	Install test-only browser tooling	2026-10-04T15:31:36.5838915Z liblcms2-2 set to manually installed.
shell	Install test-only browser tooling	2026-10-04T15:31:36.5839573Z libpng16-16t64 is already the newest version (1.6.43-5ubuntu0.6).
shell	Install test-only browser tooling	2026-10-04T15:31:36.5840986Z libpng16-16t64 set to manually installed.
shell	Install test-only browser tooling	2026-10-04T15:31:36.5841887Z libwayland-client0 is already the newest version (1.22.0-2.1build1).
shell	Install test-only browser tooling	2026-10-04T15:31:36.5842591Z libwayland-client0 set to manually installed.
shell	Install test-only browser tooling	2026-10-04T15:31:36.5843486Z libwayland-egl1 is already the newest version (1.22.0-2.1build1).
shell	Install test-only browser tooling	2026-10-04T15:31:36.5844171Z libwayland-egl1 set to manually installed.
shell	Install test-only browser tooling	2026-10-04T15:31:36.5846444Z libwebp7 is already the newest version (1.3.2-0.4build3).
shell	Install test-only browser tooling	2026-10-04T15:31:36.5846963Z libwebp7 set to manually installed.
shell	Install test-only browser tooling	2026-10-04T15:31:36.5847782Z libwebpdemux2 is already the newest version (1.3.2-0.4build3).
shell	Install test-only browser tooling	2026-10-04T15:31:36.5848322Z libwebpdemux2 set to manually installed.
shell	Install test-only browser tooling	2026-10-04T15:31:36.5848876Z libxml2 is already the newest version (2.9.14+dfsg-1.3ubuntu3.9).
shell	Install test-only browser tooling	2026-10-04T15:31:36.5849389Z libxml2 set to manually installed.
shell	Install test-only browser tooling	2026-10-04T15:31:36.5850080Z libxslt1.1 is already the newest version (1.1.39-0exp1ubuntu0.24.04.3).
shell	Install test-only browser tooling	2026-10-04T15:31:36.5850772Z libxslt1.1 set to manually installed.
shell	Install test-only browser tooling	2026-10-04T15:31:36.5851287Z The following additional packages will be installed:
shell	Install test-only browser tooling	2026-10-04T15:31:36.5851887Z   glib-networking glib-networking-common glib-networking-services
shell	Install test-only browser tooling	2026-10-04T15:31:36.5852581Z   gsettings-desktop-schemas libaa1 libabsl20220623t64 libass9 libasyncns0
shell	Install test-only browser tooling	2026-10-04T15:31:36.5853320Z   libavc1394-0 libavcodec60 libavfilter9 libavformat60 libavtp0 libavutil58
shell	Install test-only browser tooling	2026-10-04T15:31:36.5854016Z   libblas3 libbluray2 libbs2b0 libcaca0 libcairo-script-interpreter2
shell	Install test-only browser tooling	2026-10-04T15:31:36.5854774Z   libcdparanoia0 libchromaprint1 libcjson1 libcodec2-1.2 libdav1d7
shell	Install test-only browser tooling	2026-10-04T15:31:36.5855305Z   libdc1394-25 libdca0 libde265-0 libdecor-0-0 libdirectfb-1.7-7t64 libdv4t64
shell	Install test-only browser tooling	2026-10-04T15:31:36.5855843Z   libdvdnav4 libdvdread8t64 libegl-mesa0 libegl1 libevent-core-2.1-7t64
shell	Install test-only browser tooling	2026-10-04T15:31:36.5856413Z   libevent-pthreads-2.1-7t64 libfaad2 libflac12t64 libfluidsynth3 libfreeaptx0
shell	Install test-only browser tooling	2026-10-04T15:31:36.5856967Z   libgav1-1 libgl1-mesa-dri libglx-mesa0 libgme0 libgraphene-1.0-0 libgsm1
shell	Install test-only browser tooling	2026-10-04T15:31:36.5857531Z   libgssdp-1.6-0 libgstreamer-plugins-good1.0-0 libgtk-4-common libgupnp-1.6-0
shell	Install test-only browser tooling	2026-10-04T15:31:36.5858051Z   libgupnp-igd-1.6-0 libhwy1t64 libiec61883-0 libimath-3-1-29t64
shell	Install test-only browser tooling	2026-10-04T15:31:36.5858521Z   libinstpatch-1.0-2 libjack-jackd2-0 libjxl0.7 liblapack3 liblc3-1
shell	Install test-only browser tooling	2026-10-04T15:31:36.5859029Z   libldacbt-enc2 liblilv-0-0 liblrdf0 libltc11 libmbedcrypto7t64 libmfx1
shell	Install test-only browser tooling	2026-10-04T15:31:36.5859504Z   libmjpegutils-2.1-0t64 libmodplug1 libmp3lame0 libmpcdec6
shell	Install test-only browser tooling	2026-10-04T15:31:36.5859993Z   libmpeg2encpp-2.1-0t64 libmpg123-0t64 libmplex2-2.1-0t64 libmysofa1
shell	Install test-only browser tooling	2026-10-04T15:31:36.5860492Z   libneon27t64 libnice10 libopenal-data libopenal1 libopenexr-3-1-30
shell	Install test-only browser tooling	2026-10-04T15:31:36.5860956Z   libopenh264-7 libopenmpt0t64 libopenni2-0 liborc-0.4-0t64
shell	Install test-only browser tooling	2026-10-04T15:31:36.5861415Z   libpipewire-0.3-0t64 libplacebo338 libpocketsphinx3 libpostproc57
shell	Install test-only browser tooling	2026-10-04T15:31:36.5861932Z   libproxy1v5 libpulse0 libqrencode4 libraptor2-0 librav1e0 libraw1394-11
shell	Install test-only browser tooling	2026-10-04T15:31:36.5862464Z   librist4 librsvg2-2 librubberband2 libsamplerate0 libsbc1 libsdl2-2.0-0
shell	Install test-only browser tooling	2026-10-04T15:31:36.5863001Z   libsecret-common libserd-0-0 libshine3 libshout3 libsndfile1 libsndio7.0
shell	Install test-only browser tooling	2026-10-04T15:31:36.5863532Z   libsord-0-0 libsoundtouch1 libsoup-3.0-0 libsoup-3.0-common libsoxr0
shell	Install test-only browser tooling	2026-10-04T15:31:36.5864072Z   libspa-0.2-modules libspandsp2t64 libspeex1 libsphinxbase3t64 libsratom-0-0
shell	Install test-only browser tooling	2026-10-04T15:31:36.5864765Z   libsrt1.5-gnutls libsrtp2-1 libssh-gcrypt-4 libsvtav1enc1d1 libswresample4
shell	Install test-only browser tooling	2026-10-04T15:31:36.5865317Z   libswscale7 libtag1v5 libtag1v5-vanilla libtheora0 libtwolame0 libudfread0
shell	Install test-only browser tooling	2026-10-04T15:31:36.5865859Z   libunibreak5 libv4l-0t64 libv4lconvert0t64 libva-drm2 libva-x11-2 libva2
shell	Install test-only browser tooling	2026-10-04T15:31:36.5866385Z   libvdpau1 libvidstab1.1 libvisual-0.4-0 libvo-aacenc0 libvo-amrwbenc0
shell	Install test-only browser tooling	2026-10-04T15:31:36.5866926Z   libvorbisenc2 libvpl2 libwavpack1 libwebrtc-audio-processing1 libwildmidi2
shell	Install test-only browser tooling	2026-10-04T15:31:36.5867479Z   libx265-199 libxcb-xkb1 libxkbcommon-x11-0 libxvidcore4 libyuv0 libzbar0t64
shell	Install test-only browser tooling	2026-10-04T15:31:36.5868008Z   libzimg2 libzix-0-0 libzvbi-common libzvbi0t64 libzxing3 mesa-libgallium
shell	Install test-only browser tooling	2026-10-04T15:31:36.5868864Z   ocl-icd-libopencl1 session-migration timgm6mb-soundfont xfonts-encodings
shell	Install test-only browser tooling	2026-10-04T15:31:36.5869259Z   xfonts-utils
shell	Install test-only browser tooling	2026-10-04T15:31:36.5869483Z Suggested packages:
shell	Install test-only browser tooling	2026-10-04T15:31:36.5869864Z   frei0r-plugins gvfs libcuda1 libnvcuvid1 libnvidia-encode1 libbluray-bdj
shell	Install test-only browser tooling	2026-10-04T15:31:36.5870404Z   libdirectfb-extra libdv-bin oss-compat libdvdcss2 libvisual-0.4-plugins
shell	Install test-only browser tooling	2026-10-04T15:31:36.5870919Z   jackd2 liblrdf0-dev libportaudio2 opus-tools pipewire pulseaudio
shell	Install test-only browser tooling	2026-10-04T15:31:36.5871535Z   raptor2-utils libraw1394-doc librsvg2-bin serdi sndiod sordi speex
shell	Install test-only browser tooling	2026-10-04T15:31:36.5871974Z   libwildmidi-config opencl-icd fluid-soundfont-gm
shell	Install test-only browser tooling	2026-10-04T15:31:36.5872308Z Recommended packages:
shell	Install test-only browser tooling	2026-10-04T15:31:36.5872651Z   fonts-ipafont-mincho fonts-tlwg-loma gstreamer1.0-x libaacs0
shell	Install test-only browser tooling	2026-10-04T15:31:36.5873136Z   default-libdecor-0-plugin-1 | libdecor-0-plugin-1 gstreamer1.0-gl
shell	Install test-only browser tooling	2026-10-04T15:31:36.5873695Z   libgtk-4-bin librsvg2-common libgtk-4-media-gstreamer libpipewire-0.3-common
shell	Install test-only browser tooling	2026-10-04T15:31:36.5874467Z   pocketsphinx-en-us va-driver-all | va-driver vdpau-driver-all | vdpau-driver
shell	Install test-only browser tooling	2026-10-04T15:31:36.5874915Z   libmagickcore-6.q16-7-extra
shell	Install test-only browser tooling	2026-10-04T15:31:36.6510698Z The following NEW packages will be installed:
shell	Install test-only browser tooling	2026-10-04T15:31:36.6511925Z   fonts-freefont-ttf fonts-ipafont-gothic fonts-tlwg-loma-otf fonts-unifont
shell	Install test-only browser tooling	2026-10-04T15:31:36.6513146Z   fonts-wqy-zenhei glib-networking glib-networking-common
shell	Install test-only browser tooling	2026-10-04T15:31:36.6514802Z   glib-networking-services gsettings-desktop-schemas gstreamer1.0-libav
shell	Install test-only browser tooling	2026-10-04T15:31:36.6515984Z   gstreamer1.0-plugins-bad gstreamer1.0-plugins-base gstreamer1.0-plugins-good
shell	Install test-only browser tooling	2026-10-04T15:31:36.6516747Z   libaa1 libabsl20220623t64 libass9 libasyncns0 libavc1394-0 libavcodec60
shell	Install test-only browser tooling	2026-10-04T15:31:36.6517434Z   libavfilter9 libavformat60 libavif16 libavtp0 libavutil58 libblas3
shell	Install test-only browser tooling	2026-10-04T15:31:36.6518314Z   libbluray2 libbs2b0 libcaca0 libcairo-script-interpreter2 libcdparanoia0
shell	Install test-only browser tooling	2026-10-04T15:31:36.6519567Z   libchromaprint1 libcjson1 libcodec2-1.2 libdav1d7 libdc1394-25 libdca0
shell	Install test-only browser tooling	2026-10-04T15:31:36.6520258Z   libde265-0 libdecor-0-0 libdirectfb-1.7-7t64 libdv4t64 libdvdnav4
shell	Install test-only browser tooling	2026-10-04T15:31:36.6520968Z   libdvdread8t64 libegl-mesa0 libegl1 libevent-2.1-7t64 libfaad2 libflac12t64
shell	Install test-only browser tooling	2026-10-04T15:31:36.6521717Z   libflite1 libfluidsynth3 libfreeaptx0 libgav1-1 libgles2 libgme0
shell	Install test-only browser tooling	2026-10-04T15:31:36.6522464Z   libgraphene-1.0-0 libgsm1 libgssdp-1.6-0 libgstreamer-gl1.0-0
shell	Install test-only browser tooling	2026-10-04T15:31:36.6523105Z   libgstreamer-plugins-bad1.0-0 libgstreamer-plugins-base1.0-0
shell	Install test-only browser tooling	2026-10-04T15:31:36.6523811Z   libgstreamer-plugins-good1.0-0 libgtk-4-1 libgtk-4-common libgupnp-1.6-0
shell	Install test-only browser tooling	2026-10-04T15:31:36.6524670Z   libgupnp-igd-1.6-0 libharfbuzz-icu0 libhwy1t64 libhyphen0 libiec61883-0
shell	Install test-only browser tooling	2026-10-04T15:31:36.6525627Z   libimath-3-1-29t64 libinstpatch-1.0-2 libjack-jackd2-0 libjxl0.7 liblapack3
shell	Install test-only browser tooling	2026-10-04T15:31:36.6526376Z   liblc3-1 libldacbt-enc2 liblilv-0-0 liblrdf0 libltc11 libmanette-0.2-0
shell	Install test-only browser tooling	2026-10-04T15:31:36.6526944Z   libmbedcrypto7t64 libmfx1 libmjpegutils-2.1-0t64 libmodplug1 libmp3lame0
shell	Install test-only browser tooling	2026-10-04T15:31:36.6527493Z   libmpcdec6 libmpeg2encpp-2.1-0t64 libmpg123-0t64 libmplex2-2.1-0t64
shell	Install test-only browser tooling	2026-10-04T15:31:36.6527978Z   libmysofa1 libneon27t64 libnice10 libopenal-data libopenal1
shell	Install test-only browser tooling	2026-10-04T15:31:36.6528489Z   libopenexr-3-1-30 libopenh264-7 libopenmpt0t64 libopenni2-0 libopus0
shell	Install test-only browser tooling	2026-10-04T15:31:36.6528997Z   liborc-0.4-0t64 libpipewire-0.3-0t64 libplacebo338 libpocketsphinx3
shell	Install test-only browser tooling	2026-10-04T15:31:36.6529505Z   libpostproc57 libproxy1v5 libpulse0 libqrencode4 libraptor2-0 librav1e0
shell	Install test-only browser tooling	2026-10-04T15:31:36.6530035Z   libraw1394-11 librist4 librsvg2-2 librubberband2 libsamplerate0 libsbc1
shell	Install test-only browser tooling	2026-10-04T15:31:36.6530568Z   libsdl2-2.0-0 libsecret-1-0 libsecret-common libserd-0-0 libshine3 libshout3
shell	Install test-only browser tooling	2026-10-04T15:31:36.6531079Z   libsndfile1 libsndio7.0 libsord-0-0 libsoundtouch1 libsoup-3.0-0
shell	Install test-only browser tooling	2026-10-04T15:31:36.6531585Z   libsoup-3.0-common libsoxr0 libspa-0.2-modules libspandsp2t64 libspeex1
shell	Install test-only browser tooling	2026-10-04T15:31:36.6532121Z   libsphinxbase3t64 libsratom-0-0 libsrt1.5-gnutls libsrtp2-1 libssh-gcrypt-4
shell	Install test-only browser tooling	2026-10-04T15:31:36.6533017Z   libsvtav1enc1d1 libswresample4 libswscale7 libtag1v5 libtag1v5-vanilla
shell	Install test-only browser tooling	2026-10-04T15:31:36.6533729Z   libtheora0 libtwolame0 libudfread0 libunibreak5 libv4l-0t64
shell	Install test-only browser tooling	2026-10-04T15:31:36.6534506Z   libv4lconvert0t64 libva-drm2 libva-x11-2 libva2 libvdpau1 libvidstab1.1
shell	Install test-only browser tooling	2026-10-04T15:31:36.6535060Z   libvisual-0.4-0 libvo-aacenc0 libvo-amrwbenc0 libvorbisenc2 libvpl2 libvpx9
shell	Install test-only browser tooling	2026-10-04T15:31:36.6535606Z   libwavpack1 libwayland-server0 libwebrtc-audio-processing1 libwildmidi2
shell	Install test-only browser tooling	2026-10-04T15:31:36.6536343Z   libwoff1 libx264-164 libx265-199 libxcb-xkb1 libxkbcommon-x11-0 libxvidcore4
shell	Install test-only browser tooling	2026-10-04T15:31:36.6536894Z   libyuv0 libzbar0t64 libzimg2 libzix-0-0 libzvbi-common libzvbi0t64 libzxing3
shell	Install test-only browser tooling	2026-10-04T15:31:36.6537445Z   ocl-icd-libopencl1 session-migration timgm6mb-soundfont xfonts-cyrillic
shell	Install test-only browser tooling	2026-10-04T15:31:36.6537901Z   xfonts-encodings xfonts-scalable xfonts-utils
shell	Install test-only browser tooling	2026-10-04T15:31:36.6538277Z The following packages will be upgraded:
shell	Install test-only browser tooling	2026-10-04T15:31:36.6538742Z   libevent-core-2.1-7t64 libevent-pthreads-2.1-7t64 libgbm1 libgl1-mesa-dri
shell	Install test-only browser tooling	2026-10-04T15:31:36.6542293Z   libglx-mesa0 mesa-libgallium
shell	Install test-only browser tooling	2026-10-04T15:31:36.6767107Z 6 upgraded, 181 newly installed, 0 to remove and 19 not upgraded.
shell	Install test-only browser tooling	2026-10-04T15:31:36.6767940Z Need to get 125 MB of archives.
shell	Install test-only browser tooling	2026-10-04T15:31:36.6768716Z After this operation, 364 MB of additional disk space will be used.
shell	Install test-only browser tooling	2026-10-04T15:31:36.6769587Z Get:1 file:/etc/apt/apt-mirrors.txt Mirrorlist [144 B]
shell	Install test-only browser tooling	2026-10-04T15:31:36.7749500Z Get:2 http://azure.archive.ubuntu.com/ubuntu noble/universe amd64 fonts-ipafont-gothic all 00303-21ubuntu1 [3513 kB]
shell	Install test-only browser tooling	2026-10-04T15:31:37.5130038Z Get:3 http://azure.archive.ubuntu.com/ubuntu noble/main amd64 fonts-freefont-ttf all 20211204+svn4273-2 [5641 kB]
shell	Install test-only browser tooling	2026-10-04T15:31:37.7151633Z Get:4 http://azure.archive.ubuntu.com/ubuntu noble/universe amd64 fonts-tlwg-loma-otf all 1:0.7.3-1 [107 kB]
shell	Install test-only browser tooling	2026-10-04T15:31:37.7972257Z Get:5 http://azure.archive.ubuntu.com/ubuntu noble/universe amd64 fonts-unifont all 1:15.1.01-1build1 [2993 kB]
shell	Install test-only browser tooling	2026-10-04T15:31:37.9044093Z Get:6 http://azure.archive.ubuntu.com/ubuntu noble/universe amd64 fonts-wqy-zenhei all 0.9.45-8 [7472 kB]
shell	Install test-only browser tooling	2026-10-04T15:31:38.1574229Z Get:7 http://azure.archive.ubuntu.com/ubuntu noble/main amd64 libproxy1v5 amd64 0.5.4-4build1 [26.5 kB]
shell	Install test-only browser tooling	2026-10-04T15:31:38.2387688Z Get:8 http://azure.archive.ubuntu.com/ubuntu noble/main amd64 glib-networking-common all 2.80.0-1build1 [6702 B]
shell	Install test-only browser tooling	2026-10-04T15:31:38.3200479Z Get:9 http://azure.archive.ubuntu.com/ubuntu noble/main amd64 glib-networking-services amd64 2.80.0-1build1 [12.8 kB]
shell	Install test-only browser tooling	2026-10-04T15:31:38.4013312Z Get:10 http://azure.archive.ubuntu.com/ubuntu noble/main amd64 session-migration amd64 0.3.9build1 [9034 B]
shell	Install test-only browser tooling	2026-10-04T15:31:38.4826071Z Get:11 http://azure.archive.ubuntu.com/ubuntu noble-updates/main amd64 gsettings-desktop-schemas all 46.1-0ubuntu1 [35.6 kB]
shell	Install test-only browser tooling	2026-10-04T15:31:38.5592237Z Get:12 http://azure.archive.ubuntu.com/ubuntu noble/main amd64 glib-networking amd64 2.80.0-1build1 [64.1 kB]
shell	Install test-only browser tooling	2026-10-04T15:31:38.6370232Z Get:13 http://azure.archive.ubuntu.com/ubuntu noble-updates/universe amd64 libva2 amd64 2.20.0-2ubuntu0.2 [66.4 kB]
shell	Install test-only browser tooling	2026-10-04T15:31:38.7141984Z Get:14 http://azure.archive.ubuntu.com/ubuntu noble-updates/universe amd64 libva-drm2 amd64 2.20.0-2ubuntu0.2 [7124 B]
shell	Install test-only browser tooling	2026-10-04T15:31:38.7903330Z Get:15 http://azure.archive.ubuntu.com/ubuntu noble-updates/universe amd64 libva-x11-2 amd64 2.20.0-2ubuntu0.2 [12.0 kB]
shell	Install test-only browser tooling	2026-10-04T15:31:38.8667731Z Get:16 http://azure.archive.ubuntu.com/ubuntu noble/main amd64 libvdpau1 amd64 1.5-2build1 [27.8 kB]
shell	Install test-only browser tooling	2026-10-04T15:31:38.9433088Z Get:17 http://azure.archive.ubuntu.com/ubuntu noble/universe amd64 libvpl2 amd64 2023.3.0-1build1 [99.8 kB]
shell	Install test-only browser tooling	2026-10-04T15:31:39.0203607Z Get:18 http://azure.archive.ubuntu.com/ubuntu noble/universe amd64 ocl-icd-libopencl1 amd64 2.3.2-1build1 [38.5 kB]
shell	Install test-only browser tooling	2026-10-04T15:31:39.0972064Z Get:19 http://azure.archive.ubuntu.com/ubuntu noble/universe amd64 libavutil58 amd64 7:6.1.1-3ubuntu5 [401 kB]
shell	Install test-only browser tooling	2026-10-04T15:31:39.1789662Z Get:20 http://azure.archive.ubuntu.com/ubuntu noble/universe amd64 libcodec2-1.2 amd64 1.2.0-2build1 [8998 kB]
shell	Install test-only browser tooling	2026-10-04T15:31:39.4470648Z Get:21 http://azure.archive.ubuntu.com/ubuntu noble/universe amd64 libdav1d7 amd64 1.4.1-1build1 [604 kB]
shell	Install test-only browser tooling	2026-10-04T15:31:39.5276459Z Get:22 http://azure.archive.ubuntu.com/ubuntu noble/universe amd64 libgsm1 amd64 1.0.22-1build1 [27.8 kB]
shell	Install test-only browser tooling	2026-10-04T15:31:39.6043902Z Get:23 http://azure.archive.ubuntu.com/ubuntu noble/universe amd64 libhwy1t64 amd64 1.0.7-8.1build1 [584 kB]
shell	Install test-only browser tooling	2026-10-04T15:31:39.6853802Z Get:24 http://azure.archive.ubuntu.com/ubuntu noble-updates/universe amd64 libjxl0.7 amd64 0.7.0-10.2ubuntu6.1 [1001 kB]
shell	Install test-only browser tooling	2026-10-04T15:31:39.7696034Z Get:25 http://azure.archive.ubuntu.com/ubuntu noble/main amd64 libmp3lame0 amd64 3.100-6build1 [142 kB]
shell	Install test-only browser tooling	2026-10-04T15:31:39.8468841Z Get:26 http://azure.archive.ubuntu.com/ubuntu noble/main amd64 libopus0 amd64 1.4-1build1 [208 kB]
shell	Install test-only browser tooling	2026-10-04T15:31:39.9247293Z Get:27 http://azure.archive.ubuntu.com/ubuntu noble/universe amd64 librav1e0 amd64 0.7.1-2 [1022 kB]
shell	Install test-only browser tooling	2026-10-04T15:31:40.0086255Z Get:28 http://azure.archive.ubuntu.com/ubuntu noble/main amd64 librsvg2-2 amd64 2.58.0+dfsg-1build1 [2135 kB]
shell	Install test-only browser tooling	2026-10-04T15:31:40.1026507Z Get:29 http://azure.archive.ubuntu.com/ubuntu noble/universe amd64 libshine3 amd64 3.1.1-2build1 [23.2 kB]
shell	Install test-only browser tooling	2026-10-04T15:31:40.1802081Z Get:30 http://azure.archive.ubuntu.com/ubuntu noble-updates/main amd64 libspeex1 amd64 1.2.1-2ubuntu2.24.04.1 [59.6 kB]
shell	Install test-only browser tooling	2026-10-04T15:31:40.2572142Z Get:31 http://azure.archive.ubuntu.com/ubuntu noble/universe amd64 libsvtav1enc1d1 amd64 1.7.0+dfsg-2build1 [2425 kB]
shell	Install test-only browser tooling	2026-10-04T15:31:40.3528710Z Get:32 http://azure.archive.ubuntu.com/ubuntu noble/universe amd64 libsoxr0 amd64 0.1.3-4build3 [80.0 kB]
shell	Install test-only browser tooling	2026-10-04T15:31:40.4298791Z Get:33 http://azure.archive.ubuntu.com/ubuntu noble/universe amd64 libswresample4 amd64 7:6.1.1-3ubuntu5 [63.8 kB]
shell	Install test-only browser tooling	2026-10-04T15:31:40.5065999Z Get:34 http://azure.archive.ubuntu.com/ubuntu noble/main amd64 libtheora0 amd64 1.1.1+dfsg.1-16.1build3 [211 kB]
shell	Install test-only browser tooling	2026-10-04T15:31:40.5840340Z Get:35 http://azure.archive.ubuntu.com/ubuntu noble/main amd64 libtwolame0 amd64 0.4.0-2build3 [52.3 kB]
shell	Install test-only browser tooling	2026-10-04T15:31:40.6605705Z Get:36 http://azure.archive.ubuntu.com/ubuntu noble/main amd64 libvorbisenc2 amd64 1.3.7-1build3 [80.8 kB]
shell	Install test-only browser tooling	2026-10-04T15:31:40.7373559Z Get:37 http://azure.archive.ubuntu.com/ubuntu noble-updates/main amd64 libvpx9 amd64 1.14.0-1ubuntu2.3 [1143 kB]
shell	Install test-only browser tooling	2026-10-04T15:31:40.8228466Z Get:38 http://azure.archive.ubuntu.com/ubuntu noble/universe amd64 libx264-164 amd64 2:0.164.3108+git31e19f9-1 [604 kB]
shell	Install test-only browser tooling	2026-10-04T15:31:40.9039342Z Get:39 http://azure.archive.ubuntu.com/ubuntu noble/universe amd64 libx265-199 amd64 3.5-2build1 [1226 kB]
shell	Install test-only browser tooling	2026-10-04T15:31:40.9926399Z Get:40 http://azure.archive.ubuntu.com/ubuntu noble/universe amd64 libxvidcore4 amd64 2:1.3.7-1build1 [219 kB]
shell	Install test-only browser tooling	2026-10-04T15:31:41.0701494Z Get:41 http://azure.archive.ubuntu.com/ubuntu noble/universe amd64 libzvbi-common all 0.2.42-2 [42.4 kB]
shell	Install test-only browser tooling	2026-10-04T15:31:41.1468591Z Get:42 http://azure.archive.ubuntu.com/ubuntu noble/universe amd64 libzvbi0t64 amd64 0.2.42-2 [261 kB]
shell	Install test-only browser tooling	2026-10-04T15:31:41.2248129Z Get:43 http://azure.archive.ubuntu.com/ubuntu noble/universe amd64 libavcodec60 amd64 7:6.1.1-3ubuntu5 [5851 kB]
shell	Install test-only browser tooling	2026-10-04T15:31:41.4013076Z Get:44 http://azure.archive.ubuntu.com/ubuntu noble/universe amd64 libunibreak5 amd64 5.1-2build1 [25.0 kB]
shell	Install test-only browser tooling	2026-10-04T15:31:41.4780426Z Get:45 http://azure.archive.ubuntu.com/ubuntu noble/universe amd64 libass9 amd64 1:0.17.1-2build1 [104 kB]
shell	Install test-only browser tooling	2026-10-04T15:31:41.5552262Z Get:46 http://azure.archive.ubuntu.com/ubuntu noble/universe amd64 libudfread0 amd64 1.1.2-1build1 [19.0 kB]
shell	Install test-only browser tooling	2026-10-04T15:31:41.6317585Z Get:47 http://azure.archive.ubuntu.com/ubuntu noble/universe amd64 libbluray2 amd64 1:1.3.4-1build1 [159 kB]
shell	Install test-only browser tooling	2026-10-04T15:31:41.7089005Z Get:48 http://azure.archive.ubuntu.com/ubuntu noble/universe amd64 libchromaprint1 amd64 1.5.1-5 [30.5 kB]
shell	Install test-only browser tooling	2026-10-04T15:31:41.7902645Z Get:49 http://azure.archive.ubuntu.com/ubuntu noble/universe amd64 libgme0 amd64 0.6.3-7build1 [134 kB]
shell	Install test-only browser tooling	2026-10-04T15:31:41.8736349Z Get:50 http://azure.archive.ubuntu.com/ubuntu noble-updates/main amd64 libmpg123-0t64 amd64 1.32.5-1ubuntu1.1 [169 kB]
shell	Install test-only browser tooling	2026-10-04T15:31:41.9566111Z Get:51 http://azure.archive.ubuntu.com/ubuntu noble/universe amd64 libopenmpt0t64 amd64 0.7.3-1.1build3 [647 kB]
shell	Install test-only browser tooling	2026-10-04T15:31:42.0434742Z Get:52 http://azure.archive.ubuntu.com/ubuntu noble/universe amd64 libcjson1 amd64 1.7.17-1 [24.8 kB]
shell	Install test-only browser tooling	2026-10-04T15:31:42.1256011Z Get:53 http://azure.archive.ubuntu.com/ubuntu noble/universe amd64 libmbedcrypto7t64 amd64 2.28.8-1 [209 kB]
shell	Install test-only browser tooling	2026-10-04T15:31:42.2096163Z Get:54 http://azure.archive.ubuntu.com/ubuntu noble/universe amd64 librist4 amd64 0.2.10+dfsg-2 [74.9 kB]
shell	Install test-only browser tooling	2026-10-04T15:31:42.2934922Z Get:55 http://azure.archive.ubuntu.com/ubuntu noble/universe amd64 libsrt1.5-gnutls amd64 1.5.3-1build2 [316 kB]
shell	Install test-only browser tooling	2026-10-04T15:31:42.3775617Z Get:56 http://azure.archive.ubuntu.com/ubuntu noble-updates/main amd64 libssh-gcrypt-4 amd64 0.10.6-2ubuntu0.5 [226 kB]
shell	Install test-only browser tooling	2026-10-04T15:31:42.4612226Z Get:57 http://azure.archive.ubuntu.com/ubuntu noble/universe amd64 libavformat60 amd64 7:6.1.1-3ubuntu5 [1153 kB]
shell	Install test-only browser tooling	2026-10-04T15:31:42.5531293Z Get:58 http://azure.archive.ubuntu.com/ubuntu noble/universe amd64 libbs2b0 amd64 3.1.0+dfsg-7build1 [10.6 kB]
shell	Install test-only browser tooling	2026-10-04T15:31:42.6351823Z Get:59 http://azure.archive.ubuntu.com/ubuntu noble/universe amd64 libflite1 amd64 2.2-6build3 [13.6 MB]
shell	Install test-only browser tooling	2026-10-04T15:31:43.0679894Z Get:60 http://azure.archive.ubuntu.com/ubuntu noble/universe amd64 libserd-0-0 amd64 0.32.2-1 [43.6 kB]
shell	Install test-only browser tooling	2026-10-04T15:31:43.1502750Z Get:61 http://azure.archive.ubuntu.com/ubuntu noble/universe amd64 libzix-0-0 amd64 0.4.2-2build1 [23.6 kB]
shell	Install test-only browser tooling	2026-10-04T15:31:43.2352414Z Get:62 http://azure.archive.ubuntu.com/ubuntu noble/universe amd64 libsord-0-0 amd64 0.16.16-2build1 [15.8 kB]
shell	Install test-only browser tooling	2026-10-04T15:31:43.3175047Z Get:63 http://azure.archive.ubuntu.com/ubuntu noble/universe amd64 libsratom-0-0 amd64 0.6.16-1build1 [17.3 kB]
shell	Install test-only browser tooling	2026-10-04T15:31:43.3994616Z Get:64 http://azure.archive.ubuntu.com/ubuntu noble/universe amd64 liblilv-0-0 amd64 0.24.22-1build1 [41.0 kB]
shell	Install test-only browser tooling	2026-10-04T15:31:43.4819049Z Get:65 http://azure.archive.ubuntu.com/ubuntu noble/universe amd64 libmysofa1 amd64 1.3.2+dfsg-2ubuntu2 [1158 kB]
shell	Install test-only browser tooling	2026-10-04T15:31:43.5921536Z Get:66 http://azure.archive.ubuntu.com/ubuntu noble/universe amd64 libplacebo338 amd64 6.338.2-2build1 [2654 kB]
shell	Install test-only browser tooling	2026-10-04T15:31:43.7415501Z Get:67 http://azure.archive.ubuntu.com/ubuntu noble-updates/main amd64 libblas3 amd64 3.12.0-3build1.1 [238 kB]
shell	Install test-only browser tooling	2026-10-04T15:31:43.8284117Z Get:68 http://azure.archive.ubuntu.com/ubuntu noble-updates/main amd64 liblapack3 amd64 3.12.0-3build1.1 [2646 kB]
shell	Install test-only browser tooling	2026-10-04T15:31:43.9776124Z Get:69 http://azure.archive.ubuntu.com/ubuntu noble/main amd64 libasyncns0 amd64 0.8-6build4 [11.3 kB]
shell	Install test-only browser tooling	2026-10-04T15:31:44.0594831Z Get:70 http://azure.archive.ubuntu.com/ubuntu noble/main amd64 libflac12t64 amd64 1.4.3+ds-2.1ubuntu2 [197 kB]
shell	Install test-only browser tooling	2026-10-04T15:31:44.1454747Z Get:71 http://azure.archive.ubuntu.com/ubuntu noble-updates/main amd64 libsndfile1 amd64 1.2.2-1ubuntu5.24.04.1 [209 kB]
shell	Install test-only browser tooling	2026-10-04T15:31:44.2313886Z Get:72 http://azure.archive.ubuntu.com/ubuntu noble-updates/main amd64 libpulse0 amd64 1:16.1+dfsg1-2ubuntu10.1 [292 kB]
shell	Install test-only browser tooling	2026-10-04T15:31:44.3198543Z Get:73 http://azure.archive.ubuntu.com/ubuntu noble/universe amd64 libsphinxbase3t64 amd64 0.8+5prealpha+1-17build2 [126 kB]
shell	Install test-only browser tooling	2026-10-04T15:31:44.4038360Z Get:74 http://azure.archive.ubuntu.com/ubuntu noble/universe amd64 libpocketsphinx3 amd64 0.8.0+real5prealpha+1-15ubuntu5 [133 kB]
shell	Install test-only browser tooling	2026-10-04T15:31:44.4879660Z Get:75 http://azure.archive.ubuntu.com/ubuntu noble/universe amd64 libpostproc57 amd64 7:6.1.1-3ubuntu5 [49.9 kB]
shell	Install test-only browser tooling	2026-10-04T15:31:44.5709178Z Get:76 http://azure.archive.ubuntu.com/ubuntu noble/main amd64 libsamplerate0 amd64 0.2.2-4build1 [1344 kB]
shell	Install test-only browser tooling	2026-10-04T15:31:44.6810184Z Get:77 http://azure.archive.ubuntu.com/ubuntu noble/universe amd64 librubberband2 amd64 3.3.0+dfsg-2build1 [130 kB]
shell	Install test-only browser tooling	2026-10-04T15:31:44.7597709Z Get:78 http://azure.archive.ubuntu.com/ubuntu noble/universe amd64 libswscale7 amd64 7:6.1.1-3ubuntu5 [193 kB]
shell	Install test-only browser tooling	2026-10-04T15:31:44.8409824Z Get:79 http://azure.archive.ubuntu.com/ubuntu noble/universe amd64 libvidstab1.1 amd64 1.1.0-2build1 [38.5 kB]
shell	Install test-only browser tooling	2026-10-04T15:31:44.9177921Z Get:80 http://azure.archive.ubuntu.com/ubuntu noble/universe amd64 libzimg2 amd64 3.0.5+ds1-1build1 [254 kB]
shell	Install test-only browser tooling	2026-10-04T15:31:44.9991251Z Get:81 http://azure.archive.ubuntu.com/ubuntu noble/universe amd64 libavfilter9 amd64 7:6.1.1-3ubuntu5 [4235 kB]
shell	Install test-only browser tooling	2026-10-04T15:31:45.1773343Z Get:82 http://azure.archive.ubuntu.com/ubuntu noble-updates/main amd64 liborc-0.4-0t64 amd64 1:0.4.38-1ubuntu0.1 [207 kB]
shell	Install test-only browser tooling	2026-10-04T15:31:45.2576577Z Get:83 http://azure.archive.ubuntu.com/ubuntu noble-updates/main amd64 libgstreamer-plugins-base1.0-0 amd64 1.24.2-1ubuntu0.5 [862 kB]
shell	Install test-only browser tooling	2026-10-04T15:31:45.3535902Z Get:84 http://azure.archive.ubuntu.com/ubuntu noble/universe amd64 gstreamer1.0-libav amd64 1.24.1-1build1 [103 kB]
shell	Install test-only browser tooling	2026-10-04T15:31:45.4315802Z Get:85 http://azure.archive.ubuntu.com/ubuntu noble/main amd64 libcdparanoia0 amd64 3.10.2+debian-14build3 [48.5 kB]
shell	Install test-only browser tooling	2026-10-04T15:31:45.5088015Z Get:86 http://azure.archive.ubuntu.com/ubuntu noble/main amd64 libvisual-0.4-0 amd64 0.4.2-2build1 [115 kB]
shell	Install test-only browser tooling	2026-10-04T15:31:45.5870567Z Get:87 http://azure.archive.ubuntu.com/ubuntu noble-updates/main amd64 gstreamer1.0-plugins-base amd64 1.24.2-1ubuntu0.5 [721 kB]
shell	Install test-only browser tooling	2026-10-04T15:31:45.6793990Z Get:88 http://azure.archive.ubuntu.com/ubuntu noble/main amd64 libaa1 amd64 1.4p5-51.1 [49.9 kB]
shell	Install test-only browser tooling	2026-10-04T15:31:45.7562640Z Get:89 http://azure.archive.ubuntu.com/ubuntu noble/main amd64 libraw1394-11 amd64 2.1.2-2build3 [26.2 kB]
shell	Install test-only browser tooling	2026-10-04T15:31:45.8330711Z Get:90 http://azure.archive.ubuntu.com/ubuntu noble/main amd64 libavc1394-0 amd64 0.5.4-5build3 [15.4 kB]
shell	Install test-only browser tooling	2026-10-04T15:31:45.9097337Z Get:91 http://azure.archive.ubuntu.com/ubuntu noble-updates/main amd64 libcaca0 amd64 0.99.beta20-4ubuntu0.2 [209 kB]
shell	Install test-only browser tooling	2026-10-04T15:31:45.9899497Z Get:92 http://azure.archive.ubuntu.com/ubuntu noble/main amd64 libdv4t64 amd64 1.0.0-17.1build1 [63.2 kB]
shell	Install test-only browser tooling	2026-10-04T15:31:46.0668410Z Get:93 http://azure.archive.ubuntu.com/ubuntu noble-updates/main amd64 libgstreamer-plugins-good1.0-0 amd64 1.24.2-1ubuntu1.8 [34.3 kB]
shell	Install test-only browser tooling	2026-10-04T15:31:46.1435572Z Get:94 http://azure.archive.ubuntu.com/ubuntu noble/main amd64 libiec61883-0 amd64 1.2.0-6build1 [24.5 kB]
shell	Install test-only browser tooling	2026-10-04T15:31:46.2209596Z Get:95 http://azure.archive.ubuntu.com/ubuntu noble/main amd64 libshout3 amd64 2.4.6-1build2 [50.3 kB]
shell	Install test-only browser tooling	2026-10-04T15:31:46.2993625Z Get:96 http://azure.archive.ubuntu.com/ubuntu noble/main amd64 libtag1v5-vanilla amd64 1.13.1-1build1 [326 kB]
shell	Install test-only browser tooling	2026-10-04T15:31:46.3822101Z Get:97 http://azure.archive.ubuntu.com/ubuntu noble/main amd64 libtag1v5 amd64 1.13.1-1build1 [11.7 kB]
shell	Install test-only browser tooling	2026-10-04T15:31:46.4589956Z Get:98 http://azure.archive.ubuntu.com/ubuntu noble/main amd64 libv4lconvert0t64 amd64 1.26.1-4build3 [87.6 kB]
shell	Install test-only browser tooling	2026-10-04T15:31:46.5415590Z Get:99 http://azure.archive.ubuntu.com/ubuntu noble/main amd64 libv4l-0t64 amd64 1.26.1-4build3 [46.9 kB]
shell	Install test-only browser tooling	2026-10-04T15:31:46.6184628Z Get:100 http://azure.archive.ubuntu.com/ubuntu noble/main amd64 libwavpack1 amd64 5.6.0-1build1 [84.6 kB]
shell	Install test-only browser tooling	2026-10-04T15:31:46.6953714Z Get:101 http://azure.archive.ubuntu.com/ubuntu noble-updates/main amd64 libsoup-3.0-common all 3.4.4-5ubuntu0.8 [11.7 kB]
shell	Install test-only browser tooling	2026-10-04T15:31:46.7718106Z Get:102 http://azure.archive.ubuntu.com/ubuntu noble-updates/main amd64 libsoup-3.0-0 amd64 3.4.4-5ubuntu0.8 [290 kB]
shell	Install test-only browser tooling	2026-10-04T15:31:46.7930498Z Get:103 http://azure.archive.ubuntu.com/ubuntu noble-updates/main amd64 gstreamer1.0-plugins-good amd64 1.24.2-1ubuntu1.8 [2236 kB]
shell	Install test-only browser tooling	2026-10-04T15:31:46.8235436Z Get:104 http://azure.archive.ubuntu.com/ubuntu noble-updates/main amd64 libabsl20220623t64 amd64 20220623.1-3.1ubuntu3.2 [423 kB]
shell	Install test-only browser tooling	2026-10-04T15:31:46.8409105Z Get:105 http://azure.archive.ubuntu.com/ubuntu noble/universe amd64 libgav1-1 amd64 0.18.0-1build3 [357 kB]
shell	Install test-only browser tooling	2026-10-04T15:31:46.8578168Z Get:106 http://azure.archive.ubuntu.com/ubuntu noble/universe amd64 libyuv0 amd64 0.0~git202401110.af6ac82-1 [178 kB]
shell	Install test-only browser tooling	2026-10-04T15:31:46.8733167Z Get:107 http://azure.archive.ubuntu.com/ubuntu noble/universe amd64 libavif16 amd64 1.0.4-1ubuntu3 [91.2 kB]
shell	Install test-only browser tooling	2026-10-04T15:31:46.8950971Z Get:108 http://azure.archive.ubuntu.com/ubuntu noble/universe amd64 libavtp0 amd64 0.2.0-1build1 [6414 B]
shell	Install test-only browser tooling	2026-10-04T15:31:46.9096556Z Get:109 http://azure.archive.ubuntu.com/ubuntu noble/main amd64 libcairo-script-interpreter2 amd64 1.18.0-3build1 [60.3 kB]
shell	Install test-only browser tooling	2026-10-04T15:31:46.9244633Z Get:110 http://azure.archive.ubuntu.com/ubuntu noble/universe amd64 libdc1394-25 amd64 2.2.6-4build1 [90.1 kB]
shell	Install test-only browser tooling	2026-10-04T15:31:46.9392476Z Get:111 http://azure.archive.ubuntu.com/ubuntu noble-updates/main amd64 libde265-0 amd64 1.0.15-1ubuntu0.1 [167 kB]
shell	Install test-only browser tooling	2026-10-04T15:31:46.9545874Z Get:112 http://azure.archive.ubuntu.com/ubuntu noble/main amd64 libdecor-0-0 amd64 0.2.2-1build2 [16.5 kB]
shell	Install test-only browser tooling	2026-10-04T15:31:46.9689840Z Get:113 http://azure.archive.ubuntu.com/ubuntu noble/main amd64 libgles2 amd64 1.7.0-1build1 [17.1 kB]
shell	Install test-only browser tooling	2026-10-04T15:31:46.9834985Z Get:114 http://azure.archive.ubuntu.com/ubuntu noble/universe amd64 libdirectfb-1.7-7t64 amd64 1.7.7-11.1ubuntu2 [1035 kB]
shell	Install test-only browser tooling	2026-10-04T15:31:47.0045699Z Get:115 http://azure.archive.ubuntu.com/ubuntu noble/universe amd64 libdvdread8t64 amd64 6.1.3-1.1build1 [54.7 kB]
shell	Install test-only browser tooling	2026-10-04T15:31:47.0192543Z Get:116 http://azure.archive.ubuntu.com/ubuntu noble/universe amd64 libdvdnav4 amd64 6.1.1-3build1 [39.5 kB]
shell	Install test-only browser tooling	2026-10-04T15:31:47.0339502Z Get:117 http://azure.archive.ubuntu.com/ubuntu noble-updates/main amd64 libgl1-mesa-dri amd64 25.2.8-0ubuntu0.24.04.4 [38.0 kB]
shell	Install test-only browser tooling	2026-10-04T15:31:47.0485889Z Get:118 http://azure.archive.ubuntu.com/ubuntu noble-updates/main amd64 libglx-mesa0 amd64 25.2.8-0ubuntu0.24.04.4 [110 kB]
shell	Install test-only browser tooling	2026-10-04T15:31:47.0637696Z Get:119 http://azure.archive.ubuntu.com/ubuntu noble-updates/main amd64 libgbm1 amd64 25.2.8-0ubuntu0.24.04.4 [34.2 kB]
shell	Install test-only browser tooling	2026-10-04T15:31:47.0791173Z Get:120 http://azure.archive.ubuntu.com/ubuntu noble-updates/main amd64 mesa-libgallium amd64 25.2.8-0ubuntu0.24.04.4 [10.8 MB]
shell	Install test-only browser tooling	2026-10-04T15:31:47.1984753Z Get:121 http://azure.archive.ubuntu.com/ubuntu noble-updates/main amd64 libegl-mesa0 amd64 25.2.8-0ubuntu0.24.04.4 [117 kB]
shell	Install test-only browser tooling	2026-10-04T15:31:47.2136594Z Get:122 http://azure.archive.ubuntu.com/ubuntu noble-updates/main amd64 libevent-2.1-7t64 amd64 2.1.12-stable-9ubuntu2.2 [146 kB]
shell	Install test-only browser tooling	2026-10-04T15:31:47.2291130Z Get:123 http://azure.archive.ubuntu.com/ubuntu noble-updates/main amd64 libevent-pthreads-2.1-7t64 amd64 2.1.12-stable-9ubuntu2.2 [7988 B]
shell	Install test-only browser tooling	2026-10-04T15:31:47.2434121Z Get:124 http://azure.archive.ubuntu.com/ubuntu noble-updates/main amd64 libevent-core-2.1-7t64 amd64 2.1.12-stable-9ubuntu2.2 [91.9 kB]
shell	Install test-only browser tooling	2026-10-04T15:31:47.2586594Z Get:125 http://azure.archive.ubuntu.com/ubuntu noble/universe amd64 libfaad2 amd64 2.11.1-1build1 [207 kB]
shell	Install test-only browser tooling	2026-10-04T15:31:47.2743030Z Get:126 http://azure.archive.ubuntu.com/ubuntu noble/universe amd64 libinstpatch-1.0-2 amd64 1.1.6-1build2 [251 kB]
shell	Install test-only browser tooling	2026-10-04T15:31:47.2906275Z Get:127 http://azure.archive.ubuntu.com/ubuntu noble/main amd64 libjack-jackd2-0 amd64 1.9.21~dfsg-3ubuntu3 [289 kB]
shell	Install test-only browser tooling	2026-10-04T15:31:47.3066194Z Get:128 http://azure.archive.ubuntu.com/ubuntu noble/main amd64 libwebrtc-audio-processing1 amd64 0.3.1-0ubuntu6 [290 kB]
shell	Install test-only browser tooling	2026-10-04T15:31:47.3225605Z Get:129 http://azure.archive.ubuntu.com/ubuntu noble-updates/main amd64 libspa-0.2-modules amd64 1.0.5-1ubuntu3.3 [628 kB]
shell	Install test-only browser tooling	2026-10-04T15:31:47.3402560Z Get:130 http://azure.archive.ubuntu.com/ubuntu noble-updates/main amd64 libpipewire-0.3-0t64 amd64 1.0.5-1ubuntu3.3 [252 kB]
shell	Install test-only browser tooling	2026-10-04T15:31:47.3560577Z Get:131 http://azure.archive.ubuntu.com/ubuntu noble-updates/main amd64 libsdl2-2.0-0 amd64 2.30.0+dfsg-1ubuntu3.1 [686 kB]
shell	Install test-only browser tooling	2026-10-04T15:31:47.3741018Z Get:132 http://azure.archive.ubuntu.com/ubuntu noble/universe amd64 timgm6mb-soundfont all 1.3-5 [5427 kB]
shell	Install test-only browser tooling	2026-10-04T15:31:47.4174602Z Get:133 http://azure.archive.ubuntu.com/ubuntu noble/universe amd64 libfluidsynth3 amd64 2.3.4-1build3 [249 kB]
shell	Install test-only browser tooling	2026-10-04T15:31:47.4331584Z Get:134 http://azure.archive.ubuntu.com/ubuntu noble/main amd64 libfreeaptx0 amd64 0.1.1-2build1 [13.5 kB]
shell	Install test-only browser tooling	2026-10-04T15:31:47.4476285Z Get:135 http://azure.archive.ubuntu.com/ubuntu noble/main amd64 libgraphene-1.0-0 amd64 1.10.8-3build2 [46.2 kB]
shell	Install test-only browser tooling	2026-10-04T15:31:47.4623954Z Get:136 http://azure.archive.ubuntu.com/ubuntu noble/main amd64 libgssdp-1.6-0 amd64 1.6.3-1build3 [40.4 kB]
shell	Install test-only browser tooling	2026-10-04T15:31:47.4771035Z Get:137 http://azure.archive.ubuntu.com/ubuntu noble/main amd64 libegl1 amd64 1.7.0-1build1 [28.7 kB]
shell	Install test-only browser tooling	2026-10-04T15:31:47.4929182Z Get:138 http://azure.archive.ubuntu.com/ubuntu noble-updates/main amd64 libgstreamer-gl1.0-0 amd64 1.24.2-1ubuntu0.5 [214 kB]
shell	Install test-only browser tooling	2026-10-04T15:31:47.5506176Z Get:139 http://azure.archive.ubuntu.com/ubuntu noble-updates/main amd64 libgtk-4-common all 4.14.5+ds-0ubuntu0.10 [1497 kB]
shell	Install test-only browser tooling	2026-10-04T15:31:47.5739910Z Get:140 http://azure.archive.ubuntu.com/ubuntu noble-updates/main amd64 libgtk-4-1 amd64 4.14.5+ds-0ubuntu0.10 [3295 kB]
shell	Install test-only browser tooling	2026-10-04T15:31:47.6059856Z Get:141 http://azure.archive.ubuntu.com/ubuntu noble/main amd64 libgupnp-1.6-0 amd64 1.6.6-1build3 [92.7 kB]
shell	Install test-only browser tooling	2026-10-04T15:31:47.6211971Z Get:142 http://azure.archive.ubuntu.com/ubuntu noble/universe amd64 libgupnp-igd-1.6-0 amd64 1.6.0-3build3 [16.5 kB]
shell	Install test-only browser tooling	2026-10-04T15:31:47.6492365Z Get:143 http://azure.archive.ubuntu.com/ubuntu noble/main amd64 libharfbuzz-icu0 amd64 8.3.0-2build2 [13.3 kB]
shell	Install test-only browser tooling	2026-10-04T15:31:47.6640048Z Get:144 http://azure.archive.ubuntu.com/ubuntu noble/main amd64 libhyphen0 amd64 2.8.8-7build3 [26.5 kB]
shell	Install test-only browser tooling	2026-10-04T15:31:47.6857168Z Get:145 http://azure.archive.ubuntu.com/ubuntu noble/universe amd64 libimath-3-1-29t64 amd64 3.1.9-3.1ubuntu2 [72.2 kB]
shell	Install test-only browser tooling	2026-10-04T15:31:47.7184870Z Get:146 http://azure.archive.ubuntu.com/ubuntu noble/main amd64 liblc3-1 amd64 1.0.4-3build1 [69.7 kB]
shell	Install test-only browser tooling	2026-10-04T15:31:47.7386118Z Get:147 http://azure.archive.ubuntu.com/ubuntu noble/main amd64 libldacbt-enc2 amd64 2.0.2.3+git20200429+ed310a0-4ubuntu2 [27.1 kB]
shell	Install test-only browser tooling	2026-10-04T15:31:47.7549618Z Get:148 http://azure.archive.ubuntu.com/ubuntu noble-updates/main amd64 libraptor2-0 amd64 2.0.16-3ubuntu0.1 [165 kB]
shell	Install test-only browser tooling	2026-10-04T15:31:47.7837111Z Get:149 http://azure.archive.ubuntu.com/ubuntu noble/universe amd64 liblrdf0 amd64 0.6.1-4build1 [18.5 kB]
shell	Install test-only browser tooling	2026-10-04T15:31:47.7989581Z Get:150 http://azure.archive.ubuntu.com/ubuntu noble/universe amd64 libltc11 amd64 1.3.2-1build1 [13.0 kB]
shell	Install test-only browser tooling	2026-10-04T15:31:47.8138438Z Get:151 http://azure.archive.ubuntu.com/ubuntu noble/main amd64 libmanette-0.2-0 amd64 0.2.7-1build2 [30.6 kB]
shell	Install test-only browser tooling	2026-10-04T15:31:47.8291970Z Get:152 http://azure.archive.ubuntu.com/ubuntu noble/universe amd64 libmfx1 amd64 22.5.4-1 [3124 kB]
shell	Install test-only browser tooling	2026-10-04T15:31:47.9087091Z Get:153 http://azure.archive.ubuntu.com/ubuntu noble/universe amd64 libmjpegutils-2.1-0t64 amd64 1:2.1.0+debian-8.1build1 [25.5 kB]
shell	Install test-only browser tooling	2026-10-04T15:31:47.9236029Z Get:154 http://azure.archive.ubuntu.com/ubuntu noble/universe amd64 libmodplug1 amd64 1:0.8.9.0-3build1 [166 kB]
shell	Install test-only browser tooling	2026-10-04T15:31:47.9394249Z Get:155 http://azure.archive.ubuntu.com/ubuntu noble/universe amd64 libmpcdec6 amd64 2:0.1~r495-2build1 [32.7 kB]
shell	Install test-only browser tooling	2026-10-04T15:31:47.9545965Z Get:156 http://azure.archive.ubuntu.com/ubuntu noble/universe amd64 libmpeg2encpp-2.1-0t64 amd64 1:2.1.0+debian-8.1build1 [75.6 kB]
shell	Install test-only browser tooling	2026-10-04T15:31:48.0120033Z Get:157 http://azure.archive.ubuntu.com/ubuntu noble/universe amd64 libmplex2-2.1-0t64 amd64 1:2.1.0+debian-8.1build1 [46.1 kB]
shell	Install test-only browser tooling	2026-10-04T15:31:48.0271321Z Get:158 http://azure.archive.ubuntu.com/ubuntu noble/universe amd64 libneon27t64 amd64 0.33.0-1.1build3 [102 kB]
shell	Install test-only browser tooling	2026-10-04T15:31:48.0425835Z Get:159 http://azure.archive.ubuntu.com/ubuntu noble/universe amd64 libnice10 amd64 0.1.21-2build3 [157 kB]
shell	Install test-only browser tooling	2026-10-04T15:31:48.0582101Z Get:160 http://azure.archive.ubuntu.com/ubuntu noble/universe amd64 libopenal-data all 1:1.23.1-4build1 [161 kB]
shell	Install test-only browser tooling	2026-10-04T15:31:48.0739986Z Get:161 http://azure.archive.ubuntu.com/ubuntu noble/universe amd64 libopenexr-3-1-30 amd64 3.1.5-5.1build3 [1004 kB]
shell	Install test-only browser tooling	2026-10-04T15:31:48.0941489Z Get:162 http://azure.archive.ubuntu.com/ubuntu noble/universe amd64 libopenh264-7 amd64 2.4.1+dfsg-1 [409 kB]
shell	Install test-only browser tooling	2026-10-04T15:31:48.1113908Z Get:163 http://azure.archive.ubuntu.com/ubuntu noble/universe amd64 libopenni2-0 amd64 2.2.0.33+dfsg-18 [370 kB]
shell	Install test-only browser tooling	2026-10-04T15:31:48.1284042Z Get:164 http://azure.archive.ubuntu.com/ubuntu noble/universe amd64 libqrencode4 amd64 4.1.1-1build2 [25.0 kB]
shell	Install test-only browser tooling	2026-10-04T15:31:48.1435500Z Get:165 http://azure.archive.ubuntu.com/ubuntu noble/main amd64 libsecret-common all 0.21.4-1build3 [4962 B]
shell	Install test-only browser tooling	2026-10-04T15:31:48.1586184Z Get:166 http://azure.archive.ubuntu.com/ubuntu noble/main amd64 libsecret-1-0 amd64 0.21.4-1build3 [116 kB]
shell	Install test-only browser tooling	2026-10-04T15:31:48.1740063Z Get:167 http://azure.archive.ubuntu.com/ubuntu noble/universe amd64 libsndio7.0 amd64 1.9.0-0.3build3 [29.6 kB]
shell	Install test-only browser tooling	2026-10-04T15:31:48.1890525Z Get:168 http://azure.archive.ubuntu.com/ubuntu noble/universe amd64 libsoundtouch1 amd64 2.3.2+ds1-1build1 [60.5 kB]
shell	Install test-only browser tooling	2026-10-04T15:31:48.2043527Z Get:169 http://azure.archive.ubuntu.com/ubuntu noble/universe amd64 libspandsp2t64 amd64 0.0.6+dfsg-2.1build1 [311 kB]
shell	Install test-only browser tooling	2026-10-04T15:31:48.2209808Z Get:170 http://azure.archive.ubuntu.com/ubuntu noble/universe amd64 libsrtp2-1 amd64 2.5.0-3build1 [41.9 kB]
shell	Install test-only browser tooling	2026-10-04T15:31:48.2361139Z Get:171 http://azure.archive.ubuntu.com/ubuntu noble/main amd64 libwayland-server0 amd64 1.22.0-2.1build1 [33.9 kB]
shell	Install test-only browser tooling	2026-10-04T15:31:48.2512292Z Get:172 http://azure.archive.ubuntu.com/ubuntu noble/universe amd64 libwildmidi2 amd64 0.4.3-1build3 [68.5 kB]
shell	Install test-only browser tooling	2026-10-04T15:31:48.2663639Z Get:173 http://azure.archive.ubuntu.com/ubuntu noble/main amd64 libwoff1 amd64 1.0.2-2build1 [45.3 kB]
shell	Install test-only browser tooling	2026-10-04T15:31:48.2823853Z Get:174 http://azure.archive.ubuntu.com/ubuntu noble/main amd64 libxcb-xkb1 amd64 1.15-1ubuntu2 [32.3 kB]
shell	Install test-only browser tooling	2026-10-04T15:31:48.2975370Z Get:175 http://azure.archive.ubuntu.com/ubuntu noble/main amd64 libxkbcommon-x11-0 amd64 1.6.0-1build1 [14.5 kB]
shell	Install test-only browser tooling	2026-10-04T15:31:48.3549712Z Get:176 http://azure.archive.ubuntu.com/ubuntu noble/universe amd64 libzbar0t64 amd64 0.23.93-4build3 [123 kB]
shell	Install test-only browser tooling	2026-10-04T15:31:48.3707234Z Get:177 http://azure.archive.ubuntu.com/ubuntu noble/universe amd64 libzxing3 amd64 2.2.1-3 [583 kB]
shell	Install test-only browser tooling	2026-10-04T15:31:48.3893894Z Get:178 http://azure.archive.ubuntu.com/ubuntu noble/main amd64 xfonts-encodings all 1:1.0.5-0ubuntu2 [578 kB]
shell	Install test-only browser tooling	2026-10-04T15:31:48.4075970Z Get:179 http://azure.archive.ubuntu.com/ubuntu noble/main amd64 xfonts-utils amd64 1:7.7+6build3 [94.4 kB]
shell	Install test-only browser tooling	2026-10-04T15:31:48.4229347Z Get:180 http://azure.archive.ubuntu.com/ubuntu noble/universe amd64 xfonts-cyrillic all 1:1.0.5+nmu1 [384 kB]
shell	Install test-only browser tooling	2026-10-04T15:31:48.4462614Z Get:181 http://azure.archive.ubuntu.com/ubuntu noble/main amd64 xfonts-scalable all 1:1.0.3-1.3 [304 kB]
shell	Install test-only browser tooling	2026-10-04T15:31:48.4627155Z Get:182 http://azure.archive.ubuntu.com/ubuntu noble/universe amd64 libgstreamer-plugins-bad1.0-0 amd64 1.24.2-1ubuntu4 [797 kB]
shell	Install test-only browser tooling	2026-10-04T15:31:48.4820426Z Get:183 http://azure.archive.ubuntu.com/ubuntu noble/universe amd64 libdca0 amd64 0.0.7-2build1 [93.8 kB]
shell	Install test-only browser tooling	2026-10-04T15:31:48.4975002Z Get:184 http://azure.archive.ubuntu.com/ubuntu noble/universe amd64 libopenal1 amd64 1:1.23.1-4build1 [540 kB]
shell	Install test-only browser tooling	2026-10-04T15:31:48.5156215Z Get:185 http://azure.archive.ubuntu.com/ubuntu noble/main amd64 libsbc1 amd64 2.0-1build1 [33.9 kB]
shell	Install test-only browser tooling	2026-10-04T15:31:48.5306217Z Get:186 http://azure.archive.ubuntu.com/ubuntu noble/universe amd64 libvo-aacenc0 amd64 0.1.3-2build1 [67.8 kB]
shell	Install test-only browser tooling	2026-10-04T15:31:48.5459878Z Get:187 http://azure.archive.ubuntu.com/ubuntu noble/universe amd64 libvo-amrwbenc0 amd64 0.1.3-2build1 [76.7 kB]
shell	Install test-only browser tooling	2026-10-04T15:31:48.5623085Z Get:188 http://azure.archive.ubuntu.com/ubuntu noble/universe amd64 gstreamer1.0-plugins-bad amd64 1.24.2-1ubuntu4 [3081 kB]
shell	Install test-only browser tooling	2026-10-04T15:31:49.0035143Z Fetched 125 MB in 12s (10.5 MB/s)
shell	Install test-only browser tooling	2026-10-04T15:31:49.0302784Z Selecting previously unselected package fonts-ipafont-gothic.
shell	Install test-only browser tooling	2026-10-04T15:31:49.0613988Z (Reading database ... 
shell	Install test-only browser tooling	2026-10-04T15:31:49.0614912Z (Reading database ... 5%
shell	Install test-only browser tooling	2026-10-04T15:31:49.0615494Z (Reading database ... 10%
shell	Install test-only browser tooling	2026-10-04T15:31:49.0616010Z (Reading database ... 15%
shell	Install test-only browser tooling	2026-10-04T15:31:49.0616368Z (Reading database ... 20%
shell	Install test-only browser tooling	2026-10-04T15:31:49.0616857Z (Reading database ... 25%
shell	Install test-only browser tooling	2026-10-04T15:31:49.0617314Z (Reading database ... 30%
shell	Install test-only browser tooling	2026-10-04T15:31:49.0617978Z (Reading database ... 35%
shell	Install test-only browser tooling	2026-10-04T15:31:49.0618321Z (Reading database ... 40%
shell	Install test-only browser tooling	2026-10-04T15:31:49.0618660Z (Reading database ... 45%
shell	Install test-only browser tooling	2026-10-04T15:31:49.0619001Z (Reading database ... 50%
shell	Install test-only browser tooling	2026-10-04T15:31:49.0675215Z (Reading database ... 55%
shell	Install test-only browser tooling	2026-10-04T15:31:49.1736582Z (Reading database ... 60%
shell	Install test-only browser tooling	2026-10-04T15:31:49.3206271Z (Reading database ... 65%
shell	Install test-only browser tooling	2026-10-04T15:31:49.5251434Z (Reading database ... 70%
shell	Install test-only browser tooling	2026-10-04T15:31:49.7250038Z (Reading database ... 75%
shell	Install test-only browser tooling	2026-10-04T15:31:49.8663212Z (Reading database ... 80%
shell	Install test-only browser tooling	2026-10-04T15:31:50.0715819Z (Reading database ... 85%
shell	Install test-only browser tooling	2026-10-04T15:31:50.2301450Z (Reading database ... 90%
shell	Install test-only browser tooling	2026-10-04T15:31:50.3935481Z (Reading database ... 95%
shell	Install test-only browser tooling	2026-10-04T15:31:50.3936256Z (Reading database ... 100%
shell	Install test-only browser tooling	2026-10-04T15:31:50.3937033Z (Reading database ... 202296 files and directories currently installed.)
shell	Install test-only browser tooling	2026-10-04T15:31:50.3978259Z Preparing to unpack .../000-fonts-ipafont-gothic_00303-21ubuntu1_all.deb ...
shell	Install test-only browser tooling	2026-10-04T15:31:50.4069937Z Unpacking fonts-ipafont-gothic (00303-21ubuntu1) ...
shell	Install test-only browser tooling	2026-10-04T15:31:50.6298517Z Selecting previously unselected package fonts-freefont-ttf.
shell	Install test-only browser tooling	2026-10-04T15:31:50.6424615Z Preparing to unpack .../001-fonts-freefont-ttf_20211204+svn4273-2_all.deb ...
shell	Install test-only browser tooling	2026-10-04T15:31:50.6431363Z Unpacking fonts-freefont-ttf (20211204+svn4273-2) ...
shell	Install test-only browser tooling	2026-10-04T15:31:50.7206410Z Selecting previously unselected package fonts-tlwg-loma-otf.
shell	Install test-only browser tooling	2026-10-04T15:31:50.7334133Z Preparing to unpack .../002-fonts-tlwg-loma-otf_1%3a0.7.3-1_all.deb ...
shell	Install test-only browser tooling	2026-10-04T15:31:50.7340477Z Unpacking fonts-tlwg-loma-otf (1:0.7.3-1) ...
shell	Install test-only browser tooling	2026-10-04T15:31:50.7545195Z Selecting previously unselected package fonts-unifont.
shell	Install test-only browser tooling	2026-10-04T15:31:50.7676257Z Preparing to unpack .../003-fonts-unifont_1%3a15.1.01-1build1_all.deb ...
shell	Install test-only browser tooling	2026-10-04T15:31:50.7683167Z Unpacking fonts-unifont (1:15.1.01-1build1) ...
shell	Install test-only browser tooling	2026-10-04T15:31:50.8734679Z Selecting previously unselected package fonts-wqy-zenhei.
shell	Install test-only browser tooling	2026-10-04T15:31:50.8862707Z Preparing to unpack .../004-fonts-wqy-zenhei_0.9.45-8_all.deb ...
shell	Install test-only browser tooling	2026-10-04T15:31:50.8964824Z Unpacking fonts-wqy-zenhei (0.9.45-8) ...
shell	Install test-only browser tooling	2026-10-04T15:31:51.3671870Z Selecting previously unselected package libproxy1v5:amd64.
shell	Install test-only browser tooling	2026-10-04T15:31:51.3796244Z Preparing to unpack .../005-libproxy1v5_0.5.4-4build1_amd64.deb ...
shell	Install test-only browser tooling	2026-10-04T15:31:51.3843906Z Unpacking libproxy1v5:amd64 (0.5.4-4build1) ...
shell	Install test-only browser tooling	2026-10-04T15:31:51.4051505Z Selecting previously unselected package glib-networking-common.
shell	Install test-only browser tooling	2026-10-04T15:31:51.4177209Z Preparing to unpack .../006-glib-networking-common_2.80.0-1build1_all.deb ...
shell	Install test-only browser tooling	2026-10-04T15:31:51.4184771Z Unpacking glib-networking-common (2.80.0-1build1) ...
shell	Install test-only browser tooling	2026-10-04T15:31:51.4363000Z Selecting previously unselected package glib-networking-services.
shell	Install test-only browser tooling	2026-10-04T15:31:51.4488818Z Preparing to unpack .../007-glib-networking-services_2.80.0-1build1_amd64.deb ...
shell	Install test-only browser tooling	2026-10-04T15:31:51.4495070Z Unpacking glib-networking-services (2.80.0-1build1) ...
shell	Install test-only browser tooling	2026-10-04T15:31:51.4689936Z Selecting previously unselected package session-migration.
shell	Install test-only browser tooling	2026-10-04T15:31:51.4815144Z Preparing to unpack .../008-session-migration_0.3.9build1_amd64.deb ...
shell	Install test-only browser tooling	2026-10-04T15:31:51.4821332Z Unpacking session-migration (0.3.9build1) ...
shell	Install test-only browser tooling	2026-10-04T15:31:51.5042751Z Selecting previously unselected package gsettings-desktop-schemas.
shell	Install test-only browser tooling	2026-10-04T15:31:51.5168599Z Preparing to unpack .../009-gsettings-desktop-schemas_46.1-0ubuntu1_all.deb ...
shell	Install test-only browser tooling	2026-10-04T15:31:51.5174102Z Unpacking gsettings-desktop-schemas (46.1-0ubuntu1) ...
shell	Install test-only browser tooling	2026-10-04T15:31:51.5640433Z Selecting previously unselected package glib-networking:amd64.
shell	Install test-only browser tooling	2026-10-04T15:31:51.5768688Z Preparing to unpack .../010-glib-networking_2.80.0-1build1_amd64.deb ...
shell	Install test-only browser tooling	2026-10-04T15:31:51.5775014Z Unpacking glib-networking:amd64 (2.80.0-1build1) ...
shell	Install test-only browser tooling	2026-10-04T15:31:51.5982861Z Selecting previously unselected package libva2:amd64.
shell	Install test-only browser tooling	2026-10-04T15:31:51.6110432Z Preparing to unpack .../011-libva2_2.20.0-2ubuntu0.2_amd64.deb ...
shell	Install test-only browser tooling	2026-10-04T15:31:51.6116576Z Unpacking libva2:amd64 (2.20.0-2ubuntu0.2) ...
shell	Install test-only browser tooling	2026-10-04T15:31:51.6321949Z Selecting previously unselected package libva-drm2:amd64.
shell	Install test-only browser tooling	2026-10-04T15:31:51.6448071Z Preparing to unpack .../012-libva-drm2_2.20.0-2ubuntu0.2_amd64.deb ...
shell	Install test-only browser tooling	2026-10-04T15:31:51.6455660Z Unpacking libva-drm2:amd64 (2.20.0-2ubuntu0.2) ...
shell	Install test-only browser tooling	2026-10-04T15:31:51.6648536Z Selecting previously unselected package libva-x11-2:amd64.
shell	Install test-only browser tooling	2026-10-04T15:31:51.6773796Z Preparing to unpack .../013-libva-x11-2_2.20.0-2ubuntu0.2_amd64.deb ...
shell	Install test-only browser tooling	2026-10-04T15:31:51.6781095Z Unpacking libva-x11-2:amd64 (2.20.0-2ubuntu0.2) ...
shell	Install test-only browser tooling	2026-10-04T15:31:51.6987591Z Selecting previously unselected package libvdpau1:amd64.
shell	Install test-only browser tooling	2026-10-04T15:31:51.7115538Z Preparing to unpack .../014-libvdpau1_1.5-2build1_amd64.deb ...
shell	Install test-only browser tooling	2026-10-04T15:31:51.7122714Z Unpacking libvdpau1:amd64 (1.5-2build1) ...
shell	Install test-only browser tooling	2026-10-04T15:31:51.7349386Z Selecting previously unselected package libvpl2.
shell	Install test-only browser tooling	2026-10-04T15:31:51.7476990Z Preparing to unpack .../015-libvpl2_2023.3.0-1build1_amd64.deb ...
shell	Install test-only browser tooling	2026-10-04T15:31:51.7483984Z Unpacking libvpl2 (2023.3.0-1build1) ...
shell	Install test-only browser tooling	2026-10-04T15:31:51.7692843Z Selecting previously unselected package ocl-icd-libopencl1:amd64.
shell	Install test-only browser tooling	2026-10-04T15:31:51.7818149Z Preparing to unpack .../016-ocl-icd-libopencl1_2.3.2-1build1_amd64.deb ...
shell	Install test-only browser tooling	2026-10-04T15:31:51.7825632Z Unpacking ocl-icd-libopencl1:amd64 (2.3.2-1build1) ...
shell	Install test-only browser tooling	2026-10-04T15:31:51.8052223Z Selecting previously unselected package libavutil58:amd64.
shell	Install test-only browser tooling	2026-10-04T15:31:51.8179017Z Preparing to unpack .../017-libavutil58_7%3a6.1.1-3ubuntu5_amd64.deb ...
shell	Install test-only browser tooling	2026-10-04T15:31:51.8186774Z Unpacking libavutil58:amd64 (7:6.1.1-3ubuntu5) ...
shell	Install test-only browser tooling	2026-10-04T15:31:51.8429626Z Selecting previously unselected package libcodec2-1.2:amd64.
shell	Install test-only browser tooling	2026-10-04T15:31:51.8556617Z Preparing to unpack .../018-libcodec2-1.2_1.2.0-2build1_amd64.deb ...
shell	Install test-only browser tooling	2026-10-04T15:31:51.8565033Z Unpacking libcodec2-1.2:amd64 (1.2.0-2build1) ...
shell	Install test-only browser tooling	2026-10-04T15:31:51.9284278Z Selecting previously unselected package libdav1d7:amd64.
shell	Install test-only browser tooling	2026-10-04T15:31:51.9410575Z Preparing to unpack .../019-libdav1d7_1.4.1-1build1_amd64.deb ...
shell	Install test-only browser tooling	2026-10-04T15:31:51.9418175Z Unpacking libdav1d7:amd64 (1.4.1-1build1) ...
shell	Install test-only browser tooling	2026-10-04T15:31:51.9688222Z Selecting previously unselected package libgsm1:amd64.
shell	Install test-only browser tooling	2026-10-04T15:31:51.9820787Z Preparing to unpack .../020-libgsm1_1.0.22-1build1_amd64.deb ...
shell	Install test-only browser tooling	2026-10-04T15:31:51.9829040Z Unpacking libgsm1:amd64 (1.0.22-1build1) ...
shell	Install test-only browser tooling	2026-10-04T15:31:52.0040085Z Selecting previously unselected package libhwy1t64:amd64.
shell	Install test-only browser tooling	2026-10-04T15:31:52.0166303Z Preparing to unpack .../021-libhwy1t64_1.0.7-8.1build1_amd64.deb ...
shell	Install test-only browser tooling	2026-10-04T15:31:52.0182538Z Unpacking libhwy1t64:amd64 (1.0.7-8.1build1) ...
shell	Install test-only browser tooling	2026-10-04T15:31:52.0498501Z Selecting previously unselected package libjxl0.7:amd64.
shell	Install test-only browser tooling	2026-10-04T15:31:52.0625205Z Preparing to unpack .../022-libjxl0.7_0.7.0-10.2ubuntu6.1_amd64.deb ...
shell	Install test-only browser tooling	2026-10-04T15:31:52.0633541Z Unpacking libjxl0.7:amd64 (0.7.0-10.2ubuntu6.1) ...
shell	Install test-only browser tooling	2026-10-04T15:31:52.0961277Z Selecting previously unselected package libmp3lame0:amd64.
shell	Install test-only browser tooling	2026-10-04T15:31:52.1089037Z Preparing to unpack .../023-libmp3lame0_3.100-6build1_amd64.deb ...
shell	Install test-only browser tooling	2026-10-04T15:31:52.1096066Z Unpacking libmp3lame0:amd64 (3.100-6build1) ...
shell	Install test-only browser tooling	2026-10-04T15:31:52.1309548Z Selecting previously unselected package libopus0:amd64.
shell	Install test-only browser tooling	2026-10-04T15:31:52.1436077Z Preparing to unpack .../024-libopus0_1.4-1build1_amd64.deb ...
shell	Install test-only browser tooling	2026-10-04T15:31:52.1443519Z Unpacking libopus0:amd64 (1.4-1build1) ...
shell	Install test-only browser tooling	2026-10-04T15:31:52.1697293Z Selecting previously unselected package librav1e0:amd64.
shell	Install test-only browser tooling	2026-10-04T15:31:52.1821118Z Preparing to unpack .../025-librav1e0_0.7.1-2_amd64.deb ...
shell	Install test-only browser tooling	2026-10-04T15:31:52.1829313Z Unpacking librav1e0:amd64 (0.7.1-2) ...
shell	Install test-only browser tooling	2026-10-04T15:31:52.2149769Z Selecting previously unselected package librsvg2-2:amd64.
shell	Install test-only browser tooling	2026-10-04T15:31:52.2276199Z Preparing to unpack .../026-librsvg2-2_2.58.0+dfsg-1build1_amd64.deb ...
shell	Install test-only browser tooling	2026-10-04T15:31:52.2282892Z Unpacking librsvg2-2:amd64 (2.58.0+dfsg-1build1) ...
shell	Install test-only browser tooling	2026-10-04T15:31:52.2768521Z Selecting previously unselected package libshine3:amd64.
shell	Install test-only browser tooling	2026-10-04T15:31:52.2894870Z Preparing to unpack .../027-libshine3_3.1.1-2build1_amd64.deb ...
shell	Install test-only browser tooling	2026-10-04T15:31:52.2902118Z Unpacking libshine3:amd64 (3.1.1-2build1) ...
shell	Install test-only browser tooling	2026-10-04T15:31:52.3098590Z Selecting previously unselected package libspeex1:amd64.
shell	Install test-only browser tooling	2026-10-04T15:31:52.3225720Z Preparing to unpack .../028-libspeex1_1.2.1-2ubuntu2.24.04.1_amd64.deb ...
shell	Install test-only browser tooling	2026-10-04T15:31:52.3233325Z Unpacking libspeex1:amd64 (1.2.1-2ubuntu2.24.04.1) ...
shell	Install test-only browser tooling	2026-10-04T15:31:52.3432980Z Selecting previously unselected package libsvtav1enc1d1:amd64.
shell	Install test-only browser tooling	2026-10-04T15:31:52.3559843Z Preparing to unpack .../029-libsvtav1enc1d1_1.7.0+dfsg-2build1_amd64.deb ...
shell	Install test-only browser tooling	2026-10-04T15:31:52.3567733Z Unpacking libsvtav1enc1d1:amd64 (1.7.0+dfsg-2build1) ...
shell	Install test-only browser tooling	2026-10-04T15:31:52.4052860Z Selecting previously unselected package libsoxr0:amd64.
shell	Install test-only browser tooling	2026-10-04T15:31:52.4180673Z Preparing to unpack .../030-libsoxr0_0.1.3-4build3_amd64.deb ...
shell	Install test-only browser tooling	2026-10-04T15:31:52.4187763Z Unpacking libsoxr0:amd64 (0.1.3-4build3) ...
shell	Install test-only browser tooling	2026-10-04T15:31:52.4409808Z Selecting previously unselected package libswresample4:amd64.
shell	Install test-only browser tooling	2026-10-04T15:31:52.4536788Z Preparing to unpack .../031-libswresample4_7%3a6.1.1-3ubuntu5_amd64.deb ...
shell	Install test-only browser tooling	2026-10-04T15:31:52.4544050Z Unpacking libswresample4:amd64 (7:6.1.1-3ubuntu5) ...
shell	Install test-only browser tooling	2026-10-04T15:31:52.4753093Z Selecting previously unselected package libtheora0:amd64.
shell	Install test-only browser tooling	2026-10-04T15:31:52.4879537Z Preparing to unpack .../032-libtheora0_1.1.1+dfsg.1-16.1build3_amd64.deb ...
shell	Install test-only browser tooling	2026-10-04T15:31:52.4888158Z Unpacking libtheora0:amd64 (1.1.1+dfsg.1-16.1build3) ...
shell	Install test-only browser tooling	2026-10-04T15:31:52.5117332Z Selecting previously unselected package libtwolame0:amd64.
shell	Install test-only browser tooling	2026-10-04T15:31:52.5244413Z Preparing to unpack .../033-libtwolame0_0.4.0-2build3_amd64.deb ...
shell	Install test-only browser tooling	2026-10-04T15:31:52.5251209Z Unpacking libtwolame0:amd64 (0.4.0-2build3) ...
shell	Install test-only browser tooling	2026-10-04T15:31:52.5453288Z Selecting previously unselected package libvorbisenc2:amd64.
shell	Install test-only browser tooling	2026-10-04T15:31:52.5580056Z Preparing to unpack .../034-libvorbisenc2_1.3.7-1build3_amd64.deb ...
shell	Install test-only browser tooling	2026-10-04T15:31:52.5587133Z Unpacking libvorbisenc2:amd64 (1.3.7-1build3) ...
shell	Install test-only browser tooling	2026-10-04T15:31:52.5802953Z Selecting previously unselected package libvpx9:amd64.
shell	Install test-only browser tooling	2026-10-04T15:31:52.5934902Z Preparing to unpack .../035-libvpx9_1.14.0-1ubuntu2.3_amd64.deb ...
shell	Install test-only browser tooling	2026-10-04T15:31:52.5941637Z Unpacking libvpx9:amd64 (1.14.0-1ubuntu2.3) ...
shell	Install test-only browser tooling	2026-10-04T15:31:52.6261731Z Selecting previously unselected package libx264-164:amd64.
shell	Install test-only browser tooling	2026-10-04T15:31:52.6389599Z Preparing to unpack .../036-libx264-164_2%3a0.164.3108+git31e19f9-1_amd64.deb ...
shell	Install test-only browser tooling	2026-10-04T15:31:52.6397251Z Unpacking libx264-164:amd64 (2:0.164.3108+git31e19f9-1) ...
shell	Install test-only browser tooling	2026-10-04T15:31:52.6659330Z Selecting previously unselected package libx265-199:amd64.
shell	Install test-only browser tooling	2026-10-04T15:31:52.6785401Z Preparing to unpack .../037-libx265-199_3.5-2build1_amd64.deb ...
shell	Install test-only browser tooling	2026-10-04T15:31:52.6792882Z Unpacking libx265-199:amd64 (3.5-2build1) ...
shell	Install test-only browser tooling	2026-10-04T15:31:52.7450908Z Selecting previously unselected package libxvidcore4:amd64.
shell	Install test-only browser tooling	2026-10-04T15:31:52.7578454Z Preparing to unpack .../038-libxvidcore4_2%3a1.3.7-1build1_amd64.deb ...
shell	Install test-only browser tooling	2026-10-04T15:31:52.7586329Z Unpacking libxvidcore4:amd64 (2:1.3.7-1build1) ...
shell	Install test-only browser tooling	2026-10-04T15:31:52.7799811Z Selecting previously unselected package libzvbi-common.
shell	Install test-only browser tooling	2026-10-04T15:31:52.7926452Z Preparing to unpack .../039-libzvbi-common_0.2.42-2_all.deb ...
shell	Install test-only browser tooling	2026-10-04T15:31:52.7933411Z Unpacking libzvbi-common (0.2.42-2) ...
shell	Install test-only browser tooling	2026-10-04T15:31:52.8321092Z Selecting previously unselected package libzvbi0t64:amd64.
shell	Install test-only browser tooling	2026-10-04T15:31:52.8448693Z Preparing to unpack .../040-libzvbi0t64_0.2.42-2_amd64.deb ...
shell	Install test-only browser tooling	2026-10-04T15:31:52.8456288Z Unpacking libzvbi0t64:amd64 (0.2.42-2) ...
shell	Install test-only browser tooling	2026-10-04T15:31:52.8701942Z Selecting previously unselected package libavcodec60:amd64.
shell	Install test-only browser tooling	2026-10-04T15:31:52.8827124Z Preparing to unpack .../041-libavcodec60_7%3a6.1.1-3ubuntu5_amd64.deb ...
shell	Install test-only browser tooling	2026-10-04T15:31:52.8835448Z Unpacking libavcodec60:amd64 (7:6.1.1-3ubuntu5) ...
shell	Install test-only browser tooling	2026-10-04T15:31:52.9653742Z Selecting previously unselected package libunibreak5:amd64.
shell	Install test-only browser tooling	2026-10-04T15:31:52.9782884Z Preparing to unpack .../042-libunibreak5_5.1-2build1_amd64.deb ...
shell	Install test-only browser tooling	2026-10-04T15:31:52.9791605Z Unpacking libunibreak5:amd64 (5.1-2build1) ...
shell	Install test-only browser tooling	2026-10-04T15:31:53.0005863Z Selecting previously unselected package libass9:amd64.
shell	Install test-only browser tooling	2026-10-04T15:31:53.0131197Z Preparing to unpack .../043-libass9_1%3a0.17.1-2build1_amd64.deb ...
shell	Install test-only browser tooling	2026-10-04T15:31:53.0138713Z Unpacking libass9:amd64 (1:0.17.1-2build1) ...
shell	Install test-only browser tooling	2026-10-04T15:31:53.0350512Z Selecting previously unselected package libudfread0:amd64.
shell	Install test-only browser tooling	2026-10-04T15:31:53.0480541Z Preparing to unpack .../044-libudfread0_1.1.2-1build1_amd64.deb ...
shell	Install test-only browser tooling	2026-10-04T15:31:53.0488101Z Unpacking libudfread0:amd64 (1.1.2-1build1) ...
shell	Install test-only browser tooling	2026-10-04T15:31:53.0698106Z Selecting previously unselected package libbluray2:amd64.
shell	Install test-only browser tooling	2026-10-04T15:31:53.0823927Z Preparing to unpack .../045-libbluray2_1%3a1.3.4-1build1_amd64.deb ...
shell	Install test-only browser tooling	2026-10-04T15:31:53.0831352Z Unpacking libbluray2:amd64 (1:1.3.4-1build1) ...
shell	Install test-only browser tooling	2026-10-04T15:31:53.1045167Z Selecting previously unselected package libchromaprint1:amd64.
shell	Install test-only browser tooling	2026-10-04T15:31:53.1172397Z Preparing to unpack .../046-libchromaprint1_1.5.1-5_amd64.deb ...
shell	Install test-only browser tooling	2026-10-04T15:31:53.1179259Z Unpacking libchromaprint1:amd64 (1.5.1-5) ...
shell	Install test-only browser tooling	2026-10-04T15:31:53.1375766Z Selecting previously unselected package libgme0:amd64.
shell	Install test-only browser tooling	2026-10-04T15:31:53.1503354Z Preparing to unpack .../047-libgme0_0.6.3-7build1_amd64.deb ...
shell	Install test-only browser tooling	2026-10-04T15:31:53.1511500Z Unpacking libgme0:amd64 (0.6.3-7build1) ...
shell	Install test-only browser tooling	2026-10-04T15:31:53.1722047Z Selecting previously unselected package libmpg123-0t64:amd64.
shell	Install test-only browser tooling	2026-10-04T15:31:53.1848442Z Preparing to unpack .../048-libmpg123-0t64_1.32.5-1ubuntu1.1_amd64.deb ...
shell	Install test-only browser tooling	2026-10-04T15:31:53.1856025Z Unpacking libmpg123-0t64:amd64 (1.32.5-1ubuntu1.1) ...
shell	Install test-only browser tooling	2026-10-04T15:31:53.2079694Z Selecting previously unselected package libopenmpt0t64:amd64.
shell	Install test-only browser tooling	2026-10-04T15:31:53.2206011Z Preparing to unpack .../049-libopenmpt0t64_0.7.3-1.1build3_amd64.deb ...
shell	Install test-only browser tooling	2026-10-04T15:31:53.2214763Z Unpacking libopenmpt0t64:amd64 (0.7.3-1.1build3) ...
shell	Install test-only browser tooling	2026-10-04T15:31:53.2479388Z Selecting previously unselected package libcjson1:amd64.
shell	Install test-only browser tooling	2026-10-04T15:31:53.2607344Z Preparing to unpack .../050-libcjson1_1.7.17-1_amd64.deb ...
shell	Install test-only browser tooling	2026-10-04T15:31:53.2615877Z Unpacking libcjson1:amd64 (1.7.17-1) ...
shell	Install test-only browser tooling	2026-10-04T15:31:53.2822712Z Selecting previously unselected package libmbedcrypto7t64:amd64.
shell	Install test-only browser tooling	2026-10-04T15:31:53.2949655Z Preparing to unpack .../051-libmbedcrypto7t64_2.28.8-1_amd64.deb ...
shell	Install test-only browser tooling	2026-10-04T15:31:53.2957064Z Unpacking libmbedcrypto7t64:amd64 (2.28.8-1) ...
shell	Install test-only browser tooling	2026-10-04T15:31:53.3185062Z Selecting previously unselected package librist4:amd64.
shell	Install test-only browser tooling	2026-10-04T15:31:53.3312862Z Preparing to unpack .../052-librist4_0.2.10+dfsg-2_amd64.deb ...
shell	Install test-only browser tooling	2026-10-04T15:31:53.3319902Z Unpacking librist4:amd64 (0.2.10+dfsg-2) ...
shell	Install test-only browser tooling	2026-10-04T15:31:53.3521251Z Selecting previously unselected package libsrt1.5-gnutls:amd64.
shell	Install test-only browser tooling	2026-10-04T15:31:53.3647331Z Preparing to unpack .../053-libsrt1.5-gnutls_1.5.3-1build2_amd64.deb ...
shell	Install test-only browser tooling	2026-10-04T15:31:53.3655452Z Unpacking libsrt1.5-gnutls:amd64 (1.5.3-1build2) ...
shell	Install test-only browser tooling	2026-10-04T15:31:53.3888093Z Selecting previously unselected package libssh-gcrypt-4:amd64.
shell	Install test-only browser tooling	2026-10-04T15:31:53.4013185Z Preparing to unpack .../054-libssh-gcrypt-4_0.10.6-2ubuntu0.5_amd64.deb ...
shell	Install test-only browser tooling	2026-10-04T15:31:53.4020702Z Unpacking libssh-gcrypt-4:amd64 (0.10.6-2ubuntu0.5) ...
shell	Install test-only browser tooling	2026-10-04T15:31:53.4242889Z Selecting previously unselected package libavformat60:amd64.
shell	Install test-only browser tooling	2026-10-04T15:31:53.4367001Z Preparing to unpack .../055-libavformat60_7%3a6.1.1-3ubuntu5_amd64.deb ...
shell	Install test-only browser tooling	2026-10-04T15:31:53.4374100Z Unpacking libavformat60:amd64 (7:6.1.1-3ubuntu5) ...
shell	Install test-only browser tooling	2026-10-04T15:31:53.4682848Z Selecting previously unselected package libbs2b0:amd64.
shell	Install test-only browser tooling	2026-10-04T15:31:53.4807720Z Preparing to unpack .../056-libbs2b0_3.1.0+dfsg-7build1_amd64.deb ...
shell	Install test-only browser tooling	2026-10-04T15:31:53.4826873Z Unpacking libbs2b0:amd64 (3.1.0+dfsg-7build1) ...
shell	Install test-only browser tooling	2026-10-04T15:31:53.5170092Z Selecting previously unselected package libflite1:amd64.
shell	Install test-only browser tooling	2026-10-04T15:31:53.5295860Z Preparing to unpack .../057-libflite1_2.2-6build3_amd64.deb ...
shell	Install test-only browser tooling	2026-10-04T15:31:53.5303500Z Unpacking libflite1:amd64 (2.2-6build3) ...
shell	Install test-only browser tooling	2026-10-04T15:31:53.6391538Z Selecting previously unselected package libserd-0-0:amd64.
shell	Install test-only browser tooling	2026-10-04T15:31:53.6519242Z Preparing to unpack .../058-libserd-0-0_0.32.2-1_amd64.deb ...
shell	Install test-only browser tooling	2026-10-04T15:31:53.6526798Z Unpacking libserd-0-0:amd64 (0.32.2-1) ...
shell	Install test-only browser tooling	2026-10-04T15:31:53.6722559Z Selecting previously unselected package libzix-0-0:amd64.
shell	Install test-only browser tooling	2026-10-04T15:31:53.6848000Z Preparing to unpack .../059-libzix-0-0_0.4.2-2build1_amd64.deb ...
shell	Install test-only browser tooling	2026-10-04T15:31:53.6854981Z Unpacking libzix-0-0:amd64 (0.4.2-2build1) ...
shell	Install test-only browser tooling	2026-10-04T15:31:53.7050433Z Selecting previously unselected package libsord-0-0:amd64.
shell	Install test-only browser tooling	2026-10-04T15:31:53.7175632Z Preparing to unpack .../060-libsord-0-0_0.16.16-2build1_amd64.deb ...
shell	Install test-only browser tooling	2026-10-04T15:31:53.7183317Z Unpacking libsord-0-0:amd64 (0.16.16-2build1) ...
shell	Install test-only browser tooling	2026-10-04T15:31:53.7376404Z Selecting previously unselected package libsratom-0-0:amd64.
shell	Install test-only browser tooling	2026-10-04T15:31:53.7501497Z Preparing to unpack .../061-libsratom-0-0_0.6.16-1build1_amd64.deb ...
shell	Install test-only browser tooling	2026-10-04T15:31:53.7509220Z Unpacking libsratom-0-0:amd64 (0.6.16-1build1) ...
shell	Install test-only browser tooling	2026-10-04T15:31:53.7701405Z Selecting previously unselected package liblilv-0-0:amd64.
shell	Install test-only browser tooling	2026-10-04T15:31:53.7826210Z Preparing to unpack .../062-liblilv-0-0_0.24.22-1build1_amd64.deb ...
shell	Install test-only browser tooling	2026-10-04T15:31:53.7833282Z Unpacking liblilv-0-0:amd64 (0.24.22-1build1) ...
shell	Install test-only browser tooling	2026-10-04T15:31:53.8029238Z Selecting previously unselected package libmysofa1:amd64.
shell	Install test-only browser tooling	2026-10-04T15:31:53.8155470Z Preparing to unpack .../063-libmysofa1_1.3.2+dfsg-2ubuntu2_amd64.deb ...
shell	Install test-only browser tooling	2026-10-04T15:31:53.8163386Z Unpacking libmysofa1:amd64 (1.3.2+dfsg-2ubuntu2) ...
shell	Install test-only browser tooling	2026-10-04T15:31:53.8403628Z Selecting previously unselected package libplacebo338:amd64.
shell	Install test-only browser tooling	2026-10-04T15:31:53.8529035Z Preparing to unpack .../064-libplacebo338_6.338.2-2build1_amd64.deb ...
shell	Install test-only browser tooling	2026-10-04T15:31:53.8536236Z Unpacking libplacebo338:amd64 (6.338.2-2build1) ...
shell	Install test-only browser tooling	2026-10-04T15:31:53.9065206Z Selecting previously unselected package libblas3:amd64.
shell	Install test-only browser tooling	2026-10-04T15:31:53.9190062Z Preparing to unpack .../065-libblas3_3.12.0-3build1.1_amd64.deb ...
shell	Install test-only browser tooling	2026-10-04T15:31:53.9219082Z Unpacking libblas3:amd64 (3.12.0-3build1.1) ...
shell	Install test-only browser tooling	2026-10-04T15:31:53.9455620Z Selecting previously unselected package liblapack3:amd64.
shell	Install test-only browser tooling	2026-10-04T15:31:53.9582153Z Preparing to unpack .../066-liblapack3_3.12.0-3build1.1_amd64.deb ...
shell	Install test-only browser tooling	2026-10-04T15:31:53.9610847Z Unpacking liblapack3:amd64 (3.12.0-3build1.1) ...
shell	Install test-only browser tooling	2026-10-04T15:31:54.0098172Z Selecting previously unselected package libasyncns0:amd64.
shell	Install test-only browser tooling	2026-10-04T15:31:54.0225499Z Preparing to unpack .../067-libasyncns0_0.8-6build4_amd64.deb ...
shell	Install test-only browser tooling	2026-10-04T15:31:54.0233389Z Unpacking libasyncns0:amd64 (0.8-6build4) ...
shell	Install test-only browser tooling	2026-10-04T15:31:54.0437079Z Selecting previously unselected package libflac12t64:amd64.
shell	Install test-only browser tooling	2026-10-04T15:31:54.0564147Z Preparing to unpack .../068-libflac12t64_1.4.3+ds-2.1ubuntu2_amd64.deb ...
shell	Install test-only browser tooling	2026-10-04T15:31:54.0572007Z Unpacking libflac12t64:amd64 (1.4.3+ds-2.1ubuntu2) ...
shell	Install test-only browser tooling	2026-10-04T15:31:54.0804135Z Selecting previously unselected package libsndfile1:amd64.
shell	Install test-only browser tooling	2026-10-04T15:31:54.0931659Z Preparing to unpack .../069-libsndfile1_1.2.2-1ubuntu5.24.04.1_amd64.deb ...
shell	Install test-only browser tooling	2026-10-04T15:31:54.0939309Z Unpacking libsndfile1:amd64 (1.2.2-1ubuntu5.24.04.1) ...
shell	Install test-only browser tooling	2026-10-04T15:31:54.1175757Z Selecting previously unselected package libpulse0:amd64.
shell	Install test-only browser tooling	2026-10-04T15:31:54.1303874Z Preparing to unpack .../070-libpulse0_1%3a16.1+dfsg1-2ubuntu10.1_amd64.deb ...
shell	Install test-only browser tooling	2026-10-04T15:31:54.1368713Z Unpacking libpulse0:amd64 (1:16.1+dfsg1-2ubuntu10.1) ...
shell	Install test-only browser tooling	2026-10-04T15:31:54.1624111Z Selecting previously unselected package libsphinxbase3t64:amd64.
shell	Install test-only browser tooling	2026-10-04T15:31:54.1751528Z Preparing to unpack .../071-libsphinxbase3t64_0.8+5prealpha+1-17build2_amd64.deb ...
shell	Install test-only browser tooling	2026-10-04T15:31:54.1759498Z Unpacking libsphinxbase3t64:amd64 (0.8+5prealpha+1-17build2) ...
shell	Install test-only browser tooling	2026-10-04T15:31:54.1970405Z Selecting previously unselected package libpocketsphinx3:amd64.
shell	Install test-only browser tooling	2026-10-04T15:31:54.2097496Z Preparing to unpack .../072-libpocketsphinx3_0.8.0+real5prealpha+1-15ubuntu5_amd64.deb ...
shell	Install test-only browser tooling	2026-10-04T15:31:54.2111979Z Unpacking libpocketsphinx3:amd64 (0.8.0+real5prealpha+1-15ubuntu5) ...
shell	Install test-only browser tooling	2026-10-04T15:31:54.2313939Z Selecting previously unselected package libpostproc57:amd64.
shell	Install test-only browser tooling	2026-10-04T15:31:54.2440458Z Preparing to unpack .../073-libpostproc57_7%3a6.1.1-3ubuntu5_amd64.deb ...
shell	Install test-only browser tooling	2026-10-04T15:31:54.2448320Z Unpacking libpostproc57:amd64 (7:6.1.1-3ubuntu5) ...
shell	Install test-only browser tooling	2026-10-04T15:31:54.2657317Z Selecting previously unselected package libsamplerate0:amd64.
shell	Install test-only browser tooling	2026-10-04T15:31:54.2784831Z Preparing to unpack .../074-libsamplerate0_0.2.2-4build1_amd64.deb ...
shell	Install test-only browser tooling	2026-10-04T15:31:54.2792429Z Unpacking libsamplerate0:amd64 (0.2.2-4build1) ...
shell	Install test-only browser tooling	2026-10-04T15:31:54.3054686Z Selecting previously unselected package librubberband2:amd64.
shell	Install test-only browser tooling	2026-10-04T15:31:54.3181412Z Preparing to unpack .../075-librubberband2_3.3.0+dfsg-2build1_amd64.deb ...
shell	Install test-only browser tooling	2026-10-04T15:31:54.3188694Z Unpacking librubberband2:amd64 (3.3.0+dfsg-2build1) ...
shell	Install test-only browser tooling	2026-10-04T15:31:54.3422646Z Selecting previously unselected package libswscale7:amd64.
shell	Install test-only browser tooling	2026-10-04T15:31:54.3550184Z Preparing to unpack .../076-libswscale7_7%3a6.1.1-3ubuntu5_amd64.deb ...
shell	Install test-only browser tooling	2026-10-04T15:31:54.3557333Z Unpacking libswscale7:amd64 (7:6.1.1-3ubuntu5) ...
shell	Install test-only browser tooling	2026-10-04T15:31:54.3809808Z Selecting previously unselected package libvidstab1.1:amd64.
shell	Install test-only browser tooling	2026-10-04T15:31:54.3939207Z Preparing to unpack .../077-libvidstab1.1_1.1.0-2build1_amd64.deb ...
shell	Install test-only browser tooling	2026-10-04T15:31:54.3946662Z Unpacking libvidstab1.1:amd64 (1.1.0-2build1) ...
shell	Install test-only browser tooling	2026-10-04T15:31:54.4169779Z Selecting previously unselected package libzimg2:amd64.
shell	Install test-only browser tooling	2026-10-04T15:31:54.4297752Z Preparing to unpack .../078-libzimg2_3.0.5+ds1-1build1_amd64.deb ...
shell	Install test-only browser tooling	2026-10-04T15:31:54.4304604Z Unpacking libzimg2:amd64 (3.0.5+ds1-1build1) ...
shell	Install test-only browser tooling	2026-10-04T15:31:54.4537710Z Selecting previously unselected package libavfilter9:amd64.
shell	Install test-only browser tooling	2026-10-04T15:31:54.4664011Z Preparing to unpack .../079-libavfilter9_7%3a6.1.1-3ubuntu5_amd64.deb ...
shell	Install test-only browser tooling	2026-10-04T15:31:54.4701015Z Unpacking libavfilter9:amd64 (7:6.1.1-3ubuntu5) ...
shell	Install test-only browser tooling	2026-10-04T15:31:54.5406144Z Selecting previously unselected package liborc-0.4-0t64:amd64.
shell	Install test-only browser tooling	2026-10-04T15:31:54.5533098Z Preparing to unpack .../080-liborc-0.4-0t64_1%3a0.4.38-1ubuntu0.1_amd64.deb ...
shell	Install test-only browser tooling	2026-10-04T15:31:54.5539906Z Unpacking liborc-0.4-0t64:amd64 (1:0.4.38-1ubuntu0.1) ...
shell	Install test-only browser tooling	2026-10-04T15:31:54.5774832Z Selecting previously unselected package libgstreamer-plugins-base1.0-0:amd64.
shell	Install test-only browser tooling	2026-10-04T15:31:54.5903356Z Preparing to unpack .../081-libgstreamer-plugins-base1.0-0_1.24.2-1ubuntu0.5_amd64.deb ...
shell	Install test-only browser tooling	2026-10-04T15:31:54.5912048Z Unpacking libgstreamer-plugins-base1.0-0:amd64 (1.24.2-1ubuntu0.5) ...
shell	Install test-only browser tooling	2026-10-04T15:31:54.6466600Z Selecting previously unselected package gstreamer1.0-libav:amd64.
shell	Install test-only browser tooling	2026-10-04T15:31:54.6591042Z Preparing to unpack .../082-gstreamer1.0-libav_1.24.1-1build1_amd64.deb ...
shell	Install test-only browser tooling	2026-10-04T15:31:54.6597723Z Unpacking gstreamer1.0-libav:amd64 (1.24.1-1build1) ...
shell	Install test-only browser tooling	2026-10-04T15:31:54.6833892Z Selecting previously unselected package libcdparanoia0:amd64.
shell	Install test-only browser tooling	2026-10-04T15:31:54.6958992Z Preparing to unpack .../083-libcdparanoia0_3.10.2+debian-14build3_amd64.deb ...
shell	Install test-only browser tooling	2026-10-04T15:31:54.6965854Z Unpacking libcdparanoia0:amd64 (3.10.2+debian-14build3) ...
shell	Install test-only browser tooling	2026-10-04T15:31:54.7170906Z Selecting previously unselected package libvisual-0.4-0:amd64.
shell	Install test-only browser tooling	2026-10-04T15:31:54.7298131Z Preparing to unpack .../084-libvisual-0.4-0_0.4.2-2build1_amd64.deb ...
shell	Install test-only browser tooling	2026-10-04T15:31:54.7307262Z Unpacking libvisual-0.4-0:amd64 (0.4.2-2build1) ...
shell	Install test-only browser tooling	2026-10-04T15:31:54.7530980Z Selecting previously unselected package gstreamer1.0-plugins-base:amd64.
shell	Install test-only browser tooling	2026-10-04T15:31:54.7659795Z Preparing to unpack .../085-gstreamer1.0-plugins-base_1.24.2-1ubuntu0.5_amd64.deb ...
shell	Install test-only browser tooling	2026-10-04T15:31:54.7666662Z Unpacking gstreamer1.0-plugins-base:amd64 (1.24.2-1ubuntu0.5) ...
shell	Install test-only browser tooling	2026-10-04T15:31:54.7987399Z Selecting previously unselected package libaa1:amd64.
shell	Install test-only browser tooling	2026-10-04T15:31:54.8118562Z Preparing to unpack .../086-libaa1_1.4p5-51.1_amd64.deb ...
shell	Install test-only browser tooling	2026-10-04T15:31:54.8125004Z Unpacking libaa1:amd64 (1.4p5-51.1) ...
shell	Install test-only browser tooling	2026-10-04T15:31:54.8346164Z Selecting previously unselected package libraw1394-11:amd64.
shell	Install test-only browser tooling	2026-10-04T15:31:54.8473086Z Preparing to unpack .../087-libraw1394-11_2.1.2-2build3_amd64.deb ...
shell	Install test-only browser tooling	2026-10-04T15:31:54.8480742Z Unpacking libraw1394-11:amd64 (2.1.2-2build3) ...
shell	Install test-only browser tooling	2026-10-04T15:31:54.8697266Z Selecting previously unselected package libavc1394-0:amd64.
shell	Install test-only browser tooling	2026-10-04T15:31:54.8823829Z Preparing to unpack .../088-libavc1394-0_0.5.4-5build3_amd64.deb ...
shell	Install test-only browser tooling	2026-10-04T15:31:54.8830478Z Unpacking libavc1394-0:amd64 (0.5.4-5build3) ...
shell	Install test-only browser tooling	2026-10-04T15:31:54.9039562Z Selecting previously unselected package libcaca0:amd64.
shell	Install test-only browser tooling	2026-10-04T15:31:54.9166534Z Preparing to unpack .../089-libcaca0_0.99.beta20-4ubuntu0.2_amd64.deb ...
shell	Install test-only browser tooling	2026-10-04T15:31:54.9174077Z Unpacking libcaca0:amd64 (0.99.beta20-4ubuntu0.2) ...
shell	Install test-only browser tooling	2026-10-04T15:31:54.9426493Z Selecting previously unselected package libdv4t64:amd64.
shell	Install test-only browser tooling	2026-10-04T15:31:54.9555728Z Preparing to unpack .../090-libdv4t64_1.0.0-17.1build1_amd64.deb ...
shell	Install test-only browser tooling	2026-10-04T15:31:54.9563399Z Unpacking libdv4t64:amd64 (1.0.0-17.1build1) ...
shell	Install test-only browser tooling	2026-10-04T15:31:54.9793201Z Selecting previously unselected package libgstreamer-plugins-good1.0-0:amd64.
shell	Install test-only browser tooling	2026-10-04T15:31:54.9919229Z Preparing to unpack .../091-libgstreamer-plugins-good1.0-0_1.24.2-1ubuntu1.8_amd64.deb ...
shell	Install test-only browser tooling	2026-10-04T15:31:54.9926771Z Unpacking libgstreamer-plugins-good1.0-0:amd64 (1.24.2-1ubuntu1.8) ...
shell	Install test-only browser tooling	2026-10-04T15:31:55.0134974Z Selecting previously unselected package libiec61883-0:amd64.
shell	Install test-only browser tooling	2026-10-04T15:31:55.0260832Z Preparing to unpack .../092-libiec61883-0_1.2.0-6build1_amd64.deb ...
shell	Install test-only browser tooling	2026-10-04T15:31:55.0268558Z Unpacking libiec61883-0:amd64 (1.2.0-6build1) ...
shell	Install test-only browser tooling	2026-10-04T15:31:55.0479283Z Selecting previously unselected package libshout3:amd64.
shell	Install test-only browser tooling	2026-10-04T15:31:55.0606858Z Preparing to unpack .../093-libshout3_2.4.6-1build2_amd64.deb ...
shell	Install test-only browser tooling	2026-10-04T15:31:55.0622239Z Unpacking libshout3:amd64 (2.4.6-1build2) ...
shell	Install test-only browser tooling	2026-10-04T15:31:55.0847622Z Selecting previously unselected package libtag1v5-vanilla:amd64.
shell	Install test-only browser tooling	2026-10-04T15:31:55.0973069Z Preparing to unpack .../094-libtag1v5-vanilla_1.13.1-1build1_amd64.deb ...
shell	Install test-only browser tooling	2026-10-04T15:31:55.0979977Z Unpacking libtag1v5-vanilla:amd64 (1.13.1-1build1) ...
shell	Install test-only browser tooling	2026-10-04T15:31:55.1218230Z Selecting previously unselected package libtag1v5:amd64.
shell	Install test-only browser tooling	2026-10-04T15:31:55.1343334Z Preparing to unpack .../095-libtag1v5_1.13.1-1build1_amd64.deb ...
shell	Install test-only browser tooling	2026-10-04T15:31:55.1350150Z Unpacking libtag1v5:amd64 (1.13.1-1build1) ...
shell	Install test-only browser tooling	2026-10-04T15:31:55.1551644Z Selecting previously unselected package libv4lconvert0t64:amd64.
shell	Install test-only browser tooling	2026-10-04T15:31:55.1679017Z Preparing to unpack .../096-libv4lconvert0t64_1.26.1-4build3_amd64.deb ...
shell	Install test-only browser tooling	2026-10-04T15:31:55.1687967Z Unpacking libv4lconvert0t64:amd64 (1.26.1-4build3) ...
shell	Install test-only browser tooling	2026-10-04T15:31:55.1901267Z Selecting previously unselected package libv4l-0t64:amd64.
shell	Install test-only browser tooling	2026-10-04T15:31:55.2026252Z Preparing to unpack .../097-libv4l-0t64_1.26.1-4build3_amd64.deb ...
shell	Install test-only browser tooling	2026-10-04T15:31:55.2033067Z Unpacking libv4l-0t64:amd64 (1.26.1-4build3) ...
shell	Install test-only browser tooling	2026-10-04T15:31:55.2253717Z Selecting previously unselected package libwavpack1:amd64.
shell	Install test-only browser tooling	2026-10-04T15:31:55.2378598Z Preparing to unpack .../098-libwavpack1_5.6.0-1build1_amd64.deb ...
shell	Install test-only browser tooling	2026-10-04T15:31:55.2386087Z Unpacking libwavpack1:amd64 (5.6.0-1build1) ...
shell	Install test-only browser tooling	2026-10-04T15:31:55.2583193Z Selecting previously unselected package libsoup-3.0-common.
shell	Install test-only browser tooling	2026-10-04T15:31:55.2710903Z Preparing to unpack .../099-libsoup-3.0-common_3.4.4-5ubuntu0.8_all.deb ...
shell	Install test-only browser tooling	2026-10-04T15:31:55.2717007Z Unpacking libsoup-3.0-common (3.4.4-5ubuntu0.8) ...
shell	Install test-only browser tooling	2026-10-04T15:31:55.2913770Z Selecting previously unselected package libsoup-3.0-0:amd64.
shell	Install test-only browser tooling	2026-10-04T15:31:55.3038990Z Preparing to unpack .../100-libsoup-3.0-0_3.4.4-5ubuntu0.8_amd64.deb ...
shell	Install test-only browser tooling	2026-10-04T15:31:55.3045861Z Unpacking libsoup-3.0-0:amd64 (3.4.4-5ubuntu0.8) ...
shell	Install test-only browser tooling	2026-10-04T15:31:55.3281192Z Selecting previously unselected package gstreamer1.0-plugins-good:amd64.
shell	Install test-only browser tooling	2026-10-04T15:31:55.3409242Z Preparing to unpack .../101-gstreamer1.0-plugins-good_1.24.2-1ubuntu1.8_amd64.deb ...
shell	Install test-only browser tooling	2026-10-04T15:31:55.3416940Z Unpacking gstreamer1.0-plugins-good:amd64 (1.24.2-1ubuntu1.8) ...
shell	Install test-only browser tooling	2026-10-04T15:31:55.3987652Z Selecting previously unselected package libabsl20220623t64:amd64.
shell	Install test-only browser tooling	2026-10-04T15:31:55.4112829Z Preparing to unpack .../102-libabsl20220623t64_20220623.1-3.1ubuntu3.2_amd64.deb ...
shell	Install test-only browser tooling	2026-10-04T15:31:55.4120040Z Unpacking libabsl20220623t64:amd64 (20220623.1-3.1ubuntu3.2) ...
shell	Install test-only browser tooling	2026-10-04T15:31:55.4544183Z Selecting previously unselected package libgav1-1:amd64.
shell	Install test-only browser tooling	2026-10-04T15:31:55.4673795Z Preparing to unpack .../103-libgav1-1_0.18.0-1build3_amd64.deb ...
shell	Install test-only browser tooling	2026-10-04T15:31:55.4680497Z Unpacking libgav1-1:amd64 (0.18.0-1build3) ...
shell	Install test-only browser tooling	2026-10-04T15:31:55.4921936Z Selecting previously unselected package libyuv0:amd64.
shell	Install test-only browser tooling	2026-10-04T15:31:55.5050590Z Preparing to unpack .../104-libyuv0_0.0~git202401110.af6ac82-1_amd64.deb ...
shell	Install test-only browser tooling	2026-10-04T15:31:55.5057391Z Unpacking libyuv0:amd64 (0.0~git202401110.af6ac82-1) ...
shell	Install test-only browser tooling	2026-10-04T15:31:55.5281251Z Selecting previously unselected package libavif16:amd64.
shell	Install test-only browser tooling	2026-10-04T15:31:55.5408795Z Preparing to unpack .../105-libavif16_1.0.4-1ubuntu3_amd64.deb ...
shell	Install test-only browser tooling	2026-10-04T15:31:55.5416759Z Unpacking libavif16:amd64 (1.0.4-1ubuntu3) ...
shell	Install test-only browser tooling	2026-10-04T15:31:55.5630285Z Selecting previously unselected package libavtp0:amd64.
shell	Install test-only browser tooling	2026-10-04T15:31:55.5757001Z Preparing to unpack .../106-libavtp0_0.2.0-1build1_amd64.deb ...
shell	Install test-only browser tooling	2026-10-04T15:31:55.5764775Z Unpacking libavtp0:amd64 (0.2.0-1build1) ...
shell	Install test-only browser tooling	2026-10-04T15:31:55.5982089Z Selecting previously unselected package libcairo-script-interpreter2:amd64.
shell	Install test-only browser tooling	2026-10-04T15:31:55.6108900Z Preparing to unpack .../107-libcairo-script-interpreter2_1.18.0-3build1_amd64.deb ...
shell	Install test-only browser tooling	2026-10-04T15:31:55.6115132Z Unpacking libcairo-script-interpreter2:amd64 (1.18.0-3build1) ...
shell	Install test-only browser tooling	2026-10-04T15:31:55.6326587Z Selecting previously unselected package libdc1394-25:amd64.
shell	Install test-only browser tooling	2026-10-04T15:31:55.6453010Z Preparing to unpack .../108-libdc1394-25_2.2.6-4build1_amd64.deb ...
shell	Install test-only browser tooling	2026-10-04T15:31:55.6462251Z Unpacking libdc1394-25:amd64 (2.2.6-4build1) ...
shell	Install test-only browser tooling	2026-10-04T15:31:55.6680050Z Selecting previously unselected package libde265-0:amd64.
shell	Install test-only browser tooling	2026-10-04T15:31:55.6806509Z Preparing to unpack .../109-libde265-0_1.0.15-1ubuntu0.1_amd64.deb ...
shell	Install test-only browser tooling	2026-10-04T15:31:55.6813679Z Unpacking libde265-0:amd64 (1.0.15-1ubuntu0.1) ...
shell	Install test-only browser tooling	2026-10-04T15:31:55.7037299Z Selecting previously unselected package libdecor-0-0:amd64.
shell	Install test-only browser tooling	2026-10-04T15:31:55.7162561Z Preparing to unpack .../110-libdecor-0-0_0.2.2-1build2_amd64.deb ...
shell	Install test-only browser tooling	2026-10-04T15:31:55.7172331Z Unpacking libdecor-0-0:amd64 (0.2.2-1build2) ...
shell	Install test-only browser tooling	2026-10-04T15:31:55.7373684Z Selecting previously unselected package libgles2:amd64.
shell	Install test-only browser tooling	2026-10-04T15:31:55.7498786Z Preparing to unpack .../111-libgles2_1.7.0-1build1_amd64.deb ...
shell	Install test-only browser tooling	2026-10-04T15:31:55.7506014Z Unpacking libgles2:amd64 (1.7.0-1build1) ...
shell	Install test-only browser tooling	2026-10-04T15:31:55.7710259Z Selecting previously unselected package libdirectfb-1.7-7t64:amd64.
shell	Install test-only browser tooling	2026-10-04T15:31:55.7836415Z Preparing to unpack .../112-libdirectfb-1.7-7t64_1.7.7-11.1ubuntu2_amd64.deb ...
shell	Install test-only browser tooling	2026-10-04T15:31:55.7842207Z Unpacking libdirectfb-1.7-7t64:amd64 (1.7.7-11.1ubuntu2) ...
shell	Install test-only browser tooling	2026-10-04T15:31:55.8254050Z Selecting previously unselected package libdvdread8t64:amd64.
shell	Install test-only browser tooling	2026-10-04T15:31:55.8382692Z Preparing to unpack .../113-libdvdread8t64_6.1.3-1.1build1_amd64.deb ...
shell	Install test-only browser tooling	2026-10-04T15:31:55.8389417Z Unpacking libdvdread8t64:amd64 (6.1.3-1.1build1) ...
shell	Install test-only browser tooling	2026-10-04T15:31:55.8615568Z Selecting previously unselected package libdvdnav4:amd64.
shell	Install test-only browser tooling	2026-10-04T15:31:55.8744028Z Preparing to unpack .../114-libdvdnav4_6.1.1-3build1_amd64.deb ...
shell	Install test-only browser tooling	2026-10-04T15:31:55.8751802Z Unpacking libdvdnav4:amd64 (6.1.1-3build1) ...
shell	Install test-only browser tooling	2026-10-04T15:31:55.9101152Z Preparing to unpack .../115-libgl1-mesa-dri_25.2.8-0ubuntu0.24.04.4_amd64.deb ...
shell	Install test-only browser tooling	2026-10-04T15:31:55.9265062Z Unpacking libgl1-mesa-dri:amd64 (25.2.8-0ubuntu0.24.04.4) over (25.2.8-0ubuntu0.24.04.2) ...
shell	Install test-only browser tooling	2026-10-04T15:31:55.9762380Z Preparing to unpack .../116-libglx-mesa0_25.2.8-0ubuntu0.24.04.4_amd64.deb ...
shell	Install test-only browser tooling	2026-10-04T15:31:55.9802788Z Unpacking libglx-mesa0:amd64 (25.2.8-0ubuntu0.24.04.4) over (25.2.8-0ubuntu0.24.04.2) ...
shell	Install test-only browser tooling	2026-10-04T15:31:56.0174899Z Preparing to unpack .../117-libgbm1_25.2.8-0ubuntu0.24.04.4_amd64.deb ...
shell	Install test-only browser tooling	2026-10-04T15:31:56.0199328Z Unpacking libgbm1:amd64 (25.2.8-0ubuntu0.24.04.4) over (25.2.8-0ubuntu0.24.04.2) ...
shell	Install test-only browser tooling	2026-10-04T15:31:56.0573423Z Preparing to unpack .../118-mesa-libgallium_25.2.8-0ubuntu0.24.04.4_amd64.deb ...
shell	Install test-only browser tooling	2026-10-04T15:31:56.0600896Z Unpacking mesa-libgallium:amd64 (25.2.8-0ubuntu0.24.04.4) over (25.2.8-0ubuntu0.24.04.2) ...
shell	Install test-only browser tooling	2026-10-04T15:31:56.2392346Z Selecting previously unselected package libegl-mesa0:amd64.
shell	Install test-only browser tooling	2026-10-04T15:31:56.2525383Z Preparing to unpack .../119-libegl-mesa0_25.2.8-0ubuntu0.24.04.4_amd64.deb ...
shell	Install test-only browser tooling	2026-10-04T15:31:56.2533095Z Unpacking libegl-mesa0:amd64 (25.2.8-0ubuntu0.24.04.4) ...
shell	Install test-only browser tooling	2026-10-04T15:31:56.2770704Z Selecting previously unselected package libevent-2.1-7t64:amd64.
shell	Install test-only browser tooling	2026-10-04T15:31:56.2896990Z Preparing to unpack .../120-libevent-2.1-7t64_2.1.12-stable-9ubuntu2.2_amd64.deb ...
shell	Install test-only browser tooling	2026-10-04T15:31:56.2905325Z Unpacking libevent-2.1-7t64:amd64 (2.1.12-stable-9ubuntu2.2) ...
shell	Install test-only browser tooling	2026-10-04T15:31:56.3258303Z Preparing to unpack .../121-libevent-pthreads-2.1-7t64_2.1.12-stable-9ubuntu2.2_amd64.deb ...
shell	Install test-only browser tooling	2026-10-04T15:31:56.3335003Z Unpacking libevent-pthreads-2.1-7t64:amd64 (2.1.12-stable-9ubuntu2.2) over (2.1.12-stable-9ubuntu2.1) ...
shell	Install test-only browser tooling	2026-10-04T15:31:56.3719570Z Preparing to unpack .../122-libevent-core-2.1-7t64_2.1.12-stable-9ubuntu2.2_amd64.deb ...
shell	Install test-only browser tooling	2026-10-04T15:31:56.3797497Z Unpacking libevent-core-2.1-7t64:amd64 (2.1.12-stable-9ubuntu2.2) over (2.1.12-stable-9ubuntu2.1) ...
shell	Install test-only browser tooling	2026-10-04T15:31:56.4038109Z Selecting previously unselected package libfaad2:amd64.
shell	Install test-only browser tooling	2026-10-04T15:31:56.4167986Z Preparing to unpack .../123-libfaad2_2.11.1-1build1_amd64.deb ...
shell	Install test-only browser tooling	2026-10-04T15:31:56.4175388Z Unpacking libfaad2:amd64 (2.11.1-1build1) ...
shell	Install test-only browser tooling	2026-10-04T15:31:56.4413969Z Selecting previously unselected package libinstpatch-1.0-2:amd64.
shell	Install test-only browser tooling	2026-10-04T15:31:56.4541383Z Preparing to unpack .../124-libinstpatch-1.0-2_1.1.6-1build2_amd64.deb ...
shell	Install test-only browser tooling	2026-10-04T15:31:56.4549241Z Unpacking libinstpatch-1.0-2:amd64 (1.1.6-1build2) ...
shell	Install test-only browser tooling	2026-10-04T15:31:56.4819638Z Selecting previously unselected package libjack-jackd2-0:amd64.
shell	Install test-only browser tooling	2026-10-04T15:31:56.4947601Z Preparing to unpack .../125-libjack-jackd2-0_1.9.21~dfsg-3ubuntu3_amd64.deb ...
shell	Install test-only browser tooling	2026-10-04T15:31:56.4954922Z Unpacking libjack-jackd2-0:amd64 (1.9.21~dfsg-3ubuntu3) ...
shell	Install test-only browser tooling	2026-10-04T15:31:56.5218989Z Selecting previously unselected package libwebrtc-audio-processing1:amd64.
shell	Install test-only browser tooling	2026-10-04T15:31:56.5348182Z Preparing to unpack .../126-libwebrtc-audio-processing1_0.3.1-0ubuntu6_amd64.deb ...
shell	Install test-only browser tooling	2026-10-04T15:31:56.5356748Z Unpacking libwebrtc-audio-processing1:amd64 (0.3.1-0ubuntu6) ...
shell	Install test-only browser tooling	2026-10-04T15:31:56.5589724Z Selecting previously unselected package libspa-0.2-modules:amd64.
shell	Install test-only browser tooling	2026-10-04T15:31:56.5718785Z Preparing to unpack .../127-libspa-0.2-modules_1.0.5-1ubuntu3.3_amd64.deb ...
shell	Install test-only browser tooling	2026-10-04T15:31:56.5726161Z Unpacking libspa-0.2-modules:amd64 (1.0.5-1ubuntu3.3) ...
shell	Install test-only browser tooling	2026-10-04T15:31:56.6058767Z Selecting previously unselected package libpipewire-0.3-0t64:amd64.
shell	Install test-only browser tooling	2026-10-04T15:31:56.6188511Z Preparing to unpack .../128-libpipewire-0.3-0t64_1.0.5-1ubuntu3.3_amd64.deb ...
shell	Install test-only browser tooling	2026-10-04T15:31:56.6196728Z Unpacking libpipewire-0.3-0t64:amd64 (1.0.5-1ubuntu3.3) ...
shell	Install test-only browser tooling	2026-10-04T15:31:56.6444216Z Selecting previously unselected package libsdl2-2.0-0:amd64.
shell	Install test-only browser tooling	2026-10-04T15:31:56.6575258Z Preparing to unpack .../129-libsdl2-2.0-0_2.30.0+dfsg-1ubuntu3.1_amd64.deb ...
shell	Install test-only browser tooling	2026-10-04T15:31:56.6583551Z Unpacking libsdl2-2.0-0:amd64 (2.30.0+dfsg-1ubuntu3.1) ...
shell	Install test-only browser tooling	2026-10-04T15:31:56.6885595Z Selecting previously unselected package timgm6mb-soundfont.
shell	Install test-only browser tooling	2026-10-04T15:31:56.7018168Z Preparing to unpack .../130-timgm6mb-soundfont_1.3-5_all.deb ...
shell	Install test-only browser tooling	2026-10-04T15:31:56.7025090Z Unpacking timgm6mb-soundfont (1.3-5) ...
shell	Install test-only browser tooling	2026-10-04T15:31:57.0440329Z Selecting previously unselected package libfluidsynth3:amd64.
shell	Install test-only browser tooling	2026-10-04T15:31:57.0571116Z Preparing to unpack .../131-libfluidsynth3_2.3.4-1build3_amd64.deb ...
shell	Install test-only browser tooling	2026-10-04T15:31:57.0580687Z Unpacking libfluidsynth3:amd64 (2.3.4-1build3) ...
shell	Install test-only browser tooling	2026-10-04T15:31:57.0831486Z Selecting previously unselected package libfreeaptx0:amd64.
shell	Install test-only browser tooling	2026-10-04T15:31:57.0959610Z Preparing to unpack .../132-libfreeaptx0_0.1.1-2build1_amd64.deb ...
shell	Install test-only browser tooling	2026-10-04T15:31:57.0968070Z Unpacking libfreeaptx0:amd64 (0.1.1-2build1) ...
shell	Install test-only browser tooling	2026-10-04T15:31:57.1190412Z Selecting previously unselected package libgraphene-1.0-0:amd64.
shell	Install test-only browser tooling	2026-10-04T15:31:57.1318678Z Preparing to unpack .../133-libgraphene-1.0-0_1.10.8-3build2_amd64.deb ...
shell	Install test-only browser tooling	2026-10-04T15:31:57.1329557Z Unpacking libgraphene-1.0-0:amd64 (1.10.8-3build2) ...
shell	Install test-only browser tooling	2026-10-04T15:31:57.1538687Z Selecting previously unselected package libgssdp-1.6-0:amd64.
shell	Install test-only browser tooling	2026-10-04T15:31:57.1665954Z Preparing to unpack .../134-libgssdp-1.6-0_1.6.3-1build3_amd64.deb ...
shell	Install test-only browser tooling	2026-10-04T15:31:57.1673712Z Unpacking libgssdp-1.6-0:amd64 (1.6.3-1build3) ...
shell	Install test-only browser tooling	2026-10-04T15:31:57.1880254Z Selecting previously unselected package libegl1:amd64.
shell	Install test-only browser tooling	2026-10-04T15:31:57.2004511Z Preparing to unpack .../135-libegl1_1.7.0-1build1_amd64.deb ...
shell	Install test-only browser tooling	2026-10-04T15:31:57.2011961Z Unpacking libegl1:amd64 (1.7.0-1build1) ...
shell	Install test-only browser tooling	2026-10-04T15:31:57.2224254Z Selecting previously unselected package libgstreamer-gl1.0-0:amd64.
shell	Install test-only browser tooling	2026-10-04T15:31:57.2351511Z Preparing to unpack .../136-libgstreamer-gl1.0-0_1.24.2-1ubuntu0.5_amd64.deb ...
shell	Install test-only browser tooling	2026-10-04T15:31:57.2358789Z Unpacking libgstreamer-gl1.0-0:amd64 (1.24.2-1ubuntu0.5) ...
shell	Install test-only browser tooling	2026-10-04T15:31:57.2585216Z Selecting previously unselected package libgtk-4-common.
shell	Install test-only browser tooling	2026-10-04T15:31:57.2712344Z Preparing to unpack .../137-libgtk-4-common_4.14.5+ds-0ubuntu0.10_all.deb ...
shell	Install test-only browser tooling	2026-10-04T15:31:57.2724223Z Unpacking libgtk-4-common (4.14.5+ds-0ubuntu0.10) ...
shell	Install test-only browser tooling	2026-10-04T15:31:57.3199659Z Selecting previously unselected package libgtk-4-1:amd64.
shell	Install test-only browser tooling	2026-10-04T15:31:57.3327205Z Preparing to unpack .../138-libgtk-4-1_4.14.5+ds-0ubuntu0.10_amd64.deb ...
shell	Install test-only browser tooling	2026-10-04T15:31:57.3334629Z Unpacking libgtk-4-1:amd64 (4.14.5+ds-0ubuntu0.10) ...
shell	Install test-only browser tooling	2026-10-04T15:31:57.3967537Z Selecting previously unselected package libgupnp-1.6-0:amd64.
shell	Install test-only browser tooling	2026-10-04T15:31:57.4096677Z Preparing to unpack .../139-libgupnp-1.6-0_1.6.6-1build3_amd64.deb ...
shell	Install test-only browser tooling	2026-10-04T15:31:57.4107750Z Unpacking libgupnp-1.6-0:amd64 (1.6.6-1build3) ...
shell	Install test-only browser tooling	2026-10-04T15:31:57.4321872Z Selecting previously unselected package libgupnp-igd-1.6-0:amd64.
shell	Install test-only browser tooling	2026-10-04T15:31:57.4447899Z Preparing to unpack .../140-libgupnp-igd-1.6-0_1.6.0-3build3_amd64.deb ...
shell	Install test-only browser tooling	2026-10-04T15:31:57.4455431Z Unpacking libgupnp-igd-1.6-0:amd64 (1.6.0-3build3) ...
shell	Install test-only browser tooling	2026-10-04T15:31:57.4657352Z Selecting previously unselected package libharfbuzz-icu0:amd64.
shell	Install test-only browser tooling	2026-10-04T15:31:57.4785082Z Preparing to unpack .../141-libharfbuzz-icu0_8.3.0-2build2_amd64.deb ...
shell	Install test-only browser tooling	2026-10-04T15:31:57.4792162Z Unpacking libharfbuzz-icu0:amd64 (8.3.0-2build2) ...
shell	Install test-only browser tooling	2026-10-04T15:31:57.4990419Z Selecting previously unselected package libhyphen0:amd64.
shell	Install test-only browser tooling	2026-10-04T15:31:57.5118808Z Preparing to unpack .../142-libhyphen0_2.8.8-7build3_amd64.deb ...
shell	Install test-only browser tooling	2026-10-04T15:31:57.5125782Z Unpacking libhyphen0:amd64 (2.8.8-7build3) ...
shell	Install test-only browser tooling	2026-10-04T15:31:57.5333531Z Selecting previously unselected package libimath-3-1-29t64:amd64.
shell	Install test-only browser tooling	2026-10-04T15:31:57.5463492Z Preparing to unpack .../143-libimath-3-1-29t64_3.1.9-3.1ubuntu2_amd64.deb ...
shell	Install test-only browser tooling	2026-10-04T15:31:57.5471115Z Unpacking libimath-3-1-29t64:amd64 (3.1.9-3.1ubuntu2) ...
shell	Install test-only browser tooling	2026-10-04T15:31:57.5710726Z Selecting previously unselected package liblc3-1:amd64.
shell	Install test-only browser tooling	2026-10-04T15:31:57.5845952Z Preparing to unpack .../144-liblc3-1_1.0.4-3build1_amd64.deb ...
shell	Install test-only browser tooling	2026-10-04T15:31:57.5853819Z Unpacking liblc3-1:amd64 (1.0.4-3build1) ...
shell	Install test-only browser tooling	2026-10-04T15:31:57.6077922Z Selecting previously unselected package libldacbt-enc2:amd64.
shell	Install test-only browser tooling	2026-10-04T15:31:57.6208014Z Preparing to unpack .../145-libldacbt-enc2_2.0.2.3+git20200429+ed310a0-4ubuntu2_amd64.deb ...
shell	Install test-only browser tooling	2026-10-04T15:31:57.6217101Z Unpacking libldacbt-enc2:amd64 (2.0.2.3+git20200429+ed310a0-4ubuntu2) ...
shell	Install test-only browser tooling	2026-10-04T15:31:57.6442581Z Selecting previously unselected package libraptor2-0:amd64.
shell	Install test-only browser tooling	2026-10-04T15:31:57.6576311Z Preparing to unpack .../146-libraptor2-0_2.0.16-3ubuntu0.1_amd64.deb ...
shell	Install test-only browser tooling	2026-10-04T15:31:57.6583926Z Unpacking libraptor2-0:amd64 (2.0.16-3ubuntu0.1) ...
shell	Install test-only browser tooling	2026-10-04T15:31:57.6821866Z Selecting previously unselected package liblrdf0:amd64.
shell	Install test-only browser tooling	2026-10-04T15:31:57.6953818Z Preparing to unpack .../147-liblrdf0_0.6.1-4build1_amd64.deb ...
shell	Install test-only browser tooling	2026-10-04T15:31:57.6961672Z Unpacking liblrdf0:amd64 (0.6.1-4build1) ...
shell	Install test-only browser tooling	2026-10-04T15:31:57.7183593Z Selecting previously unselected package libltc11:amd64.
shell	Install test-only browser tooling	2026-10-04T15:31:57.7314687Z Preparing to unpack .../148-libltc11_1.3.2-1build1_amd64.deb ...
shell	Install test-only browser tooling	2026-10-04T15:31:57.7322651Z Unpacking libltc11:amd64 (1.3.2-1build1) ...
shell	Install test-only browser tooling	2026-10-04T15:31:57.7537494Z Selecting previously unselected package libmanette-0.2-0:amd64.
shell	Install test-only browser tooling	2026-10-04T15:31:57.7668133Z Preparing to unpack .../149-libmanette-0.2-0_0.2.7-1build2_amd64.deb ...
shell	Install test-only browser tooling	2026-10-04T15:31:57.7676936Z Unpacking libmanette-0.2-0:amd64 (0.2.7-1build2) ...
shell	Install test-only browser tooling	2026-10-04T15:31:57.7890871Z Selecting previously unselected package libmfx1:amd64.
shell	Install test-only browser tooling	2026-10-04T15:31:57.8019349Z Preparing to unpack .../150-libmfx1_22.5.4-1_amd64.deb ...
shell	Install test-only browser tooling	2026-10-04T15:31:57.8026679Z Unpacking libmfx1:amd64 (22.5.4-1) ...
shell	Install test-only browser tooling	2026-10-04T15:31:57.8950640Z Selecting previously unselected package libmjpegutils-2.1-0t64:amd64.
shell	Install test-only browser tooling	2026-10-04T15:31:57.9080478Z Preparing to unpack .../151-libmjpegutils-2.1-0t64_1%3a2.1.0+debian-8.1build1_amd64.deb ...
shell	Install test-only browser tooling	2026-10-04T15:31:57.9087983Z Unpacking libmjpegutils-2.1-0t64:amd64 (1:2.1.0+debian-8.1build1) ...
shell	Install test-only browser tooling	2026-10-04T15:31:57.9300754Z Selecting previously unselected package libmodplug1:amd64.
shell	Install test-only browser tooling	2026-10-04T15:31:57.9428454Z Preparing to unpack .../152-libmodplug1_1%3a0.8.9.0-3build1_amd64.deb ...
shell	Install test-only browser tooling	2026-10-04T15:31:57.9435912Z Unpacking libmodplug1:amd64 (1:0.8.9.0-3build1) ...
shell	Install test-only browser tooling	2026-10-04T15:31:57.9655743Z Selecting previously unselected package libmpcdec6:amd64.
shell	Install test-only browser tooling	2026-10-04T15:31:57.9781708Z Preparing to unpack .../153-libmpcdec6_2%3a0.1~r495-2build1_amd64.deb ...
shell	Install test-only browser tooling	2026-10-04T15:31:57.9788456Z Unpacking libmpcdec6:amd64 (2:0.1~r495-2build1) ...
shell	Install test-only browser tooling	2026-10-04T15:31:58.0000401Z Selecting previously unselected package libmpeg2encpp-2.1-0t64:amd64.
shell	Install test-only browser tooling	2026-10-04T15:31:58.0127937Z Preparing to unpack .../154-libmpeg2encpp-2.1-0t64_1%3a2.1.0+debian-8.1build1_amd64.deb ...
shell	Install test-only browser tooling	2026-10-04T15:31:58.0137019Z Unpacking libmpeg2encpp-2.1-0t64:amd64 (1:2.1.0+debian-8.1build1) ...
shell	Install test-only browser tooling	2026-10-04T15:31:58.0354150Z Selecting previously unselected package libmplex2-2.1-0t64:amd64.
shell	Install test-only browser tooling	2026-10-04T15:31:58.0483519Z Preparing to unpack .../155-libmplex2-2.1-0t64_1%3a2.1.0+debian-8.1build1_amd64.deb ...
shell	Install test-only browser tooling	2026-10-04T15:31:58.0493118Z Unpacking libmplex2-2.1-0t64:amd64 (1:2.1.0+debian-8.1build1) ...
shell	Install test-only browser tooling	2026-10-04T15:31:58.0705427Z Selecting previously unselected package libneon27t64:amd64.
shell	Install test-only browser tooling	2026-10-04T15:31:58.0833822Z Preparing to unpack .../156-libneon27t64_0.33.0-1.1build3_amd64.deb ...
shell	Install test-only browser tooling	2026-10-04T15:31:58.0845422Z Unpacking libneon27t64:amd64 (0.33.0-1.1build3) ...
shell	Install test-only browser tooling	2026-10-04T15:31:58.1079694Z Selecting previously unselected package libnice10:amd64.
shell	Install test-only browser tooling	2026-10-04T15:31:58.1207947Z Preparing to unpack .../157-libnice10_0.1.21-2build3_amd64.deb ...
shell	Install test-only browser tooling	2026-10-04T15:31:58.1216755Z Unpacking libnice10:amd64 (0.1.21-2build3) ...
shell	Install test-only browser tooling	2026-10-04T15:31:58.1440318Z Selecting previously unselected package libopenal-data.
shell	Install test-only browser tooling	2026-10-04T15:31:58.1569698Z Preparing to unpack .../158-libopenal-data_1%3a1.23.1-4build1_all.deb ...
shell	Install test-only browser tooling	2026-10-04T15:31:58.1582453Z Unpacking libopenal-data (1:1.23.1-4build1) ...
shell	Install test-only browser tooling	2026-10-04T15:31:58.2049759Z Selecting previously unselected package libopenexr-3-1-30:amd64.
shell	Install test-only browser tooling	2026-10-04T15:31:58.2178202Z Preparing to unpack .../159-libopenexr-3-1-30_3.1.5-5.1build3_amd64.deb ...
shell	Install test-only browser tooling	2026-10-04T15:31:58.2185576Z Unpacking libopenexr-3-1-30:amd64 (3.1.5-5.1build3) ...
shell	Install test-only browser tooling	2026-10-04T15:31:58.2569365Z Selecting previously unselected package libopenh264-7:amd64.
shell	Install test-only browser tooling	2026-10-04T15:31:58.2698386Z Preparing to unpack .../160-libopenh264-7_2.4.1+dfsg-1_amd64.deb ...
shell	Install test-only browser tooling	2026-10-04T15:31:58.2706268Z Unpacking libopenh264-7:amd64 (2.4.1+dfsg-1) ...
shell	Install test-only browser tooling	2026-10-04T15:31:58.2973237Z Selecting previously unselected package libopenni2-0:amd64.
shell	Install test-only browser tooling	2026-10-04T15:31:58.3100606Z Preparing to unpack .../161-libopenni2-0_2.2.0.33+dfsg-18_amd64.deb ...
shell	Install test-only browser tooling	2026-10-04T15:31:58.3135475Z Unpacking libopenni2-0:amd64 (2.2.0.33+dfsg-18) ...
shell	Install test-only browser tooling	2026-10-04T15:31:58.3407842Z Selecting previously unselected package libqrencode4:amd64.
shell	Install test-only browser tooling	2026-10-04T15:31:58.3537957Z Preparing to unpack .../162-libqrencode4_4.1.1-1build2_amd64.deb ...
shell	Install test-only browser tooling	2026-10-04T15:31:58.3547859Z Unpacking libqrencode4:amd64 (4.1.1-1build2) ...
shell	Install test-only browser tooling	2026-10-04T15:31:58.3751931Z Selecting previously unselected package libsecret-common.
shell	Install test-only browser tooling	2026-10-04T15:31:58.3880293Z Preparing to unpack .../163-libsecret-common_0.21.4-1build3_all.deb ...
shell	Install test-only browser tooling	2026-10-04T15:31:58.3892512Z Unpacking libsecret-common (0.21.4-1build3) ...
shell	Install test-only browser tooling	2026-10-04T15:31:58.4100485Z Selecting previously unselected package libsecret-1-0:amd64.
shell	Install test-only browser tooling	2026-10-04T15:31:58.4228111Z Preparing to unpack .../164-libsecret-1-0_0.21.4-1build3_amd64.deb ...
shell	Install test-only browser tooling	2026-10-04T15:31:58.4236071Z Unpacking libsecret-1-0:amd64 (0.21.4-1build3) ...
shell	Install test-only browser tooling	2026-10-04T15:31:58.4475409Z Selecting previously unselected package libsndio7.0:amd64.
shell	Install test-only browser tooling	2026-10-04T15:31:58.4606231Z Preparing to unpack .../165-libsndio7.0_1.9.0-0.3build3_amd64.deb ...
shell	Install test-only browser tooling	2026-10-04T15:31:58.4614610Z Unpacking libsndio7.0:amd64 (1.9.0-0.3build3) ...
shell	Install test-only browser tooling	2026-10-04T15:31:58.4828443Z Selecting previously unselected package libsoundtouch1:amd64.
shell	Install test-only browser tooling	2026-10-04T15:31:58.4956675Z Preparing to unpack .../166-libsoundtouch1_2.3.2+ds1-1build1_amd64.deb ...
shell	Install test-only browser tooling	2026-10-04T15:31:58.4964666Z Unpacking libsoundtouch1:amd64 (2.3.2+ds1-1build1) ...
shell	Install test-only browser tooling	2026-10-04T15:31:58.5190240Z Selecting previously unselected package libspandsp2t64:amd64.
shell	Install test-only browser tooling	2026-10-04T15:31:58.5317110Z Preparing to unpack .../167-libspandsp2t64_0.0.6+dfsg-2.1build1_amd64.deb ...
shell	Install test-only browser tooling	2026-10-04T15:31:58.5325276Z Unpacking libspandsp2t64:amd64 (0.0.6+dfsg-2.1build1) ...
shell	Install test-only browser tooling	2026-10-04T15:31:58.5568501Z Selecting previously unselected package libsrtp2-1:amd64.
shell	Install test-only browser tooling	2026-10-04T15:31:58.5696537Z Preparing to unpack .../168-libsrtp2-1_2.5.0-3build1_amd64.deb ...
shell	Install test-only browser tooling	2026-10-04T15:31:58.5715098Z Unpacking libsrtp2-1:amd64 (2.5.0-3build1) ...
shell	Install test-only browser tooling	2026-10-04T15:31:58.5923546Z Selecting previously unselected package libwayland-server0:amd64.
shell	Install test-only browser tooling	2026-10-04T15:31:58.6049618Z Preparing to unpack .../169-libwayland-server0_1.22.0-2.1build1_amd64.deb ...
shell	Install test-only browser tooling	2026-10-04T15:31:58.6056956Z Unpacking libwayland-server0:amd64 (1.22.0-2.1build1) ...
shell	Install test-only browser tooling	2026-10-04T15:31:58.6262128Z Selecting previously unselected package libwildmidi2:amd64.
shell	Install test-only browser tooling	2026-10-04T15:31:58.6389809Z Preparing to unpack .../170-libwildmidi2_0.4.3-1build3_amd64.deb ...
shell	Install test-only browser tooling	2026-10-04T15:31:58.6397632Z Unpacking libwildmidi2:amd64 (0.4.3-1build3) ...
shell	Install test-only browser tooling	2026-10-04T15:31:58.6616257Z Selecting previously unselected package libwoff1:amd64.
shell	Install test-only browser tooling	2026-10-04T15:31:58.6743845Z Preparing to unpack .../171-libwoff1_1.0.2-2build1_amd64.deb ...
shell	Install test-only browser tooling	2026-10-04T15:31:58.6751104Z Unpacking libwoff1:amd64 (1.0.2-2build1) ...
shell	Install test-only browser tooling	2026-10-04T15:31:58.6977390Z Selecting previously unselected package libxcb-xkb1:amd64.
shell	Install test-only browser tooling	2026-10-04T15:31:58.7103097Z Preparing to unpack .../172-libxcb-xkb1_1.15-1ubuntu2_amd64.deb ...
shell	Install test-only browser tooling	2026-10-04T15:31:58.7109704Z Unpacking libxcb-xkb1:amd64 (1.15-1ubuntu2) ...
shell	Install test-only browser tooling	2026-10-04T15:31:58.7315859Z Selecting previously unselected package libxkbcommon-x11-0:amd64.
shell	Install test-only browser tooling	2026-10-04T15:31:58.7440718Z Preparing to unpack .../173-libxkbcommon-x11-0_1.6.0-1build1_amd64.deb ...
shell	Install test-only browser tooling	2026-10-04T15:31:58.7448132Z Unpacking libxkbcommon-x11-0:amd64 (1.6.0-1build1) ...
shell	Install test-only browser tooling	2026-10-04T15:31:58.7656491Z Selecting previously unselected package libzbar0t64:amd64.
shell	Install test-only browser tooling	2026-10-04T15:31:58.7782072Z Preparing to unpack .../174-libzbar0t64_0.23.93-4build3_amd64.deb ...
shell	Install test-only browser tooling	2026-10-04T15:31:58.7789011Z Unpacking libzbar0t64:amd64 (0.23.93-4build3) ...
shell	Install test-only browser tooling	2026-10-04T15:31:58.8009890Z Selecting previously unselected package libzxing3:amd64.
shell	Install test-only browser tooling	2026-10-04T15:31:58.8136350Z Preparing to unpack .../175-libzxing3_2.2.1-3_amd64.deb ...
shell	Install test-only browser tooling	2026-10-04T15:31:58.8143667Z Unpacking libzxing3:amd64 (2.2.1-3) ...
shell	Install test-only browser tooling	2026-10-04T15:31:58.8406481Z Selecting previously unselected package xfonts-encodings.
shell	Install test-only browser tooling	2026-10-04T15:31:58.8533496Z Preparing to unpack .../176-xfonts-encodings_1%3a1.0.5-0ubuntu2_all.deb ...
shell	Install test-only browser tooling	2026-10-04T15:31:58.8539996Z Unpacking xfonts-encodings (1:1.0.5-0ubuntu2) ...
shell	Install test-only browser tooling	2026-10-04T15:31:58.8832524Z Selecting previously unselected package xfonts-utils.
shell	Install test-only browser tooling	2026-10-04T15:31:58.8958817Z Preparing to unpack .../177-xfonts-utils_1%3a7.7+6build3_amd64.deb ...
shell	Install test-only browser tooling	2026-10-04T15:31:58.8965675Z Unpacking xfonts-utils (1:7.7+6build3) ...
shell	Install test-only browser tooling	2026-10-04T15:31:58.9324466Z Selecting previously unselected package xfonts-cyrillic.
shell	Install test-only browser tooling	2026-10-04T15:31:58.9451644Z Preparing to unpack .../178-xfonts-cyrillic_1%3a1.0.5+nmu1_all.deb ...
shell	Install test-only browser tooling	2026-10-04T15:31:58.9458539Z Unpacking xfonts-cyrillic (1:1.0.5+nmu1) ...
shell	Install test-only browser tooling	2026-10-04T15:31:58.9811184Z Selecting previously unselected package xfonts-scalable.
shell	Install test-only browser tooling	2026-10-04T15:31:58.9939857Z Preparing to unpack .../179-xfonts-scalable_1%3a1.0.3-1.3_all.deb ...
shell	Install test-only browser tooling	2026-10-04T15:31:58.9946492Z Unpacking xfonts-scalable (1:1.0.3-1.3) ...
shell	Install test-only browser tooling	2026-10-04T15:31:59.0195387Z Selecting previously unselected package libgstreamer-plugins-bad1.0-0:amd64.
shell	Install test-only browser tooling	2026-10-04T15:31:59.0325802Z Preparing to unpack .../180-libgstreamer-plugins-bad1.0-0_1.24.2-1ubuntu4_amd64.deb ...
shell	Install test-only browser tooling	2026-10-04T15:31:59.0332420Z Unpacking libgstreamer-plugins-bad1.0-0:amd64 (1.24.2-1ubuntu4) ...
shell	Install test-only browser tooling	2026-10-04T15:31:59.0720748Z Selecting previously unselected package libdca0:amd64.
shell	Install test-only browser tooling	2026-10-04T15:31:59.0848327Z Preparing to unpack .../181-libdca0_0.0.7-2build1_amd64.deb ...
shell	Install test-only browser tooling	2026-10-04T15:31:59.0857701Z Unpacking libdca0:amd64 (0.0.7-2build1) ...
shell	Install test-only browser tooling	2026-10-04T15:31:59.1087917Z Selecting previously unselected package libopenal1:amd64.
shell	Install test-only browser tooling	2026-10-04T15:31:59.1215434Z Preparing to unpack .../182-libopenal1_1%3a1.23.1-4build1_amd64.deb ...
shell	Install test-only browser tooling	2026-10-04T15:31:59.1224206Z Unpacking libopenal1:amd64 (1:1.23.1-4build1) ...
shell	Install test-only browser tooling	2026-10-04T15:31:59.1490179Z Selecting previously unselected package libsbc1:amd64.
shell	Install test-only browser tooling	2026-10-04T15:31:59.1641400Z Preparing to unpack .../183-libsbc1_2.0-1build1_amd64.deb ...
shell	Install test-only browser tooling	2026-10-04T15:31:59.1678936Z Unpacking libsbc1:amd64 (2.0-1build1) ...
shell	Install test-only browser tooling	2026-10-04T15:31:59.1890605Z Selecting previously unselected package libvo-aacenc0:amd64.
shell	Install test-only browser tooling	2026-10-04T15:31:59.2017816Z Preparing to unpack .../184-libvo-aacenc0_0.1.3-2build1_amd64.deb ...
shell	Install test-only browser tooling	2026-10-04T15:31:59.2024926Z Unpacking libvo-aacenc0:amd64 (0.1.3-2build1) ...
shell	Install test-only browser tooling	2026-10-04T15:31:59.2234244Z Selecting previously unselected package libvo-amrwbenc0:amd64.
shell	Install test-only browser tooling	2026-10-04T15:31:59.2363462Z Preparing to unpack .../185-libvo-amrwbenc0_0.1.3-2build1_amd64.deb ...
shell	Install test-only browser tooling	2026-10-04T15:31:59.2370919Z Unpacking libvo-amrwbenc0:amd64 (0.1.3-2build1) ...
shell	Install test-only browser tooling	2026-10-04T15:31:59.2577697Z Selecting previously unselected package gstreamer1.0-plugins-bad:amd64.
shell	Install test-only browser tooling	2026-10-04T15:31:59.2704567Z Preparing to unpack .../186-gstreamer1.0-plugins-bad_1.24.2-1ubuntu4_amd64.deb ...
shell	Install test-only browser tooling	2026-10-04T15:31:59.2710423Z Unpacking gstreamer1.0-plugins-bad:amd64 (1.24.2-1ubuntu4) ...
shell	Install test-only browser tooling	2026-10-04T15:31:59.4112592Z Setting up libgme0:amd64 (0.6.3-7build1) ...
shell	Install test-only browser tooling	2026-10-04T15:31:59.4134741Z Setting up libchromaprint1:amd64 (1.5.1-5) ...
shell	Install test-only browser tooling	2026-10-04T15:31:59.4151373Z Setting up libssh-gcrypt-4:amd64 (0.10.6-2ubuntu0.5) ...
shell	Install test-only browser tooling	2026-10-04T15:31:59.4167937Z Setting up libhwy1t64:amd64 (1.0.7-8.1build1) ...
shell	Install test-only browser tooling	2026-10-04T15:31:59.4185526Z Setting up libcairo-script-interpreter2:amd64 (1.18.0-3build1) ...
shell	Install test-only browser tooling	2026-10-04T15:31:59.4202065Z Setting up libfreeaptx0:amd64 (0.1.1-2build1) ...
shell	Install test-only browser tooling	2026-10-04T15:31:59.4219311Z Setting up libdvdread8t64:amd64 (6.1.3-1.1build1) ...
shell	Install test-only browser tooling	2026-10-04T15:31:59.4237756Z Setting up libudfread0:amd64 (1.1.2-1build1) ...
shell	Install test-only browser tooling	2026-10-04T15:31:59.4256327Z Setting up libmodplug1:amd64 (1:0.8.9.0-3build1) ...
shell	Install test-only browser tooling	2026-10-04T15:31:59.4277660Z Setting up libcdparanoia0:amd64 (3.10.2+debian-14build3) ...
shell	Install test-only browser tooling	2026-10-04T15:31:59.4295029Z Setting up libwayland-server0:amd64 (1.22.0-2.1build1) ...
shell	Install test-only browser tooling	2026-10-04T15:31:59.4312862Z Setting up libvo-amrwbenc0:amd64 (0.1.3-2build1) ...
shell	Install test-only browser tooling	2026-10-04T15:31:59.4330866Z Setting up mesa-libgallium:amd64 (25.2.8-0ubuntu0.24.04.4) ...
shell	Install test-only browser tooling	2026-10-04T15:31:59.4349515Z Setting up session-migration (0.3.9build1) ...
shell	Install test-only browser tooling	2026-10-04T15:31:59.5659842Z Created symlink /etc/systemd/user/graphical-session-pre.target.wants/session-migration.service → /usr/lib/systemd/user/session-migration.service.
shell	Install test-only browser tooling	2026-10-04T15:31:59.5660875Z 
shell	Install test-only browser tooling	2026-10-04T15:31:59.5687430Z Setting up libraw1394-11:amd64 (2.1.2-2build3) ...
shell	Install test-only browser tooling	2026-10-04T15:31:59.5737083Z Setting up libsbc1:amd64 (2.0-1build1) ...
shell	Install test-only browser tooling	2026-10-04T15:31:59.5755257Z Setting up libproxy1v5:amd64 (0.5.4-4build1) ...
shell	Install test-only browser tooling	2026-10-04T15:31:59.5774816Z Setting up libneon27t64:amd64 (0.33.0-1.1build3) ...
shell	Install test-only browser tooling	2026-10-04T15:31:59.5792749Z Setting up libtag1v5-vanilla:amd64 (1.13.1-1build1) ...
shell	Install test-only browser tooling	2026-10-04T15:31:59.5811524Z Setting up libharfbuzz-icu0:amd64 (8.3.0-2build2) ...
shell	Install test-only browser tooling	2026-10-04T15:31:59.5829646Z Setting up libopenni2-0:amd64 (2.2.0.33+dfsg-18) ...
shell	Install test-only browser tooling	2026-10-04T15:31:59.6000029Z Setting up libspeex1:amd64 (1.2.1-2ubuntu2.24.04.1) ...
shell	Install test-only browser tooling	2026-10-04T15:31:59.6019264Z Setting up libshine3:amd64 (3.1.1-2build1) ...
shell	Install test-only browser tooling	2026-10-04T15:31:59.6038096Z Setting up libcaca0:amd64 (0.99.beta20-4ubuntu0.2) ...
shell	Install test-only browser tooling	2026-10-04T15:31:59.6054812Z Setting up libvpl2 (2023.3.0-1build1) ...
shell	Install test-only browser tooling	2026-10-04T15:31:59.6072541Z Setting up libv4lconvert0t64:amd64 (1.26.1-4build3) ...
shell	Install test-only browser tooling	2026-10-04T15:31:59.6089482Z Setting up libx264-164:amd64 (2:0.164.3108+git31e19f9-1) ...
shell	Install test-only browser tooling	2026-10-04T15:31:59.6107226Z Setting up libtwolame0:amd64 (0.4.0-2build3) ...
shell	Install test-only browser tooling	2026-10-04T15:31:59.6123294Z Setting up libmbedcrypto7t64:amd64 (2.28.8-1) ...
shell	Install test-only browser tooling	2026-10-04T15:31:59.6139855Z Setting up libwoff1:amd64 (1.0.2-2build1) ...
shell	Install test-only browser tooling	2026-10-04T15:31:59.6156681Z Setting up liblc3-1:amd64 (1.0.4-3build1) ...
shell	Install test-only browser tooling	2026-10-04T15:31:59.6179570Z Setting up libqrencode4:amd64 (4.1.1-1build2) ...
shell	Install test-only browser tooling	2026-10-04T15:31:59.6196829Z Setting up libhyphen0:amd64 (2.8.8-7build3) ...
shell	Install test-only browser tooling	2026-10-04T15:31:59.6214690Z Setting up libgbm1:amd64 (25.2.8-0ubuntu0.24.04.4) ...
shell	Install test-only browser tooling	2026-10-04T15:31:59.6231366Z Setting up libgsm1:amd64 (1.0.22-1build1) ...
shell	Install test-only browser tooling	2026-10-04T15:31:59.6248345Z Setting up libvisual-0.4-0:amd64 (0.4.2-2build1) ...
shell	Install test-only browser tooling	2026-10-04T15:31:59.6265357Z Setting up libsoxr0:amd64 (0.1.3-4build3) ...
shell	Install test-only browser tooling	2026-10-04T15:31:59.6282986Z Setting up libzix-0-0:amd64 (0.4.2-2build1) ...
shell	Install test-only browser tooling	2026-10-04T15:31:59.6299725Z Setting up libcodec2-1.2:amd64 (1.2.0-2build1) ...
shell	Install test-only browser tooling	2026-10-04T15:31:59.6317276Z Setting up libmanette-0.2-0:amd64 (0.2.7-1build2) ...
shell	Install test-only browser tooling	2026-10-04T15:31:59.6337460Z Setting up libsrtp2-1:amd64 (2.5.0-3build1) ...
shell	Install test-only browser tooling	2026-10-04T15:31:59.6355963Z Setting up libgl1-mesa-dri:amd64 (25.2.8-0ubuntu0.24.04.4) ...
shell	Install test-only browser tooling	2026-10-04T15:31:59.6432116Z Setting up libmysofa1:amd64 (1.3.2+dfsg-2ubuntu2) ...
shell	Install test-only browser tooling	2026-10-04T15:31:59.6449928Z Setting up libraptor2-0:amd64 (2.0.16-3ubuntu0.1) ...
shell	Install test-only browser tooling	2026-10-04T15:31:59.6468242Z Setting up libldacbt-enc2:amd64 (2.0.2.3+git20200429+ed310a0-4ubuntu2) ...
shell	Install test-only browser tooling	2026-10-04T15:31:59.6486171Z Setting up fonts-wqy-zenhei (0.9.45-8) ...
shell	Install test-only browser tooling	2026-10-04T15:31:59.6598001Z Setting up libwebrtc-audio-processing1:amd64 (0.3.1-0ubuntu6) ...
shell	Install test-only browser tooling	2026-10-04T15:31:59.6615368Z Setting up fonts-freefont-ttf (20211204+svn4273-2) ...
shell	Install test-only browser tooling	2026-10-04T15:31:59.6632920Z Setting up libevent-2.1-7t64:amd64 (2.1.12-stable-9ubuntu2.2) ...
shell	Install test-only browser tooling	2026-10-04T15:31:59.6654864Z Setting up libsvtav1enc1d1:amd64 (1.7.0+dfsg-2build1) ...
shell	Install test-only browser tooling	2026-10-04T15:31:59.6672798Z Setting up libsoup-3.0-common (3.4.4-5ubuntu0.8) ...
shell	Install test-only browser tooling	2026-10-04T15:31:59.6690106Z Setting up libmpg123-0t64:amd64 (1.32.5-1ubuntu1.1) ...
shell	Install test-only browser tooling	2026-10-04T15:31:59.6707440Z Setting up libcjson1:amd64 (1.7.17-1) ...
shell	Install test-only browser tooling	2026-10-04T15:31:59.6724908Z Setting up libxvidcore4:amd64 (2:1.3.7-1build1) ...
shell	Install test-only browser tooling	2026-10-04T15:31:59.6743937Z Setting up libmpcdec6:amd64 (2:0.1~r495-2build1) ...
shell	Install test-only browser tooling	2026-10-04T15:31:59.6762821Z Setting up libmjpegutils-2.1-0t64:amd64 (1:2.1.0+debian-8.1build1) ...
shell	Install test-only browser tooling	2026-10-04T15:31:59.6780314Z Setting up librav1e0:amd64 (0.7.1-2) ...
shell	Install test-only browser tooling	2026-10-04T15:31:59.6802722Z Setting up liborc-0.4-0t64:amd64 (1:0.4.38-1ubuntu0.1) ...
shell	Install test-only browser tooling	2026-10-04T15:31:59.6849928Z Setting up libxcb-xkb1:amd64 (1.15-1ubuntu2) ...
shell	Install test-only browser tooling	2026-10-04T15:31:59.6868122Z Setting up libvo-aacenc0:amd64 (0.1.3-2build1) ...
shell	Install test-only browser tooling	2026-10-04T15:31:59.6886787Z Setting up librist4:amd64 (0.2.10+dfsg-2) ...
shell	Install test-only browser tooling	2026-10-04T15:31:59.6905193Z Setting up librsvg2-2:amd64 (2.58.0+dfsg-1build1) ...
shell	Install test-only browser tooling	2026-10-04T15:31:59.6923777Z Setting up libblas3:amd64 (3.12.0-3build1.1) ...
shell	Install test-only browser tooling	2026-10-04T15:31:59.6983960Z update-alternatives: using /usr/lib/x86_64-linux-gnu/blas/libblas.so.3 to provide /usr/lib/x86_64-linux-gnu/libblas.so.3 (libblas.so.3-x86_64-linux-gnu) in auto mode
shell	Install test-only browser tooling	2026-10-04T15:31:59.6998909Z Setting up libegl-mesa0:amd64 (25.2.8-0ubuntu0.24.04.4) ...
shell	Install test-only browser tooling	2026-10-04T15:31:59.7017727Z Setting up libsoundtouch1:amd64 (2.3.2+ds1-1build1) ...
shell	Install test-only browser tooling	2026-10-04T15:31:59.7035456Z Setting up libplacebo338:amd64 (6.338.2-2build1) ...
shell	Install test-only browser tooling	2026-10-04T15:31:59.7052372Z Setting up libgles2:amd64 (1.7.0-1build1) ...
shell	Install test-only browser tooling	2026-10-04T15:31:59.7069624Z Setting up fonts-tlwg-loma-otf (1:0.7.3-1) ...
shell	Install test-only browser tooling	2026-10-04T15:31:59.7087052Z Setting up libva2:amd64 (2.20.0-2ubuntu0.2) ...
shell	Install test-only browser tooling	2026-10-04T15:31:59.7104935Z Setting up libspa-0.2-modules:amd64 (1.0.5-1ubuntu3.3) ...
shell	Install test-only browser tooling	2026-10-04T15:31:59.7126772Z Setting up libzxing3:amd64 (2.2.1-3) ...
shell	Install test-only browser tooling	2026-10-04T15:31:59.7146092Z Setting up xfonts-encodings (1:1.0.5-0ubuntu2) ...
shell	Install test-only browser tooling	2026-10-04T15:31:59.7163239Z Setting up libopus0:amd64 (1.4-1build1) ...
shell	Install test-only browser tooling	2026-10-04T15:31:59.7181485Z Setting up libfaad2:amd64 (2.11.1-1build1) ...
shell	Install test-only browser tooling	2026-10-04T15:31:59.7200272Z Setting up libxkbcommon-x11-0:amd64 (1.6.0-1build1) ...
shell	Install test-only browser tooling	2026-10-04T15:31:59.7216649Z Setting up libdc1394-25:amd64 (2.2.6-4build1) ...
shell	Install test-only browser tooling	2026-10-04T15:31:59.7234069Z Setting up libimath-3-1-29t64:amd64 (3.1.9-3.1ubuntu2) ...
shell	Install test-only browser tooling	2026-10-04T15:31:59.7250782Z Setting up libunibreak5:amd64 (5.1-2build1) ...
shell	Install test-only browser tooling	2026-10-04T15:31:59.7267689Z Setting up libdv4t64:amd64 (1.0.0-17.1build1) ...
shell	Install test-only browser tooling	2026-10-04T15:31:59.7288923Z Setting up libjxl0.7:amd64 (0.7.0-10.2ubuntu6.1) ...
shell	Install test-only browser tooling	2026-10-04T15:31:59.7306738Z Setting up libopenh264-7:amd64 (2.4.1+dfsg-1) ...
shell	Install test-only browser tooling	2026-10-04T15:31:59.7324886Z Setting up libltc11:amd64 (1.3.2-1build1) ...
shell	Install test-only browser tooling	2026-10-04T15:31:59.7344915Z Setting up libx265-199:amd64 (3.5-2build1) ...
shell	Install test-only browser tooling	2026-10-04T15:31:59.7614614Z Setting up libv4l-0t64:amd64 (1.26.1-4build3) ...
shell	Install test-only browser tooling	2026-10-04T15:31:59.7632353Z Setting up libavtp0:amd64 (0.2.0-1build1) ...
shell	Install test-only browser tooling	2026-10-04T15:31:59.7649940Z Setting up libsndio7.0:amd64 (1.9.0-0.3build3) ...
shell	Install test-only browser tooling	2026-10-04T15:31:59.7667794Z Setting up libdirectfb-1.7-7t64:amd64 (1.7.7-11.1ubuntu2) ...
shell	Install test-only browser tooling	2026-10-04T15:31:59.7684866Z Setting up libspandsp2t64:amd64 (0.0.6+dfsg-2.1build1) ...
shell	Install test-only browser tooling	2026-10-04T15:31:59.7702681Z Setting up libvidstab1.1:amd64 (1.1.0-2build1) ...
shell	Install test-only browser tooling	2026-10-04T15:31:59.7719436Z Setting up libvpx9:amd64 (1.14.0-1ubuntu2.3) ...
shell	Install test-only browser tooling	2026-10-04T15:31:59.7737183Z Setting up libsrt1.5-gnutls:amd64 (1.5.3-1build2) ...
shell	Install test-only browser tooling	2026-10-04T15:31:59.7757518Z Setting up libtag1v5:amd64 (1.13.1-1build1) ...
shell	Install test-only browser tooling	2026-10-04T15:31:59.7776063Z Setting up libflite1:amd64 (2.2-6build3) ...
shell	Install test-only browser tooling	2026-10-04T15:31:59.7793557Z Setting up libdav1d7:amd64 (1.4.1-1build1) ...
shell	Install test-only browser tooling	2026-10-04T15:31:59.7812220Z Setting up libva-drm2:amd64 (2.20.0-2ubuntu0.2) ...
shell	Install test-only browser tooling	2026-10-04T15:31:59.7830710Z Setting up fonts-ipafont-gothic (00303-21ubuntu1) ...
shell	Install test-only browser tooling	2026-10-04T15:31:59.7899989Z update-alternatives: using /usr/share/fonts/opentype/ipafont-gothic/ipag.ttf to provide /usr/share/fonts/truetype/fonts-japanese-gothic.ttf (fonts-japanese-gothic.ttf) in auto mode
shell	Install test-only browser tooling	2026-10-04T15:31:59.7926898Z Setting up ocl-icd-libopencl1:amd64 (2.3.2-1build1) ...
shell	Install test-only browser tooling	2026-10-04T15:31:59.7946100Z Setting up libasyncns0:amd64 (0.8-6build4) ...
shell	Install test-only browser tooling	2026-10-04T15:31:59.7963969Z Setting up libwildmidi2:amd64 (0.4.3-1build3) ...
shell	Install test-only browser tooling	2026-10-04T15:31:59.7982270Z Setting up libvdpau1:amd64 (1.5-2build1) ...
shell	Install test-only browser tooling	2026-10-04T15:31:59.8006275Z Setting up libwavpack1:amd64 (5.6.0-1build1) ...
shell	Install test-only browser tooling	2026-10-04T15:31:59.8023839Z Setting up libbs2b0:amd64 (3.1.0+dfsg-7build1) ...
shell	Install test-only browser tooling	2026-10-04T15:31:59.8040890Z Setting up libtheora0:amd64 (1.1.1+dfsg.1-16.1build3) ...
shell	Install test-only browser tooling	2026-10-04T15:31:59.8057532Z Setting up libegl1:amd64 (1.7.0-1build1) ...
shell	Install test-only browser tooling	2026-10-04T15:31:59.8088592Z Setting up libdecor-0-0:amd64 (0.2.2-1build2) ...
shell	Install test-only browser tooling	2026-10-04T15:31:59.8108557Z Setting up libdca0:amd64 (0.0.7-2build1) ...
shell	Install test-only browser tooling	2026-10-04T15:31:59.8124896Z Setting up libzimg2:amd64 (3.0.5+ds1-1build1) ...
shell	Install test-only browser tooling	2026-10-04T15:31:59.8141626Z Setting up libopenal-data (1:1.23.1-4build1) ...
shell	Install test-only browser tooling	2026-10-04T15:31:59.8164566Z Setting up libevent-core-2.1-7t64:amd64 (2.1.12-stable-9ubuntu2.2) ...
shell	Install test-only browser tooling	2026-10-04T15:31:59.8181154Z Setting up libabsl20220623t64:amd64 (20220623.1-3.1ubuntu3.2) ...
shell	Install test-only browser tooling	2026-10-04T15:31:59.8198551Z Setting up libflac12t64:amd64 (1.4.3+ds-2.1ubuntu2) ...
shell	Install test-only browser tooling	2026-10-04T15:31:59.8214970Z Setting up libgtk-4-common (4.14.5+ds-0ubuntu0.10) ...
shell	Install test-only browser tooling	2026-10-04T15:31:59.8233809Z Setting up libmpeg2encpp-2.1-0t64:amd64 (1:2.1.0+debian-8.1build1) ...
shell	Install test-only browser tooling	2026-10-04T15:31:59.8254643Z Setting up glib-networking-common (2.80.0-1build1) ...
shell	Install test-only browser tooling	2026-10-04T15:31:59.8272564Z Setting up libmfx1:amd64 (22.5.4-1) ...
shell	Install test-only browser tooling	2026-10-04T15:31:59.8291007Z Setting up libbluray2:amd64 (1:1.3.4-1build1) ...
shell	Install test-only browser tooling	2026-10-04T15:31:59.8309353Z Setting up libde265-0:amd64 (1.0.15-1ubuntu0.1) ...
shell	Install test-only browser tooling	2026-10-04T15:31:59.8327125Z Setting up libsamplerate0:amd64 (0.2.2-4build1) ...
shell	Install test-only browser tooling	2026-10-04T15:31:59.8344420Z Setting up timgm6mb-soundfont (1.3-5) ...
shell	Install test-only browser tooling	2026-10-04T15:31:59.8426970Z update-alternatives: using /usr/share/sounds/sf2/TimGM6mb.sf2 to provide /usr/share/sounds/sf2/default-GM.sf2 (default-GM.sf2) in auto mode
shell	Install test-only browser tooling	2026-10-04T15:31:59.8470721Z update-alternatives: using /usr/share/sounds/sf2/TimGM6mb.sf2 to provide /usr/share/sounds/sf3/default-GM.sf3 (default-GM.sf3) in auto mode
shell	Install test-only browser tooling	2026-10-04T15:31:59.8485975Z Setting up libva-x11-2:amd64 (2.20.0-2ubuntu0.2) ...
shell	Install test-only browser tooling	2026-10-04T15:31:59.8504841Z Setting up libyuv0:amd64 (0.0~git202401110.af6ac82-1) ...
shell	Install test-only browser tooling	2026-10-04T15:31:59.8522108Z Setting up libmplex2-2.1-0t64:amd64 (1:2.1.0+debian-8.1build1) ...
shell	Install test-only browser tooling	2026-10-04T15:31:59.8540799Z Setting up libpipewire-0.3-0t64:amd64 (1.0.5-1ubuntu3.3) ...
shell	Install test-only browser tooling	2026-10-04T15:31:59.8558680Z Setting up libopenmpt0t64:amd64 (0.7.3-1.1build3) ...
shell	Install test-only browser tooling	2026-10-04T15:31:59.8575786Z Setting up libzvbi-common (0.2.42-2) ...
shell	Install test-only browser tooling	2026-10-04T15:31:59.8593875Z Setting up libsecret-common (0.21.4-1build3) ...
shell	Install test-only browser tooling	2026-10-04T15:31:59.8611151Z Setting up libmp3lame0:amd64 (3.100-6build1) ...
shell	Install test-only browser tooling	2026-10-04T15:31:59.8627910Z Setting up libgraphene-1.0-0:amd64 (1.10.8-3build2) ...
shell	Install test-only browser tooling	2026-10-04T15:31:59.8645559Z Setting up libvorbisenc2:amd64 (1.3.7-1build3) ...
shell	Install test-only browser tooling	2026-10-04T15:31:59.8663885Z Setting up libdvdnav4:amd64 (6.1.1-3build1) ...
shell	Install test-only browser tooling	2026-10-04T15:31:59.8681107Z Setting up fonts-unifont (1:15.1.01-1build1) ...
shell	Install test-only browser tooling	2026-10-04T15:31:59.8701262Z Setting up libaa1:amd64 (1.4p5-51.1) ...
shell	Install test-only browser tooling	2026-10-04T15:31:59.8720037Z Setting up libiec61883-0:amd64 (1.2.0-6build1) ...
shell	Install test-only browser tooling	2026-10-04T15:31:59.8737849Z Setting up libserd-0-0:amd64 (0.32.2-1) ...
shell	Install test-only browser tooling	2026-10-04T15:31:59.8756052Z Setting up libavc1394-0:amd64 (0.5.4-5build3) ...
shell	Install test-only browser tooling	2026-10-04T15:31:59.8772991Z Setting up gsettings-desktop-schemas (46.1-0ubuntu1) ...
shell	Install test-only browser tooling	2026-10-04T15:31:59.8790045Z Setting up glib-networking-services (2.80.0-1build1) ...
shell	Install test-only browser tooling	2026-10-04T15:31:59.8808635Z Setting up liblapack3:amd64 (3.12.0-3build1.1) ...
shell	Install test-only browser tooling	2026-10-04T15:31:59.8868100Z update-alternatives: using /usr/lib/x86_64-linux-gnu/lapack/liblapack.so.3 to provide /usr/lib/x86_64-linux-gnu/liblapack.so.3 (liblapack.so.3-x86_64-linux-gnu) in auto mode
shell	Install test-only browser tooling	2026-10-04T15:31:59.8883535Z Setting up libglx-mesa0:amd64 (25.2.8-0ubuntu0.24.04.4) ...
shell	Install test-only browser tooling	2026-10-04T15:31:59.8902146Z Setting up libzvbi0t64:amd64 (0.2.42-2) ...
shell	Install test-only browser tooling	2026-10-04T15:31:59.8920511Z Setting up libevent-pthreads-2.1-7t64:amd64 (2.1.12-stable-9ubuntu2.2) ...
shell	Install test-only browser tooling	2026-10-04T15:31:59.8938179Z Setting up liblrdf0:amd64 (0.6.1-4build1) ...
shell	Install test-only browser tooling	2026-10-04T15:31:59.8958078Z Setting up libzbar0t64:amd64 (0.23.93-4build3) ...
shell	Install test-only browser tooling	2026-10-04T15:31:59.8976326Z Setting up libgstreamer-plugins-base1.0-0:amd64 (1.24.2-1ubuntu0.5) ...
shell	Install test-only browser tooling	2026-10-04T15:31:59.8993898Z Setting up libavutil58:amd64 (7:6.1.1-3ubuntu5) ...
shell	Install test-only browser tooling	2026-10-04T15:31:59.9012969Z Setting up libopenal1:amd64 (1:1.23.1-4build1) ...
shell	Install test-only browser tooling	2026-10-04T15:31:59.9035256Z Setting up xfonts-utils (1:7.7+6build3) ...
shell	Install test-only browser tooling	2026-10-04T15:31:59.9078405Z Setting up libsecret-1-0:amd64 (0.21.4-1build3) ...
shell	Install test-only browser tooling	2026-10-04T15:31:59.9098403Z Setting up libgstreamer-plugins-good1.0-0:amd64 (1.24.2-1ubuntu1.8) ...
shell	Install test-only browser tooling	2026-10-04T15:31:59.9117599Z Setting up libgstreamer-gl1.0-0:amd64 (1.24.2-1ubuntu0.5) ...
shell	Install test-only browser tooling	2026-10-04T15:31:59.9136801Z Setting up gstreamer1.0-plugins-base:amd64 (1.24.2-1ubuntu0.5) ...
shell	Install test-only browser tooling	2026-10-04T15:31:59.9156273Z Setting up libass9:amd64 (1:0.17.1-2build1) ...
shell	Install test-only browser tooling	2026-10-04T15:31:59.9178957Z Setting up libswresample4:amd64 (7:6.1.1-3ubuntu5) ...
shell	Install test-only browser tooling	2026-10-04T15:31:59.9199136Z Setting up libopenexr-3-1-30:amd64 (3.1.5-5.1build3) ...
shell	Install test-only browser tooling	2026-10-04T15:31:59.9217739Z Setting up libshout3:amd64 (2.4.6-1build2) ...
shell	Install test-only browser tooling	2026-10-04T15:31:59.9236608Z Setting up libgav1-1:amd64 (0.18.0-1build3) ...
shell	Install test-only browser tooling	2026-10-04T15:31:59.9256289Z Setting up libavcodec60:amd64 (7:6.1.1-3ubuntu5) ...
shell	Install test-only browser tooling	2026-10-04T15:31:59.9275881Z Setting up librubberband2:amd64 (3.3.0+dfsg-2build1) ...
shell	Install test-only browser tooling	2026-10-04T15:31:59.9294514Z Setting up libjack-jackd2-0:amd64 (1.9.21~dfsg-3ubuntu3) ...
shell	Install test-only browser tooling	2026-10-04T15:31:59.9312395Z Setting up libsord-0-0:amd64 (0.16.16-2build1) ...
shell	Install test-only browser tooling	2026-10-04T15:31:59.9331829Z Setting up xfonts-cyrillic (1:1.0.5+nmu1) ...
shell	Install test-only browser tooling	2026-10-04T15:31:59.9628792Z Setting up libpostproc57:amd64 (7:6.1.1-3ubuntu5) ...
shell	Install test-only browser tooling	2026-10-04T15:31:59.9652240Z Setting up libsratom-0-0:amd64 (0.6.16-1build1) ...
shell	Install test-only browser tooling	2026-10-04T15:31:59.9671367Z Setting up libsndfile1:amd64 (1.2.2-1ubuntu5.24.04.1) ...
shell	Install test-only browser tooling	2026-10-04T15:31:59.9690341Z Setting up liblilv-0-0:amd64 (0.24.22-1build1) ...
shell	Install test-only browser tooling	2026-10-04T15:31:59.9937433Z Setting up libinstpatch-1.0-2:amd64 (1.1.6-1build2) ...
shell	Install test-only browser tooling	2026-10-04T15:31:59.9955681Z Setting up xfonts-scalable (1:1.0.3-1.3) ...
shell	Install test-only browser tooling	2026-10-04T15:32:00.0239784Z Setting up libswscale7:amd64 (7:6.1.1-3ubuntu5) ...
shell	Install test-only browser tooling	2026-10-04T15:32:00.0257624Z Setting up libavif16:amd64 (1.0.4-1ubuntu3) ...
shell	Install test-only browser tooling	2026-10-04T15:32:00.0274849Z Setting up libpulse0:amd64 (1:16.1+dfsg1-2ubuntu10.1) ...
shell	Install test-only browser tooling	2026-10-04T15:32:00.0344064Z Setting up libavformat60:amd64 (7:6.1.1-3ubuntu5) ...
shell	Install test-only browser tooling	2026-10-04T15:32:00.0361648Z Setting up libsphinxbase3t64:amd64 (0.8+5prealpha+1-17build2) ...
shell	Install test-only browser tooling	2026-10-04T15:32:00.0378920Z Setting up libsdl2-2.0-0:amd64 (2.30.0+dfsg-1ubuntu3.1) ...
shell	Install test-only browser tooling	2026-10-04T15:32:00.0395959Z Setting up libfluidsynth3:amd64 (2.3.4-1build3) ...
shell	Install test-only browser tooling	2026-10-04T15:32:00.0412793Z Setting up libpocketsphinx3:amd64 (0.8.0+real5prealpha+1-15ubuntu5) ...
shell	Install test-only browser tooling	2026-10-04T15:32:00.0429932Z Setting up libavfilter9:amd64 (7:6.1.1-3ubuntu5) ...
shell	Install test-only browser tooling	2026-10-04T15:32:00.0448676Z Setting up gstreamer1.0-libav:amd64 (1.24.1-1build1) ...
shell	Install test-only browser tooling	2026-10-04T15:32:00.0769050Z Processing triggers for fontconfig (2.15.0-1.1ubuntu2) ...
shell	Install test-only browser tooling	2026-10-04T15:32:00.1669281Z Processing triggers for libc-bin (2.39-0ubuntu8.9) ...
shell	Install test-only browser tooling	2026-10-04T15:32:00.2173403Z Processing triggers for man-db (2.12.0-4build2) ...
shell	Install test-only browser tooling	2026-10-04T15:32:00.2197575Z Not building database; man-db/auto-update is not 'true'.
shell	Install test-only browser tooling	2026-10-04T15:32:00.2223699Z Processing triggers for libglib2.0-0t64:amd64 (2.80.0-6ubuntu3.9) ...
shell	Install test-only browser tooling	2026-10-04T15:32:00.2595015Z Setting up libgtk-4-1:amd64 (4.14.5+ds-0ubuntu0.10) ...
shell	Install test-only browser tooling	2026-10-04T15:32:00.3672889Z Setting up glib-networking:amd64 (2.80.0-1build1) ...
shell	Install test-only browser tooling	2026-10-04T15:32:00.3710131Z Setting up libsoup-3.0-0:amd64 (3.4.4-5ubuntu0.8) ...
shell	Install test-only browser tooling	2026-10-04T15:32:00.3739148Z Setting up libgssdp-1.6-0:amd64 (1.6.3-1build3) ...
shell	Install test-only browser tooling	2026-10-04T15:32:00.3814718Z Setting up gstreamer1.0-plugins-good:amd64 (1.24.2-1ubuntu1.8) ...
shell	Install test-only browser tooling	2026-10-04T15:32:00.3839290Z Setting up libgupnp-1.6-0:amd64 (1.6.6-1build3) ...
shell	Install test-only browser tooling	2026-10-04T15:32:00.3903629Z Setting up libgupnp-igd-1.6-0:amd64 (1.6.0-3build3) ...
shell	Install test-only browser tooling	2026-10-04T15:32:00.3941030Z Setting up libnice10:amd64 (0.1.21-2build3) ...
shell	Install test-only browser tooling	2026-10-04T15:32:00.3991520Z Setting up libgstreamer-plugins-bad1.0-0:amd64 (1.24.2-1ubuntu4) ...
shell	Install test-only browser tooling	2026-10-04T15:32:00.4032246Z Setting up gstreamer1.0-plugins-bad:amd64 (1.24.2-1ubuntu4) ...
shell	Install test-only browser tooling	2026-10-04T15:32:00.4054167Z Processing triggers for libc-bin (2.39-0ubuntu8.9) ...
shell	Install test-only browser tooling	2026-10-04T15:32:01.0800858Z 
shell	Install test-only browser tooling	2026-10-04T15:32:01.0801893Z Running kernel seems to be up-to-date.
shell	Install test-only browser tooling	2026-10-04T15:32:01.0802478Z 
shell	Install test-only browser tooling	2026-10-04T15:32:01.0802832Z No services need to be restarted.
shell	Install test-only browser tooling	2026-10-04T15:32:01.0803263Z 
shell	Install test-only browser tooling	2026-10-04T15:32:01.0803593Z No containers need to be restarted.
shell	Install test-only browser tooling	2026-10-04T15:32:01.0803938Z 
shell	Install test-only browser tooling	2026-10-04T15:32:01.0804246Z No user sessions are running outdated binaries.
shell	Install test-only browser tooling	2026-10-04T15:32:01.0804992Z 
shell	Install test-only browser tooling	2026-10-04T15:32:01.0805488Z No VM guests are running outdated hypervisor (qemu) binaries on this host.
shell	Install test-only browser tooling	2026-10-04T15:32:02.0820365Z Downloading Chromium 134.0.6998.35 (playwright build v1161) from https://cdn.playwright.dev/dbazure/download/playwright/builds/chromium/1161/chromium-linux.zip
shell	Install test-only browser tooling	2026-10-04T15:32:02.4435459Z |                                                                                |   0% of 164.9 MiB
shell	Install test-only browser tooling	2026-10-04T15:32:02.5696835Z |■■■■■■■■                                                                        |  10% of 164.9 MiB
shell	Install test-only browser tooling	2026-10-04T15:32:02.6753080Z |■■■■■■■■■■■■■■■■                                                                |  20% of 164.9 MiB
shell	Install test-only browser tooling	2026-10-04T15:32:02.8548857Z |■■■■■■■■■■■■■■■■■■■■■■■■                                                        |  30% of 164.9 MiB
shell	Install test-only browser tooling	2026-10-04T15:32:02.9565211Z |■■■■■■■■■■■■■■■■■■■■■■■■■■■■■■■■                                                |  40% of 164.9 MiB
shell	Install test-only browser tooling	2026-10-04T15:32:03.0898796Z |■■■■■■■■■■■■■■■■■■■■■■■■■■■■■■■■■■■■■■■■                                        |  50% of 164.9 MiB
shell	Install test-only browser tooling	2026-10-04T15:32:03.2452994Z |■■■■■■■■■■■■■■■■■■■■■■■■■■■■■■■■■■■■■■■■■■■■■■■■                                |  60% of 164.9 MiB
shell	Install test-only browser tooling	2026-10-04T15:32:03.3991022Z |■■■■■■■■■■■■■■■■■■■■■■■■■■■■■■■■■■■■■■■■■■■■■■■■■■■■■■■■                        |  70% of 164.9 MiB
shell	Install test-only browser tooling	2026-10-04T15:32:03.5003222Z |■■■■■■■■■■■■■■■■■■■■■■■■■■■■■■■■■■■■■■■■■■■■■■■■■■■■■■■■■■■■■■■■                |  80% of 164.9 MiB
shell	Install test-only browser tooling	2026-10-04T15:32:03.6174098Z |■■■■■■■■■■■■■■■■■■■■■■■■■■■■■■■■■■■■■■■■■■■■■■■■■■■■■■■■■■■■■■■■■■■■■■■■        |  90% of 164.9 MiB
shell	Install test-only browser tooling	2026-10-04T15:32:03.7102485Z |■■■■■■■■■■■■■■■■■■■■■■■■■■■■■■■■■■■■■■■■■■■■■■■■■■■■■■■■■■■■■■■■■■■■■■■■■■■■■■■■| 100% of 164.9 MiB
shell	Install test-only browser tooling	2026-10-04T15:32:06.9479496Z Chromium 134.0.6998.35 (playwright build v1161) downloaded to /home/runner/.cache/ms-playwright/chromium-1161
shell	Install test-only browser tooling	2026-10-04T15:32:06.9481639Z Downloading FFMPEG playwright build v1011 from https://cdn.playwright.dev/dbazure/download/playwright/builds/ffmpeg/1011/ffmpeg-linux.zip
shell	Install test-only browser tooling	2026-10-04T15:32:07.0999128Z |                                                                                |   0% of 2.3 MiB
shell	Install test-only browser tooling	2026-10-04T15:32:07.1055317Z |■■■■■■■■                                                                        |  10% of 2.3 MiB
shell	Install test-only browser tooling	2026-10-04T15:32:07.1087057Z |■■■■■■■■■■■■■■■■                                                                |  20% of 2.3 MiB
shell	Install test-only browser tooling	2026-10-04T15:32:07.1111638Z |■■■■■■■■■■■■■■■■■■■■■■■■                                                        |  30% of 2.3 MiB
shell	Install test-only browser tooling	2026-10-04T15:32:07.1126424Z |■■■■■■■■■■■■■■■■■■■■■■■■■■■■■■■■                                                |  40% of 2.3 MiB
shell	Install test-only browser tooling	2026-10-04T15:32:07.1156977Z |■■■■■■■■■■■■■■■■■■■■■■■■■■■■■■■■■■■■■■■■                                        |  50% of 2.3 MiB
shell	Install test-only browser tooling	2026-10-04T15:32:07.1166002Z |■■■■■■■■■■■■■■■■■■■■■■■■■■■■■■■■■■■■■■■■■■■■■■■■                                |  60% of 2.3 MiB
shell	Install test-only browser tooling	2026-10-04T15:32:07.1188649Z |■■■■■■■■■■■■■■■■■■■■■■■■■■■■■■■■■■■■■■■■■■■■■■■■■■■■■■■■                        |  70% of 2.3 MiB
shell	Install test-only browser tooling	2026-10-04T15:32:07.1213001Z |■■■■■■■■■■■■■■■■■■■■■■■■■■■■■■■■■■■■■■■■■■■■■■■■■■■■■■■■■■■■■■■■                |  80% of 2.3 MiB
shell	Install test-only browser tooling	2026-10-04T15:32:07.1231527Z |■■■■■■■■■■■■■■■■■■■■■■■■■■■■■■■■■■■■■■■■■■■■■■■■■■■■■■■■■■■■■■■■■■■■■■■■        |  90% of 2.3 MiB
shell	Install test-only browser tooling	2026-10-04T15:32:07.1246008Z |■■■■■■■■■■■■■■■■■■■■■■■■■■■■■■■■■■■■■■■■■■■■■■■■■■■■■■■■■■■■■■■■■■■■■■■■■■■■■■■■| 100% of 2.3 MiB
shell	Install test-only browser tooling	2026-10-04T15:32:07.1855062Z FFMPEG playwright build v1011 downloaded to /home/runner/.cache/ms-playwright/ffmpeg-1011
shell	Install test-only browser tooling	2026-10-04T15:32:07.1857570Z Downloading Chromium Headless Shell 134.0.6998.35 (playwright build v1161) from https://cdn.playwright.dev/dbazure/download/playwright/builds/chromium/1161/chromium-headless-shell-linux.zip
shell	Install test-only browser tooling	2026-10-04T15:32:07.3277385Z |                                                                                |   0% of 100.9 MiB
shell	Install test-only browser tooling	2026-10-04T15:32:07.4194252Z |■■■■■■■■                                                                        |  10% of 100.9 MiB
shell	Install test-only browser tooling	2026-10-04T15:32:07.4931019Z |■■■■■■■■■■■■■■■■                                                                |  20% of 100.9 MiB
shell	Install test-only browser tooling	2026-10-04T15:32:07.5562462Z |■■■■■■■■■■■■■■■■■■■■■■■■                                                        |  30% of 100.9 MiB
shell	Install test-only browser tooling	2026-10-04T15:32:07.6325159Z |■■■■■■■■■■■■■■■■■■■■■■■■■■■■■■■■                                                |  40% of 100.9 MiB
shell	Install test-only browser tooling	2026-10-04T15:32:07.7027935Z |■■■■■■■■■■■■■■■■■■■■■■■■■■■■■■■■■■■■■■■■                                        |  50% of 100.9 MiB
shell	Install test-only browser tooling	2026-10-04T15:32:07.7478472Z |■■■■■■■■■■■■■■■■■■■■■■■■■■■■■■■■■■■■■■■■■■■■■■■■                                |  60% of 100.9 MiB
shell	Install test-only browser tooling	2026-10-04T15:32:07.8092437Z |■■■■■■■■■■■■■■■■■■■■■■■■■■■■■■■■■■■■■■■■■■■■■■■■■■■■■■■■                        |  70% of 100.9 MiB
shell	Install test-only browser tooling	2026-10-04T15:32:07.8617311Z |■■■■■■■■■■■■■■■■■■■■■■■■■■■■■■■■■■■■■■■■■■■■■■■■■■■■■■■■■■■■■■■■                |  80% of 100.9 MiB
shell	Install test-only browser tooling	2026-10-04T15:32:07.9214888Z |■■■■■■■■■■■■■■■■■■■■■■■■■■■■■■■■■■■■■■■■■■■■■■■■■■■■■■■■■■■■■■■■■■■■■■■■        |  90% of 100.9 MiB
shell	Install test-only browser tooling	2026-10-04T15:32:07.9764148Z |■■■■■■■■■■■■■■■■■■■■■■■■■■■■■■■■■■■■■■■■■■■■■■■■■■■■■■■■■■■■■■■■■■■■■■■■■■■■■■■■| 100% of 100.9 MiB
shell	Install test-only browser tooling	2026-10-04T15:32:09.9064717Z Chromium Headless Shell 134.0.6998.35 (playwright build v1161) downloaded to /home/runner/.cache/ms-playwright/chromium_headless_shell-1161
shell	Install test-only browser tooling	2026-10-04T15:32:09.9066500Z Downloading Firefox 135.0 (playwright build v1475) from https://cdn.playwright.dev/dbazure/download/playwright/builds/firefox/1475/firefox-ubuntu-24.04.zip
shell	Install test-only browser tooling	2026-10-04T15:32:10.0468796Z |                                                                                |   0% of 90.6 MiB
shell	Install test-only browser tooling	2026-10-04T15:32:10.1446424Z |■■■■■■■■                                                                        |  10% of 90.6 MiB
shell	Install test-only browser tooling	2026-10-04T15:32:10.2803163Z |■■■■■■■■■■■■■■■■                                                                |  20% of 90.6 MiB
shell	Install test-only browser tooling	2026-10-04T15:32:10.3816336Z |■■■■■■■■■■■■■■■■■■■■■■■■                                                        |  30% of 90.6 MiB
shell	Install test-only browser tooling	2026-10-04T15:32:10.4733514Z |■■■■■■■■■■■■■■■■■■■■■■■■■■■■■■■■                                                |  40% of 90.6 MiB
shell	Install test-only browser tooling	2026-10-04T15:32:10.5567294Z |■■■■■■■■■■■■■■■■■■■■■■■■■■■■■■■■■■■■■■■■                                        |  50% of 90.6 MiB
shell	Install test-only browser tooling	2026-10-04T15:32:10.6199992Z |■■■■■■■■■■■■■■■■■■■■■■■■■■■■■■■■■■■■■■■■■■■■■■■■                                |  60% of 90.6 MiB
shell	Install test-only browser tooling	2026-10-04T15:32:10.6898913Z |■■■■■■■■■■■■■■■■■■■■■■■■■■■■■■■■■■■■■■■■■■■■■■■■■■■■■■■■                        |  70% of 90.6 MiB
shell	Install test-only browser tooling	2026-10-04T15:32:10.7856972Z |■■■■■■■■■■■■■■■■■■■■■■■■■■■■■■■■■■■■■■■■■■■■■■■■■■■■■■■■■■■■■■■■                |  80% of 90.6 MiB
shell	Install test-only browser tooling	2026-10-04T15:32:10.8925985Z |■■■■■■■■■■■■■■■■■■■■■■■■■■■■■■■■■■■■■■■■■■■■■■■■■■■■■■■■■■■■■■■■■■■■■■■■        |  90% of 90.6 MiB
shell	Install test-only browser tooling	2026-10-04T15:32:10.9331217Z |■■■■■■■■■■■■■■■■■■■■■■■■■■■■■■■■■■■■■■■■■■■■■■■■■■■■■■■■■■■■■■■■■■■■■■■■■■■■■■■■| 100% of 90.6 MiB
shell	Install test-only browser tooling	2026-10-04T15:32:12.5382057Z Firefox 135.0 (playwright build v1475) downloaded to /home/runner/.cache/ms-playwright/firefox-1475
shell	Install test-only browser tooling	2026-10-04T15:32:12.5384001Z Downloading Webkit 18.4 (playwright build v2140) from https://cdn.playwright.dev/dbazure/download/playwright/builds/webkit/2140/webkit-ubuntu-24.04.zip
shell	Install test-only browser tooling	2026-10-04T15:32:12.6775249Z |                                                                                |   0% of 92 MiB
shell	Install test-only browser tooling	2026-10-04T15:32:12.7624023Z |■■■■■■■■                                                                        |  10% of 92 MiB
shell	Install test-only browser tooling	2026-10-04T15:32:12.8377177Z |■■■■■■■■■■■■■■■■                                                                |  20% of 92 MiB
shell	Install test-only browser tooling	2026-10-04T15:32:12.9242339Z |■■■■■■■■■■■■■■■■■■■■■■■■                                                        |  30% of 92 MiB
shell	Install test-only browser tooling	2026-10-04T15:32:13.0021382Z |■■■■■■■■■■■■■■■■■■■■■■■■■■■■■■■■                                                |  40% of 92 MiB
shell	Install test-only browser tooling	2026-10-04T15:32:13.0806578Z |■■■■■■■■■■■■■■■■■■■■■■■■■■■■■■■■■■■■■■■■                                        |  50% of 92 MiB
shell	Install test-only browser tooling	2026-10-04T15:32:13.1277684Z |■■■■■■■■■■■■■■■■■■■■■■■■■■■■■■■■■■■■■■■■■■■■■■■■                                |  60% of 92 MiB
shell	Install test-only browser tooling	2026-10-04T15:32:13.1931965Z |■■■■■■■■■■■■■■■■■■■■■■■■■■■■■■■■■■■■■■■■■■■■■■■■■■■■■■■■                        |  70% of 92 MiB
shell	Install test-only browser tooling	2026-10-04T15:32:13.2605464Z |■■■■■■■■■■■■■■■■■■■■■■■■■■■■■■■■■■■■■■■■■■■■■■■■■■■■■■■■■■■■■■■■                |  80% of 92 MiB
shell	Install test-only browser tooling	2026-10-04T15:32:13.3165931Z |■■■■■■■■■■■■■■■■■■■■■■■■■■■■■■■■■■■■■■■■■■■■■■■■■■■■■■■■■■■■■■■■■■■■■■■■        |  90% of 92 MiB
shell	Install test-only browser tooling	2026-10-04T15:32:13.3831520Z |■■■■■■■■■■■■■■■■■■■■■■■■■■■■■■■■■■■■■■■■■■■■■■■■■■■■■■■■■■■■■■■■■■■■■■■■■■■■■■■■| 100% of 92 MiB
shell	Install test-only browser tooling	2026-10-04T15:32:15.0746644Z Webkit 18.4 (playwright build v2140) downloaded to /home/runner/.cache/ms-playwright/webkit-2140
shell	Exercise source, media, motion, layout and navigation	﻿2026-10-04T15:32:15.4637039Z ##[group]Run mkdir -p evidence/shell-v2
shell	Exercise source, media, motion, layout and navigation	2026-10-04T15:32:15.4637410Z [36;1mmkdir -p evidence/shell-v2[0m
shell	Exercise source, media, motion, layout and navigation	2026-10-04T15:32:15.4637753Z [36;1mgit rev-parse HEAD > evidence/shell-v2/commit.txt[0m
shell	Exercise source, media, motion, layout and navigation	2026-10-04T15:32:15.4638245Z [36;1mnpm run preview -- --host 127.0.0.1 --port 4173 > evidence/shell-v2/server.log 2>&1 &[0m
shell	Exercise source, media, motion, layout and navigation	2026-10-04T15:32:15.4638899Z [36;1mfor i in $(seq 1 40); do curl -fsS http://127.0.0.1:4173/shell.html >/dev/null && break; sleep 1; done[0m
shell	Exercise source, media, motion, layout and navigation	2026-10-04T15:32:15.4639427Z [36;1mpython tests/shell-v2-acceptance.py[0m
shell	Exercise source, media, motion, layout and navigation	2026-10-04T15:32:15.4702307Z shell: /usr/bin/bash -e {0}
shell	Exercise source, media, motion, layout and navigation	2026-10-04T15:32:15.4702575Z ##[endgroup]
shell	Exercise source, media, motion, layout and navigation	2026-10-04T15:32:15.4919569Z curl: (7) Failed to connect to 127.0.0.1 port 4173 after 0 ms: Couldn't connect to server
shell	Exercise source, media, motion, layout and navigation	2026-10-04T15:32:16.7409109Z PASS original-media-delivery-contract
shell	Exercise source, media, motion, layout and navigation	2026-10-04T15:32:19.2517248Z PASS chromium-layout-copy-home-320x740-motion
shell	Exercise source, media, motion, layout and navigation	2026-10-04T15:32:20.4061394Z PASS chromium-layout-copy-home-320x740-still
shell	Exercise source, media, motion, layout and navigation	2026-10-04T15:32:23.8054623Z PASS chromium-layout-copy-home-390x844-motion
shell	Exercise source, media, motion, layout and navigation	2026-10-04T15:32:26.2366593Z PASS chromium-layout-copy-home-390x844-still
shell	Exercise source, media, motion, layout and navigation	2026-10-04T15:32:29.7175490Z PASS chromium-layout-copy-home-768x1024-motion
shell	Exercise source, media, motion, layout and navigation	2026-10-04T15:32:31.9015594Z PASS chromium-layout-copy-home-768x1024-still
shell	Exercise source, media, motion, layout and navigation	2026-10-04T15:32:37.7983955Z PASS chromium-layout-copy-home-1440x900-motion
shell	Exercise source, media, motion, layout and navigation	2026-10-04T15:32:41.8486553Z PASS chromium-layout-copy-home-1440x900-still
shell	Exercise source, media, motion, layout and navigation	2026-10-04T15:32:46.2386492Z PASS chromium-layout-copy-home-2560x1080-motion
shell	Exercise source, media, motion, layout and navigation	2026-10-04T15:32:50.7493501Z PASS chromium-layout-copy-home-2560x1080-still
shell	Exercise source, media, motion, layout and navigation	2026-10-04T15:32:53.5850031Z PASS chromium-layout-copy-home-844x390-motion
shell	Exercise source, media, motion, layout and navigation	2026-10-04T15:32:54.9502119Z PASS chromium-layout-copy-home-844x390-still
shell	Exercise source, media, motion, layout and navigation	2026-10-04T15:32:59.3149961Z PASS hero-one-way-separation-and-reversal
shell	Exercise source, media, motion, layout and navigation	2026-10-04T15:33:00.1495707Z PASS live-os-preference
shell	Exercise source, media, motion, layout and navigation	2026-10-04T15:33:01.6364225Z PASS modal-focus-escape-links-history-and-route-focus
shell	Exercise source, media, motion, layout and navigation	2026-10-04T15:33:04.3334709Z PASS rapid-route-interruption-unknown-hash-and-static-route
shell	Exercise source, media, motion, layout and navigation	2026-10-04T15:33:05.2136721Z PASS mobile-menu-every-source-route-reachable
shell	Exercise source, media, motion, layout and navigation	2026-10-04T15:33:05.9520204Z PASS autoplay-refusal-keeps-readable-poster
shell	Exercise source, media, motion, layout and navigation	2026-10-04T15:33:08.4904183Z PASS firefox-layout-copy-home-390x844-still
shell	Exercise source, media, motion, layout and navigation	2026-10-04T15:33:09.9108182Z PASS firefox-layout-copy-home-1440x900-still
shell	Exercise source, media, motion, layout and navigation	2026-10-04T15:33:17.6604173Z PASS webkit-layout-copy-home-390x844-still
shell	Exercise source, media, motion, layout and navigation	2026-10-04T15:33:19.8795187Z PASS webkit-layout-copy-home-1440x900-still
shell	Exercise source, media, motion, layout and navigation	2026-10-04T15:33:19.9347974Z {"passed": 23, "failed": 0}
shell	Retain preview and evidence	﻿2026-10-04T15:33:19.9633546Z ##[group]Run actions/upload-artifact@v4
shell	Retain preview and evidence	2026-10-04T15:33:19.9633868Z with:
shell	Retain preview and evidence	2026-10-04T15:33:19.9634148Z   name: site-shell-v2-b71904f03b933158948c76bb053d53f3a0d28aa8
shell	Retain preview and evidence	2026-10-04T15:33:19.9634798Z   retention-days: 14
shell	Retain preview and evidence	2026-10-04T15:33:19.9635032Z   if-no-files-found: error
shell	Retain preview and evidence	2026-10-04T15:33:19.9635603Z   path: site/evidence/shell-v2/
shell	Retain preview and evidence	site/dist/
shell	Retain preview and evidence	site/src/shell/
shell	Retain preview and evidence	site/src/tokens.css
shell	Retain preview and evidence	site/tests/shell-v2-acceptance.py
shell	Retain preview and evidence	site/package-lock.json
shell	Retain preview and evidence	
shell	Retain preview and evidence	2026-10-04T15:33:19.9636215Z   compression-level: 6
shell	Retain preview and evidence	2026-10-04T15:33:19.9636438Z   overwrite: false
shell	Retain preview and evidence	2026-10-04T15:33:19.9636655Z   include-hidden-files: false
shell	Retain preview and evidence	2026-10-04T15:33:19.9636899Z ##[endgroup]
shell	Retain preview and evidence	2026-10-04T15:33:20.1401078Z (node:6725) [DEP0040] DeprecationWarning: The `punycode` module is deprecated. Please use a userland alternative instead.
shell	Retain preview and evidence	2026-10-04T15:33:20.1402622Z (Use `node --trace-deprecation ...` to show where the warning was created)
shell	Retain preview and evidence	2026-10-04T15:33:20.5224639Z Uploads are case insensitive: /home/runner/work/O-I/O-I/site/dist/essay/apoha.html was detected that it will be overwritten by another file with the same path
shell	Retain preview and evidence	2026-10-04T15:33:20.5227061Z Uploads are case insensitive: /home/runner/work/O-I/O-I/site/dist/essay/arche-topos.html was detected that it will be overwritten by another file with the same path
shell	Retain preview and evidence	2026-10-04T15:33:20.5230557Z Uploads are case insensitive: /home/runner/work/O-I/O-I/site/dist/essay/bimba-pratibimba.html was detected that it will be overwritten by another file with the same path
shell	Retain preview and evidence	2026-10-04T15:33:20.5234970Z Uploads are case insensitive: /home/runner/work/O-I/O-I/site/dist/essay/circumscription-without-circumstance.html was detected that it will be overwritten by another file with the same path
shell	Retain preview and evidence	2026-10-04T15:33:20.5242321Z Uploads are case insensitive: /home/runner/work/O-I/O-I/site/dist/essay/division-pluralisms.html was detected that it will be overwritten by another file with the same path
shell	Retain preview and evidence	2026-10-04T15:33:20.5246123Z Uploads are case insensitive: /home/runner/work/O-I/O-I/site/dist/essay/fusion.html was detected that it will be overwritten by another file with the same path
shell	Retain preview and evidence	2026-10-04T15:33:20.5250081Z Uploads are case insensitive: /home/runner/work/O-I/O-I/site/dist/essay/j-space.html was detected that it will be overwritten by another file with the same path
shell	Retain preview and evidence	2026-10-04T15:33:20.5253398Z Uploads are case insensitive: /home/runner/work/O-I/O-I/site/dist/essay/khahara.html was detected that it will be overwritten by another file with the same path
shell	Retain preview and evidence	2026-10-04T15:33:20.5257407Z Uploads are case insensitive: /home/runner/work/O-I/O-I/site/dist/essay/nirvikalpa.html was detected that it will be overwritten by another file with the same path
shell	Retain preview and evidence	2026-10-04T15:33:20.5263037Z Uploads are case insensitive: /home/runner/work/O-I/O-I/site/dist/essay/pramāṇa.html was detected that it will be overwritten by another file with the same path
shell	Retain preview and evidence	2026-10-04T15:33:20.5266381Z Uploads are case insensitive: /home/runner/work/O-I/O-I/site/dist/essay/projective-line.html was detected that it will be overwritten by another file with the same path
shell	Retain preview and evidence	2026-10-04T15:33:20.5269118Z Uploads are case insensitive: /home/runner/work/O-I/O-I/site/dist/essay/prompt-thrownness.html was detected that it will be overwritten by another file with the same path
shell	Retain preview and evidence	2026-10-04T15:33:20.5271884Z Uploads are case insensitive: /home/runner/work/O-I/O-I/site/dist/essay/psychoid-number.html was detected that it will be overwritten by another file with the same path
shell	Retain preview and evidence	2026-10-04T15:33:20.5276302Z Uploads are case insensitive: /home/runner/work/O-I/O-I/site/dist/essay/riemann-sphere.html was detected that it will be overwritten by another file with the same path
shell	Retain preview and evidence	2026-10-04T15:33:20.5279213Z Uploads are case insensitive: /home/runner/work/O-I/O-I/site/dist/essay/saṃkalpa.html was detected that it will be overwritten by another file with the same path
shell	Retain preview and evidence	2026-10-04T15:33:20.6560152Z Uploads are case insensitive: /home/runner/work/O-I/O-I/site/dist/essay/the-slash.html was detected that it will be overwritten by another file with the same path
shell	Retain preview and evidence	2026-10-04T15:33:20.6562973Z Uploads are case insensitive: /home/runner/work/O-I/O-I/site/dist/essay/vikalpa.html was detected that it will be overwritten by another file with the same path
shell	Retain preview and evidence	2026-10-04T15:33:20.6616508Z Multiple search paths detected. Calculating the least common ancestor of all paths
shell	Retain preview and evidence	2026-10-04T15:33:20.6619502Z The least common ancestor is /home/runner/work/O-I/O-I/site. This will be the root directory of the artifact
shell	Retain preview and evidence	2026-10-04T15:33:20.6620594Z With the provided path, there will be 2258 files uploaded
shell	Retain preview and evidence	2026-10-04T15:33:20.6627849Z Artifact name is valid!
shell	Retain preview and evidence	2026-10-04T15:33:20.6628490Z Root directory input is valid!
shell	Retain preview and evidence	2026-10-04T15:33:20.6672834Z ##[error]The path for one of the files in artifact is not valid: /dist/essay/4:2-Technè-—-Sovereign-Commons-Architecture.html. Contains the following character:  Colon :
shell	Retain preview and evidence	          
shell	Retain preview and evidence	Invalid characters include:  Double quote ", Colon :, Less than <, Greater than >, Vertical bar |, Asterisk *, Question mark ?, Carriage return \r, Line feed \n
shell	Retain preview and evidence	          
shell	Retain preview and evidence	The following characters are not allowed in files that are uploaded due to limitations with certain file systems such as NTFS. To maintain file system agnostic behavior, these characters are intentionally not allowed to prevent potential problems with downloads on different file systems.
shell	Retain preview and evidence	          
shell	Post Check out the exact current essay reading snapshot	﻿2026-10-04T15:33:20.6874863Z Post job cleanup.
shell	Post Check out the exact current essay reading snapshot	2026-10-04T15:33:20.7769887Z [command]/usr/bin/git version
shell	Post Check out the exact current essay reading snapshot	2026-10-04T15:33:20.7814704Z git version 2.55.0
shell	Post Check out the exact current essay reading snapshot	2026-10-04T15:33:20.7848424Z Copying '/home/runner/.gitconfig' to '/home/runner/work/_temp/5fd91580-240a-4e65-8e31-a8be84bd54f0/.gitconfig'
shell	Post Check out the exact current essay reading snapshot	2026-10-04T15:33:20.7859076Z Temporarily overriding HOME='/home/runner/work/_temp/5fd91580-240a-4e65-8e31-a8be84bd54f0' before making global git config changes
shell	Post Check out the exact current essay reading snapshot	2026-10-04T15:33:20.7860934Z Adding repository directory to the temporary git global config as a safe directory
shell	Post Check out the exact current essay reading snapshot	2026-10-04T15:33:20.7865939Z [command]/usr/bin/git config --global --add safe.directory /home/runner/work/O-I/O-I/.publication-sources/essay-reading
shell	Post Check out the exact current essay reading snapshot	2026-10-04T15:33:20.7908539Z [command]/usr/bin/git config --local --name-only --get-regexp core\.sshCommand
shell	Post Check out the exact current essay reading snapshot	2026-10-04T15:33:20.7945636Z [command]/usr/bin/git submodule foreach --recursive sh -c "git config --local --name-only --get-regexp 'core\.sshCommand' && git config --local --unset-all 'core.sshCommand' || :"
shell	Post Check out the exact current essay reading snapshot	2026-10-04T15:33:20.8231912Z [command]/usr/bin/git config --local --name-only --get-regexp http\.https\:\/\/github\.com\/\.extraheader
shell	Post Check out the exact current essay reading snapshot	2026-10-04T15:33:20.8274117Z [command]/usr/bin/git submodule foreach --recursive sh -c "git config --local --name-only --get-regexp 'http\.https\:\/\/github\.com\/\.extraheader' && git config --local --unset-all 'http.https://github.com/.extraheader' || :"
shell	Post Check out the exact current essay reading snapshot	2026-10-04T15:33:20.8558320Z [command]/usr/bin/git config --local --name-only --get-regexp ^includeIf\.gitdir:
shell	Post Check out the exact current essay reading snapshot	2026-10-04T15:33:20.8598979Z [command]/usr/bin/git submodule foreach --recursive git config --local --show-origin --name-only --get-regexp remote.origin.url
shell	Post Run actions/checkout@v4	﻿2026-10-04T15:33:20.9156814Z Post job cleanup.
shell	Post Run actions/checkout@v4	2026-10-04T15:33:21.0061814Z [command]/usr/bin/git version
shell	Post Run actions/checkout@v4	2026-10-04T15:33:21.0108239Z git version 2.55.0
shell	Post Run actions/checkout@v4	2026-10-04T15:33:21.0157380Z Copying '/home/runner/.gitconfig' to '/home/runner/work/_temp/9468add1-6439-4c7d-8020-a59af040cc6e/.gitconfig'
shell	Post Run actions/checkout@v4	2026-10-04T15:33:21.0159295Z Temporarily overriding HOME='/home/runner/work/_temp/9468add1-6439-4c7d-8020-a59af040cc6e' before making global git config changes
shell	Post Run actions/checkout@v4	2026-10-04T15:33:21.0160919Z Adding repository directory to the temporary git global config as a safe directory
shell	Post Run actions/checkout@v4	2026-10-04T15:33:21.0162251Z [command]/usr/bin/git config --global --add safe.directory /home/runner/work/O-I/O-I
shell	Post Run actions/checkout@v4	2026-10-04T15:33:21.0196899Z [command]/usr/bin/git config --local --name-only --get-regexp core\.sshCommand
shell	Post Run actions/checkout@v4	2026-10-04T15:33:21.0236091Z [command]/usr/bin/git submodule foreach --recursive sh -c "git config --local --name-only --get-regexp 'core\.sshCommand' && git config --local --unset-all 'core.sshCommand' || :"
shell	Post Run actions/checkout@v4	2026-10-04T15:33:21.0503712Z [command]/usr/bin/git config --local --name-only --get-regexp http\.https\:\/\/github\.com\/\.extraheader
shell	Post Run actions/checkout@v4	2026-10-04T15:33:21.0544925Z [command]/usr/bin/git submodule foreach --recursive sh -c "git config --local --name-only --get-regexp 'http\.https\:\/\/github\.com\/\.extraheader' && git config --local --unset-all 'http.https://github.com/.extraheader' || :"
shell	Post Run actions/checkout@v4	2026-10-04T15:33:21.0821782Z [command]/usr/bin/git config --local --name-only --get-regexp ^includeIf\.gitdir:
shell	Post Run actions/checkout@v4	2026-10-04T15:33:21.0866482Z [command]/usr/bin/git submodule foreach --recursive git config --local --show-origin --name-only --get-regexp remote.origin.url
shell	Complete job	﻿2026-10-04T15:33:21.1279989Z Cleaning up orphan processes
shell	Complete job	2026-10-04T15:33:21.1696684Z Terminate orphan process: pid (6125) (npm run preview --host 127.0.0.1 --port 4173)
shell	Complete job	2026-10-04T15:33:21.1734677Z Terminate orphan process: pid (6139) (sh)
shell	Complete job	2026-10-04T15:33:21.1758509Z Terminate orphan process: pid (6140) (node)
shell	Complete job	2026-10-04T15:33:21.1799354Z Terminate orphan process: pid (6148) (esbuild)
shell	Complete job	2026-10-04T15:33:21.1829259Z ##[warning]Node.js 20 is deprecated. The following actions target Node.js 20 but are being forced to run on Node.js 24: actions/checkout@v4, actions/setup-node@v4, actions/upload-artifact@v4. For more information see: https://github.blog/changelog/2025-09-19-deprecation-of-node-20-on-github-actions-runners/
